41.84,40.29,38.00,32.98,34.51,38.00,41.00,50.83,54.10,52.90,53.00,54.80,54.30,55.50,53.90,51.10,52.00,55.20,56.00,53.25,53.46,47.69,44.30,43.00,48.00,53.84,42.16,53.70,39.68,47.11,37.60,54.40,54.11,38.28,41.08,53.50,52.50,45.91,50.57
20.54,13.50,10.80,9.50,10.80,16.70,14.98,27.84,30.17,36.86,40.58,41.99,41.52,35.60,37.01,42.54,44.50,51.77,56.11,56.02,52.60,47.51,48.23,45.24,34.70,42.89,26.52,38.28,15.58,48.39,13.64,39.92,52.10,13.59,17.58,33.51,39.78,21.41,50.05
47.25,45.45,43.50,41.57,41.68,42.79,46.30,51.47,57.35,56.61,54.94,54.96,52.10,50.00,46.26,47.11,48.23,50.60,51.18,47.78,43.54,37.94,37.68,31.74,47.00,51.43,42.57,52.42,45.00,37.72,43.70,53.00,49.45,44.44,45.56,56.98,46.69,48.89,40.74
57.05,54.05,50.60,49.30,49.17,50.60,53.22,63.54,67.07,68.78,67.34,64.73,63.14,59.96,59.60,61.73,65.19,66.07,67.49,67.06,64.65,59.89,58.96,50.80,60.00,64.85,55.15,64.04,53.44,58.57,51.80,63.79,66.45,52.75,54.13,67.92,60.67,58.38,62.27
48.44,47.76,48.20,45.20,45.20,49.23,54.46,64.32,64.00,63.60,62.52,63.36,61.60,62.60,63.70,65.20,67.50,63.90,64.68,68.50,67.80,66.00,65.20,57.34,59.60,64.26,54.93,63.32,50.35,64.08,47.34,62.52,66.15,47.40,53.30,63.80,64.45,59.39,66.90
35.80,28.01,24.90,21.70,19.89,21.70,28.18,35.80,37.15,41.12,43.48,43.43,43.03,42.59,43.16,43.73,43.27,49.15,51.68,50.98,53.00,51.04,50.10,45.14,39.50,44.40,34.60,42.21,27.00,49.82,25.33,43.13,48.77,27.60,26.39,39.13,43.44,31.99,52.02
30.20,24.78,18.13,16.28,15.30,17.06,15.90,27.60,27.41,32.89,36.67,39.54,39.37,36.60,31.78,33.17,36.19,42.08,44.17,42.45,39.78,34.70,32.62,29.34,31.00,36.86,25.14,34.68,20.66,34.11,20.29,38.04,41.22,22.35,18.97,30.15,32.48,21.75,37.24
45.10,40.17,38.90,36.92,36.01,38.40,40.00,47.26,50.55,53.32,55.10,53.40,52.85,53.40,49.79,51.61,53.40,57.25,56.41,53.49,51.39,46.82,47.08,43.50,48.01,53.38,42.63,52.50,40.35,47.20,39.25,53.69,55.14,40.27,40.42,51.93,50.70,43.63,49.11
42.09,34.30,30.74,29.60,28.78,29.70,34.30,40.36,46.11,49.53,51.72,52.63,52.90,50.46,52.40,54.10,58.40,60.20,60.33,57.02,59.07,55.18,54.94,50.00,47.28,53.81,40.75,51.23,33.73,54.80,32.54,51.93,58.98,34.18,33.28,47.82,53.25,37.33,57.13
50.00,42.36,42.50,40.17,39.93,40.96,42.79,49.97,56.00,57.78,59.03,57.00,55.12,53.60,54.01,53.60,56.92,59.97,60.70,57.65,52.94,47.64,49.10,44.26,51.00,56.78,45.22,55.77,43.58,48.48,42.65,56.19,58.81,43.76,43.41,56.89,53.80,46.38,50.29
50.15,47.25,45.77,45.06,45.50,50.48,61.30,67.81,66.62,66.46,66.09,65.14,63.80,61.69,62.30,64.20,64.20,64.80,65.00,65.00,62.10,57.00,54.54,47.80,58.75,64.61,52.89,64.54,51.66,55.36,47.37,64.18,64.75,47.06,56.27,66.54,63.25,64.55,59.55
53.27,50.70,48.48,48.19,48.99,56.39,64.43,75.02,72.51,72.90,72.90,75.00,72.70,72.85,70.47,71.10,71.56,70.82,70.47,69.91,69.06,64.14,60.78,56.15,64.95,71.93,57.97,72.55,55.68,62.53,51.00,73.36,70.69,50.16,61.21,72.71,70.78,69.72,66.60
53.81,52.16,50.34,46.25,46.55,52.85,64.77,71.95,71.38,70.65,69.33,69.29,67.36,66.64,69.16,70.53,70.87,74.48,75.51,74.50,70.10,63.60,62.50,57.21,64.24,70.81,57.67,69.29,54.83,63.35,50.33,68.16,73.84,50.64,59.03,71.01,69.84,68.36,66.85
55.25,53.33,51.26,48.86,49.34,53.49,66.18,79.04,77.86,75.28,72.72,71.35,70.48,70.71,71.04,72.00,73.76,75.44,73.95,71.84,70.36,65.50,59.95,55.06,66.00,73.03,58.97,72.68,57.09,62.72,51.92,71.31,73.75,52.17,62.01,76.57,71.52,72.61,67.93
55.30,54.70,52.60,49.70,49.70,58.90,64.31,76.56,81.70,80.83,79.47,78.40,76.90,76.70,78.60,76.70,76.73,85.20,79.55,73.67,70.03,61.46,59.83,53.54,68.79,78.70,58.89,78.66,57.72,61.21,53.48,77.87,78.79,53.07,62.37,81.27,77.65,70.44,65.75
50.20,49.40,40.50,37.65,37.67,40.20,46.90,49.15,53.98,58.87,60.50,62.00,61.79,61.30,58.30,58.60,60.39,64.38,66.00,66.20,62.20,58.90,55.17,53.60,54.74,61.02,48.46,59.42,43.96,57.47,42.60,61.40,64.24,44.44,43.48,56.42,58.45,48.03,60.55
59.57,57.50,55.18,51.60,51.64,53.99,58.83,61.53,66.64,72.03,71.98,68.15,65.93,62.54,60.59,61.20,63.77,70.93,64.57,63.40,61.64,58.33,53.59,48.90,61.00,65.98,56.02,66.13,56.23,55.61,54.91,67.15,65.67,55.96,56.50,69.34,60.89,60.18,59.98
56.60,54.90,54.40,51.70,52.58,56.47,71.67,86.19,92.81,92.32,87.30,83.61,80.10,80.30,81.70,81.49,89.11,97.09,87.81,85.02,76.37,70.60,67.80,62.02,75.00,86.55,63.44,84.95,60.56,69.20,54.44,82.83,89.76,54.40,66.73,92.56,81.59,78.93,73.48
53.15,52.60,51.40,51.40,50.27,55.90,65.26,78.38,80.27,81.10,75.71,73.50,73.91,73.51,74.47,75.80,77.91,83.32,80.59,75.22,71.53,68.02,62.46,57.82,68.48,77.11,59.85,76.03,57.29,64.95,52.45,74.16,79.26,52.14,62.45,80.69,75.14,71.82,69.77
53.20,54.30,52.30,48.41,52.50,57.30,66.28,79.88,85.67,82.54,80.96,78.62,75.83,75.97,75.77,76.91,82.30,92.14,89.38,80.97,71.75,64.88,63.20,57.87,70.79,81.42,60.15,79.03,58.02,64.42,53.00,77.84,86.20,52.05,63.99,84.11,76.34,73.08,68.31
43.71,41.98,40.07,38.42,38.61,45.93,53.45,64.80,64.75,62.95,62.70,59.60,57.99,60.85,62.82,68.02,71.98,78.00,76.38,71.76,68.76,64.33,61.95,57.45,59.05,66.48,51.62,62.46,45.87,63.12,41.45,60.28,74.53,41.04,50.70,63.85,65.42,59.12,66.54
27.07,25.00,24.01,24.59,25.01,30.34,48.90,57.72,58.19,57.25,57.00,57.70,55.05,55.38,55.36,56.90,57.79,60.30,61.00,59.92,54.42,51.38,50.43,44.67,48.14,57.65,38.63,56.60,32.83,50.22,26.00,56.28,59.75,25.17,40.49,57.72,56.13,53.31,52.90
23.56,16.90,16.70,16.61,16.05,20.64,24.41,32.01,33.40,38.19,38.88,39.01,37.96,37.85,36.03,36.44,39.20,45.08,46.47,45.99,42.35,36.00,35.26,29.35,32.68,39.54,25.82,37.22,20.86,35.74,18.41,38.42,44.18,18.44,23.28,35.80,36.23,28.21,39.18
38.11,34.07,31.00,28.84,26.47,28.79,33.36,38.10,38.83,39.59,40.92,41.43,40.89,39.53,39.41,43.04,46.86,51.91,52.24,49.16,45.10,38.62,38.16,31.61,39.00,43.65,34.35,40.45,32.34,38.37,31.21,40.69,50.04,33.00,31.68,39.21,41.22,35.73,41.86
43.40,43.89,42.09,40.67,40.91,45.69,53.48,63.49,64.31,63.04,62.40,62.24,61.13,60.59,60.09,60.38,59.50,60.97,59.18,56.72,52.64,45.59,46.00,42.53,53.79,60.88,46.70,61.77,46.70,46.69,42.78,61.59,59.09,42.51,50.89,63.67,60.23,58.49,49.11
46.10,43.43,41.80,41.25,41.70,43.70,54.70,65.18,66.78,65.66,67.00,65.56,64.50,63.80,63.80,63.85,65.12,68.23,67.12,64.72,55.01,50.92,50.07,48.03,57.00,65.51,48.49,65.12,47.23,51.01,43.00,65.21,66.30,43.15,51.32,66.22,63.82,59.94,52.97
48.96,47.58,47.43,47.43,47.67,51.98,63.61,72.54,75.51,73.33,71.82,70.96,69.74,69.71,70.07,70.93,72.99,74.34,74.05,69.27,61.48,54.84,50.58,49.17,62.75,71.89,53.61,71.51,53.40,54.02,48.51,70.55,72.66,47.85,58.95,74.42,70.50,68.07,58.16
53.33,49.94,44.65,43.49,43.75,47.35,57.92,68.86,68.97,68.15,66.76,64.87,63.30,62.18,62.30,64.40,68.88,73.90,73.42,68.70,65.62,58.69,56.35,51.13,60.29,67.15,53.42,65.12,51.16,57.95,47.08,64.28,71.22,47.85,54.47,68.56,63.35,63.39,62.15
53.50,52.23,51.20,49.56,50.71,55.80,62.68,68.47,68.36,69.82,69.85,69.99,68.53,67.11,67.68,65.78,67.75,73.66,77.41,76.77,72.83,68.97,67.70,63.66,65.00,70.22,59.77,68.39,55.52,68.29,52.16,68.87,73.90,51.62,59.41,69.09,66.73,65.58,70.90
43.97,37.58,34.41,31.71,38.49,39.71,41.37,51.63,51.50,58.90,63.26,65.25,63.00,60.58,55.00,55.50,59.86,66.31,67.89,66.93,66.54,60.58,59.90,56.23,54.00,61.16,46.84,59.12,39.86,60.81,37.64,63.02,65.24,36.92,42.80,55.20,55.25,46.50,63.56
58.94,55.76,55.00,51.40,49.50,51.40,55.01,60.50,65.55,67.49,69.61,69.45,66.77,63.98,63.86,64.24,65.19,71.02,73.46,71.98,66.80,60.65,57.61,52.89,62.00,67.72,56.29,66.37,54.69,59.49,53.66,67.45,70.41,55.27,54.10,66.52,64.05,57.75,63.72
45.57,42.54,39.24,38.58,39.41,44.83,58.68,68.31,70.71,70.96,69.70,68.70,67.90,67.00,67.90,69.70,70.00,74.84,75.34,73.62,67.98,64.47,57.97,53.19,61.13,70.53,51.73,69.07,47.14,60.90,41.70,68.33,73.45,41.48,52.81,70.83,68.80,63.49,66.22
48.53,47.57,46.21,44.02,45.66,49.00,65.00,71.45,67.65,66.30,66.00,64.79,63.96,63.74,63.69,65.40,66.69,68.90,63.95,60.43,60.04,57.27,55.08,47.70,59.13,65.13,53.13,65.19,52.18,55.02,46.83,64.62,64.99,46.58,57.78,66.98,64.55,68.23,58.65
52.40,51.20,47.78,47.33,47.25,51.00,57.28,70.56,75.12,73.12,70.54,69.20,67.94,67.68,69.03,69.65,72.11,75.28,72.53,68.74,66.37,63.10,60.02,56.00,63.38,70.91,55.86,70.28,53.10,61.38,49.49,68.84,72.16,49.68,56.52,74.12,69.34,63.92,64.74
58.50,54.83,54.00,53.78,54.19,58.85,75.05,93.64,108.80,103.40,101.39,99.70,96.50,98.10,98.10,99.90,103.30,117.45,102.50,90.20,79.20,70.30,64.70,58.50,83.12,101.61,64.63,100.74,62.85,68.17,55.69,98.92,103.36,55.28,70.43,106.10,99.00,84.34,74.75
56.18,53.52,51.00,51.00,53.01,59.65,63.00,79.50,83.10,80.10,79.00,81.80,81.50,80.90,81.90,82.40,87.70,101.49,88.60,82.70,74.20,63.00,59.36,58.67,72.22,84.26,60.17,81.34,58.36,63.81,54.06,80.80,90.12,52.92,63.79,81.60,82.15,71.25,68.60
54.80,55.00,55.20,51.20,52.80,51.20,52.60,57.50,58.20,61.92,65.84,68.20,66.50,64.10,62.24,62.50,65.00,68.61,72.46,69.74,62.99,57.15,54.54,49.71,60.00,65.44,54.56,63.69,53.79,56.10,53.37,66.16,68.95,54.05,53.52,60.06,62.37,55.05,60.07
57.54,56.15,54.15,51.40,50.85,55.08,56.39,62.19,68.80,72.20,75.80,76.70,72.70,71.57,68.89,69.07,71.91,80.00,78.63,75.13,68.84,64.42,63.18,58.46,65.83,73.45,58.22,71.97,55.47,63.72,54.19,74.19,76.41,54.81,56.13,70.50,68.98,59.29,66.63
62.84,60.20,58.94,58.50,59.40,65.36,79.90,102.25,110.90,102.83,97.51,96.73,94.90,96.73,93.61,94.51,98.14,112.19,106.64,95.24,83.50,72.65,66.50,64.08,84.75,99.99,69.51,98.46,68.42,71.68,60.87,96.47,103.05,60.12,76.73,106.86,94.06,91.08,78.07
59.50,57.50,54.30,56.90,56.10,61.50,76.10,90.12,104.64,95.31,88.62,88.10,81.95,83.36,88.00,85.60,92.27,119.00,112.40,99.42,81.66,76.01,70.00,65.50,80.99,94.89,67.10,89.45,64.00,73.29,57.63,85.51,105.77,57.05,70.95,99.97,86.80,83.11,78.83
56.33,54.47,53.32,52.24,53.85,58.99,70.00,76.80,80.93,80.77,80.15,77.05,77.30,75.30,75.30,74.56,80.84,92.58,95.99,88.30,77.67,71.70,68.80,66.70,72.50,81.59,63.41,77.67,59.50,71.22,54.87,77.45,89.43,54.09,64.91,80.85,74.93,73.40,74.69
55.80,54.30,52.50,52.80,49.23,54.44,69.25,72.80,73.97,72.65,72.24,72.20,72.50,71.75,74.37,74.46,72.70,82.00,84.38,78.04,74.88,71.40,69.53,68.25,68.60,75.10,62.10,73.02,57.64,71.02,53.18,72.17,79.28,53.85,61.43,73.31,74.42,71.03,73.14
43.83,46.35,49.23,44.55,50.78,48.40,67.15,70.84,72.22,71.03,70.60,70.54,69.26,68.72,69.93,72.48,73.28,76.86,74.23,70.00,70.00,63.82,60.53,54.68,63.72,71.59,55.84,70.60,52.64,62.26,47.19,69.78,73.59,45.99,59.29,71.62,71.20,68.99,66.91
49.55,48.05,49.03,47.07,46.14,44.56,47.43,51.42,56.11,57.30,58.07,58.41,56.92,53.86,54.54,55.61,61.28,70.65,72.00,67.89,66.14,59.23,58.58,54.15,56.00,60.22,51.78,56.35,47.91,59.52,47.40,56.81,67.95,48.42,47.39,56.70,55.07,49.42,62.68
50.35,51.06,47.95,46.91,46.92,49.87,50.72,55.04,62.33,60.64,60.64,60.29,58.34,55.57,57.31,59.82,63.24,69.03,66.75,62.15,61.44,55.19,55.88,54.37,56.74,61.34,52.14,59.37,49.85,56.72,48.84,58.71,65.29,49.07,50.64,61.48,58.57,52.88,58.31
51.50,49.35,46.97,45.88,47.67,51.50,64.11,71.50,70.54,67.85,65.28,63.70,62.59,60.21,61.87,66.61,69.40,71.56,69.58,65.80,62.07,55.84,51.32,48.10,60.03,66.25,53.82,64.83,53.56,54.33,48.81,62.94,69.09,48.43,58.69,69.20,64.24,67.80,58.95
54.50,51.79,50.37,49.70,51.39,55.74,65.85,75.15,78.00,75.36,71.31,69.40,65.88,66.40,67.56,71.23,75.38,82.55,76.55,73.35,69.59,63.79,58.41,51.80,65.46,72.75,58.17,70.64,56.81,60.90,52.25,68.25,76.96,51.59,62.03,76.68,69.39,70.50,66.69
47.08,44.69,44.08,46.40,47.84,50.50,65.07,71.49,73.77,70.90,69.30,67.86,66.97,67.10,67.94,70.40,74.72,83.09,84.13,75.80,71.80,64.95,62.00,57.77,64.40,72.67,56.14,69.28,52.14,64.13,46.77,67.81,79.44,45.56,58.72,72.34,69.17,68.28,68.38
47.44,46.97,42.92,43.27,45.35,51.00,63.63,72.29,70.49,67.54,66.27,65.22,63.64,61.98,63.07,64.94,67.48,70.63,68.62,62.86,58.66,54.05,50.23,47.46,59.00,66.06,51.94,65.39,51.61,52.60,46.16,64.28,67.40,45.15,58.07,69.01,64.00,67.96,56.35
42.09,40.35,38.97,37.77,42.27,48.72,60.30,71.90,71.45,68.09,66.15,66.00,63.94,63.00,64.00,66.00,68.44,72.21,73.11,70.00,66.27,58.22,56.00,50.00,59.38,67.70,51.07,66.08,47.79,57.62,41.69,64.77,70.94,39.79,55.80,69.77,65.00,66.10,62.25
33.41,30.14,29.23,27.00,27.14,28.75,32.51,39.15,45.00,48.03,49.00,50.00,47.48,47.00,46.04,48.15,54.00,58.54,60.32,59.00,58.59,47.85,47.20,42.44,44.00,51.05,36.95,47.59,30.92,49.02,29.28,48.37,57.96,29.94,31.89,46.52,47.09,35.83,53.22
47.10,43.57,38.81,33.90,34.60,36.63,43.98,49.61,52.20,52.44,53.36,52.41,49.87,49.12,50.15,51.80,55.63,62.30,62.40,56.61,53.37,48.73,45.23,38.70,48.44,54.02,42.85,51.42,41.02,46.51,39.10,51.19,59.24,40.84,41.20,52.32,50.97,46.80,51.05
53.19,48.26,46.78,45.40,45.46,49.31,57.94,70.00,72.46,71.27,67.88,67.29,65.09,63.17,63.16,65.06,67.44,73.50,71.07,66.10,62.05,53.29,49.97,45.36,60.02,67.79,52.25,66.92,52.04,52.67,48.07,65.86,69.53,48.41,55.68,71.86,64.11,63.97,57.67
45.60,43.45,42.28,42.70,43.26,47.01,58.81,69.52,71.18,70.00,69.90,70.90,68.70,69.50,70.50,70.90,74.30,84.02,84.90,80.02,72.05,64.90,61.77,53.16,63.72,73.73,53.71,70.20,49.08,62.97,44.05,69.75,80.81,43.51,54.65,70.59,70.70,64.17,68.48
44.69,42.69,41.74,39.73,41.16,45.50,54.99,67.76,67.10,64.41,62.50,62.71,60.14,60.60,61.80,63.12,66.84,73.47,74.99,69.01,61.11,55.85,52.22,46.54,57.53,65.56,49.50,62.80,47.28,53.93,42.58,61.49,71.08,42.21,52.35,65.75,62.46,61.38,58.48
44.49,43.36,42.37,41.89,42.90,46.50,57.75,70.05,68.47,63.63,62.90,62.20,59.45,63.90,65.18,67.36,69.40,72.53,75.27,69.40,62.00,56.98,50.81,45.20,58.50,66.64,50.36,64.13,48.66,53.75,43.58,62.11,71.65,43.02,54.30,66.05,66.27,63.90,59.49
47.00,45.60,42.83,43.00,45.50,49.80,63.86,74.55,76.04,72.97,72.16,71.45,71.40,71.88,71.03,72.61,74.03,80.92,84.43,77.78,70.00,64.08,58.80,51.01,64.70,74.72,54.67,72.44,51.52,60.97,45.62,71.72,79.29,44.61,58.43,74.51,71.82,69.20,67.04
47.27,43.65,40.91,40.00,40.78,42.33,43.27,50.29,52.92,52.00,52.80,52.90,49.47,47.45,46.84,49.69,55.92,64.99,67.00,65.00,60.58,54.96,53.75,48.00,50.95,54.75,47.15,50.51,43.56,54.32,42.49,50.65,63.23,42.96,44.17,52.46,48.26,46.78,57.77
53.88,49.20,47.90,46.70,48.36,48.31,53.70,61.77,62.58,64.33,59.62,62.22,61.27,60.76,54.70,58.30,61.20,67.09,75.24,73.06,63.33,58.10,53.68,46.72,58.00,63.36,52.64,60.47,51.23,55.46,49.06,60.97,69.15,49.42,53.03,63.45,56.50,57.73,60.71
40.30,35.93,32.87,32.98,34.80,39.48,50.90,59.00,61.04,58.40,56.39,54.98,55.51,56.03,57.15,62.50,63.63,72.51,76.60,70.87,66.12,58.38,53.00,47.42,54.03,62.13,45.93,57.75,40.78,56.23,36.06,55.73,70.90,35.52,46.05,59.72,59.82,54.95,62.25
40.99,40.08,37.71,34.26,36.20,38.76,43.48,49.53,50.00,50.95,53.16,54.62,52.51,51.85,52.23,55.64,59.70,68.02,70.16,68.18,63.35,57.20,53.00,42.54,51.00,57.25,44.76,52.62,40.12,54.02,38.00,53.03,66.52,38.26,41.99,50.47,53.93,46.50,60.27
26.02,24.02,20.21,20.29,26.43,34.49,54.30,64.45,66.00,64.40,61.20,59.30,56.15,56.68,59.45,64.94,70.72,78.05,79.78,71.35,62.33,55.70,51.07,43.71,52.96,65.67,40.25,61.01,33.77,53.20,25.24,58.33,74.97,22.63,44.91,65.20,62.20,59.37,59.01
23.04,21.01,21.87,22.40,23.87,29.44,40.20,48.46,51.91,49.60,48.92,46.56,47.99,48.21,48.45,48.75,52.00,57.63,59.17,54.95,47.08,42.38,34.15,30.40,41.60,51.18,32.02,48.80,28.79,38.50,23.60,47.92,55.93,22.08,35.49,50.76,48.60,44.33,44.73
35.00,33.30,24.01,31.40,39.04,48.20,58.40,70.40,66.40,64.90,62.40,66.35,60.70,59.40,57.80,57.50,57.10,60.10,65.55,65.80,56.33,51.20,44.35,36.40,53.00,62.00,44.00,61.93,42.47,47.07,35.16,62.21,62.14,30.93,54.01,65.65,57.65,64.40,53.77
44.19,41.43,40.05 | 37.5,39.16,39.00,38.53,39.28,43.00,49.44,51.78,53.60,54.25,48.80,46.41,43.00,41.87,42.00,49.15,52.55,55.50,46.22,39.02,37.53,32.60,44.23,49.03,39.81,48.64,40.24,38.84,39.98,50.76,49.80,40.47,39.95,50.61,42.44,41.14,42.62
47.37,44.48,42.44,42.00,43.28,45.17,51.78,59.87,66.34,68.22,68.97,64.70,63.70,58.43,55.91,55.52,60.28,69.14,77.42,76.11,69.41,62.14,60.39,53.67,58.61,65.39,51.83,62.72,47.05,61.40,44.12,63.95,70.74,44.07,50.02,67.28,55.72,55.82,65.78
53.14,49.92,48.36,46.51,48.00,51.67,62.76,71.89,75.92,73.30,69.85,64.60,61.99,57.90,54.30,54.32,56.49,64.60,70.07,73.87,62.61,57.00,53.11,51.88,59.75,64.77,54.74,64.02,54.03,56.15,49.60,63.59,66.26,49.48,58.58,74.61,54.31,67.32,59.80
46.90,42.63,38.67,38.23,40.67,48.94,69.63,78.79,77.92,77.31,71.61,72.46,69.87,66.61,65.52,65.92,67.43,71.00,76.60,77.95,69.92,65.36,59.57,50.91,62.93,71.68,54.18,70.90,50.56,61.44,42.67,70.14,73.25,41.61,59.51,77.61,65.72,74.21,67.64
31.86,22.50,18.58,19.00,25.16,37.05,54.19,66.99,67.03,66.51,66.75,66.68,65.34,64.78,66.90,69.03,69.18,65.72,68.89,74.12,69.21,61.80,56.22,46.47,55.00,67.58,42.42,66.63,34.42,58.43,25.69,65.89,69.48,22.98,45.85,66.77,67.97,60.59,65.51
53.20,49.75,42.76,39.97,40.60,45.80,65.30,77.91,76.88,75.97,74.64,74.02,72.93,70.52,68.89,64.40,61.99,65.44,69.62,69.24,58.48,54.90,40.02,26.78,60.00,70.38,49.62,72.28,51.91,45.04,45.35,73.03,66.57,46.42,57.40,76.43,66.64,71.61,56.69
46.80,42.00,42.00,38.10,38.13,50.53,71.81,79.78,80.18,79.20,78.90,77.80,74.90,75.25,73.90,74.04,75.00,77.80,82.20,84.60,76.48,71.72,60.91,55.95,67.00,77.81,56.18,76.77,51.14,66.27,42.93,76.71,79.90,42.22,60.06,79.69,73.97,75.80,74.10
50.60,46.20,45.65,42.45,42.83,47.83,48.20,54.75,57.00,60.10,58.10,54.80,51.30,48.62,45.80,46.21,50.90,58.41,72.50,77.42,70.10,62.32,57.93,52.00,54.25,56.76,51.74,52.74,47.31,60.59,45.93,53.20,64.81,46.23,48.40,58.55,46.00,51.47,66.21
58.74,54.30,50.92,48.49,48.00,50.00,56.45,64.67,69.23,72.45,71.15,66.83,64.74,59.70,56.00,55.73,60.00,66.26,75.99,77.30,67.73,60.67,59.30,54.88,61.23,66.28,56.18,64.48,53.94,60.64,51.74,65.60,69.89,53.11,54.78,70.84,55.86,60.56,64.20
56.94,54.45,52.07,49.74,50.35,56.82,72.19,89.33,91.41,86.42,83.94,83.79,226.84,84.40,86.70,86.00,85.13,87.30,88.00,95.04,83.45,67.81,63.56,60.77,80.93,98.75,63.12,103.69,60.24,68.90,53.39,119.74,88.87,53.30,67.17,88.91,86.35,80.76,75.63
57.59,55.49,52.02,50.70,50.92,55.13,70.75,84.04,84.22,81.50,78.50,77.93,78.63,76.70,78.65,78.61,77.20,77.36,81.61,90.43,77.90,70.11,63.77,58.66,71.18,80.11,62.25,79.34,59.58,67.61,53.64,77.94,81.65,53.95,65.21,82.86,78.63,77.39,74.00
56.20,52.90,52.20,51.00,51.44,56.87,74.40,89.90,96.33,87.30,82.16,79.55,77.07,77.50,76.50,76.50,78.50,84.33,95.51,107.03,89.25,77.98,66.56,63.00,75.00,84.86,65.14,81.61,60.61,74.20,53.43,79.07,91.34,53.08,68.15,91.82,76.50,82.15,83.62
59.55,55.20,53.97,51.20,51.73,57.63,76.18,92.30,91.85,84.30,81.20,78.64,74.80,76.64,77.39,77.84,77.19,83.26,95.69,110.00,86.03,76.40,69.16,61.89,75.00,84.07,65.94,80.33,62.22,73.37,54.88,77.82,91.54,54.98,69.46,88.08,77.61,84.24,81.22
57.09,55.28,51.70,46.80,50.80,58.97,78.13,86.72,83.93,82.25,81.04,83.60,78.56,78.18,77.94,79.00,81.19,83.66,91.31,98.35,87.25,81.00,71.23,66.90,74.62,83.25,65.99,80.56,60.68,76.59,53.44,80.34,88.63,52.72,68.65,83.09,78.47,82.42,84.13
42.96,39.90,35.91,33.95,34.14,37.00,40.05,44.93,49.86,50.16,47.88,44.30,41.16,37.47,36.72,36.87,39.96,50.43,62.11,67.57,63.82,60.69,58.43,53.52,46.24,47.04,45.44,43.05,38.60,59.11,37.31,42.70,55.02,38.18,39.03,50.01,36.79,42.49,62.25
50.50,48.10,46.50,44.20,42.82,47.40,53.04,59.26,62.36,63.21,62.45,61.82,59.19,56.82,54.98,56.15,57.15,58.65,64.93,70.00,61.75,55.45,50.87,45.60,55.55,60.64,50.46,59.62,48.98,53.42,46.59,60.07,62.68,47.32,50.63,62.78,55.56,56.15,58.60
52.97,51.10,47.50,46.57,45.82,52.37,70.40,78.40,80.01,79.50,76.93,79.17,71.81,69.65,70.07,71.66,73.31,76.57,81.87,85.83,79.20,69.00,65.00,57.83,68.02,76.36,59.68,74.85,55.64,67.76,49.39,74.39,79.39,49.53,61.75,79.76,70.87,74.40,74.10
53.81,51.03,49.60,48.01,48.92,54.16,70.00,83.01,86.41,82.49,77.33,77.05,74.77,74.08,74.18,76.94,77.06,78.34,81.12,84.26,78.30,71.87,69.41,57.92,70.00,78.67,61.33,77.91,57.32,69.37,50.92,75.81,80.19,50.61,64.02,84.45,75.56,76.50,75.08
62.40,58.90,57.40,55.40,55.70,61.09,78.10,87.19,87.58,84.47,81.85,80.08,78.75,77.06,78.00,78.21,79.48,79.59,81.14,82.91,75.15,67.56,61.28,58.00,72.80,80.76,64.85,80.75,64.52,65.50,58.48,79.43,80.78,58.53,70.52,86.03,78.10,82.65,71.36
60.90,57.26,52.93,52.80,52.60,57.80,79.00,87.43,87.07,85.63,80.70,78.17,75.24,75.00,75.82,76.85,78.36,80.15,87.56,99.28,86.16,77.93,67.30,64.15,74.00,81.65,66.35,79.31,62.59,73.89,55.71,77.28,86.34,55.97,69.21,86.35,76.34,83.22,82.05
62.56,58.61,54.25,51.16,59.00,64.58,84.93,95.55,97.17,92.00,86.30,83.74,81.00,72.54,71.48,71.81,81.00,83.15,94.00,104.70,93.58,83.85,71.18,63.22,77.56,84.91,70.20,82.00,66.33,77.96,58.36,80.89,90.71,56.64,76.01,94.59,71.64,90.24,88.71
49.21,42.48,39.19,41.43,40.60,39.05,47.58,54.29,58.99,61.42,62.98,61.45,61.55,57.18,54.46,55.00,59.57,63.35,74.40,78.10,74.90,68.27,64.33,58.60,57.02,62.37,51.66,59.13,44.23,66.53,41.99,60.79,68.85,43.08,45.38,60.21,54.73,50.93,71.59
57.60,55.31,53.44,51.50,51.97,55.73,61.82,64.44,67.65,73.94,72.58,72.21,65.39,64.27,63.40,64.86,64.82,66.40,76.27,79.66,70.99,65.95,61.40,54.40,64.00,69.29,58.71,68.04,56.48,63.18,54.26,68.61,71.79,54.46,58.49,70.79,64.13,63.13,68.47
56.67,53.17,49.28,48.80,50.70,54.90,71.22,80.91,78.79,76.09,72.68,71.27,69.48,67.56,67.47,67.36,70.38,72.76,80.13,83.40,80.28,71.00,64.55,61.02,67.49,73.11,61.87,71.34,58.20,69.21,52.25,70.25,76.67,51.98,64.43,77.44,67.41,76.06,75.64
56.05,51.29,47.87,50.10,47.81,55.16,76.70,86.00,89.90,80.26,78.00,74.58,74.00,65.57,65.00,65.55,71.67,79.06,86.98,92.02,87.60,76.80,66.90,62.40,70.30,76.88,63.72,74.11,58.87,73.42,51.38,73.04,82.43,51.32,66.42,85.08,65.28,81.35,82.20
30.88,28.95,20.90,19.97,24.93,23.81,38.11,43.00,45.06,43.25,42.23,41.87,42.15,36.74,37.09,41.07,40.83,56.25,64.17,71.16,71.54,64.07,60.60,58.19,43.62,46.82,40.41,41.18,28.82,63.60,24.91,40.75,58.10,25.17,32.46,44.16,39.08,40.56,67.80
38.17,37.59,36.88,33.36,38.86,46.47,67.07,75.61,78.01,69.00,62.00,60.93,55.10,47.10,42.15,46.12,52.00,55.02,63.05,68.00,64.93,54.00,44.89,37.00,53.05,58.21,47.90,57.55,46.75,50.21,38.55,56.28,59.52,36.50,57.00,73.51,44.14,71.34,59.46
43.21,40.80,38.63,35.60,85.48,47.90,62.63,79.40,79.20,73.00,65.50,65.10,62.09,59.85,58.79,57.94,63.12,66.33,73.20,186.94,74.70,66.70,59.39,51.58,66.55,75.92,57.17,65.18,54.21,63.09,48.60,63.14,97.40,39.56,68.85,76.10,58.36,71.02,70.70
45.87,42.70,39.25,35.74,37.35,37.39,39.76,42.05,47.83,47.79,46.54,43.39,40.16,31.75,28.12,32.40,37.93,50.76,64.16,73.03,71.66,60.35,58.03,50.00,46.00,45.32,46.68,39.75,40.01,60.01,39.72,40.46,56.47,40.89,39.14,47.81,30.26,40.91,66.01
47.98,46.10,45.87,45.06,46.00,47.73,53.50,60.11,59.84,58.69,52.60,49.89,45.89,42.61,41.45,42.96,45.29,54.41,64.98,71.41,67.64,58.06,53.08,47.89,52.04,52.50,51.58,49.24,49.04,56.66,46.45,47.75,59.02,46.25,51.83,59.27,42.20,56.80,62.85
41.00,38.77,40.62,38.70,38.89,46.97,62.04,71.78,73.03,66.49,61.50,55.89,50.53,47.18,45.95,44.21,45.50,52.29,61.59,67.74,66.19,57.27,52.40,49.09,53.15,55.99,50.31,55.60,47.35,56.24,40.82,53.78,56.78,39.77,54.92,69.76,45.08,66.91,61.73
34.12,36.34,36.89,36.60,38.50,46.50,63.70,75.43,74.49,65.50,60.00,55.19,49.63,48.18,47.50,49.47,51.76,63.82,72.00,76.50,69.49,56.72,49.49,42.10,54.16,59.50,48.82,56.24,46.01,54.45,38.16,53.25,66.02,35.99,56.03,70.00,48.48,69.56,63.10
50.10,46.47,44.11,41.80,41.49,47.50,60.30,71.40,71.20,63.44,52.04,47.75,42.70,38.95,40.24,43.57,45.50,54.95,65.60,73.52,68.45,58.02,50.24,44.27,52.65,53.29,52.01,49.99,50.40,55.25,45.25,45.36,59.89,45.62,55.17,67.32,41.90,65.85,63.24
47.33,46.14,46.00,45.90,47.30,51.26,69.37,78.70,78.78,79.03,70.88,65.39,58.95,59.09,61.33,62.89,63.62,74.50,79.94,88.00,84.36,76.68,65.31,53.63,64.76,70.20,59.33,67.04,54.00,69.99,47.32,63.58,76.51,46.34,61.66,78.90,62.11,74.04,80.52
14.26,-1.40,-10.43,-10.00,-7.90,15.47,53.67,64.95,62.88,53.34,50.18,36.97,31.84,28.34,26.64,27.52,38.49,48.91,54.90,62.00,68.89,62.30,50.26,40.01,35.92,43.50,28.34,39.71,14.83,55.36,0.00,36.83,51.08,-1.89,31.55,58.11,27.08,59.31,65.59
44.99,40.23,38.70,35.31,34.86,38.76,46.30,49.60,54.23,56.80,56.67,53.86,52.98,48.00,40.37,40.52,38.58,41.83,48.74,53.59,51.48,37.30,29.63,10.77,43.50,48.85,38.16,50.43,41.09,32.29,38.81,52.87,45.68,39.81,42.38,55.51,40.44,47.95,44.39
29.00,18.50,9.71,17.70,20.55,25.28,36.02,42.70,46.50,38.15,28.71,22.77,17.66,1.50,0.10,15.20,21.83,37.03,48.95,59.76,63.49,53.86,50.55,48.10,31.40,28.18,34.62,21.32,24.93,54.00,20.12,17.66,41.89,18.73,31.14,42.33,7.65,39.36,58.67
47.80,42.36,37.75,33.84,33.35,37.27,52.50,57.30,53.44,49.21,41.90,32.18,23.84,21.63,21.17,22.60,27.29,37.87,48.73,54.42,55.94,47.10,38.60,28.70,39.45,36.19,42.71,33.25,42.77,42.59,38.73,29.89,42.08,40.43,45.10,51.33,21.88,54.90,51.52
44.96,44.07,41.27,41.50,43.88,48.24,65.00,75.94,74.50,72.32,66.97,56.90,50.46,48.90,48.45,50.57,53.00,66.03,74.78,78.50,78.16,67.63,57.90,50.52,58.35,61.78,54.92,58.63,50.61,63.55,43.99,55.81,68.08,42.95,58.26,73.41,49.51,70.47,72.90
47.10,47.20,46.49,45.11,46.80,50.85,67.00,76.48,77.67,74.74,69.33,63.99,57.49,53.50,51.67,52.84,54.91,65.89,72.28,76.11,76.88,68.41,57.18,48.20,60.34,64.20,56.47,62.65,53.38,62.67,47.26,61.08,67.30,46.48,60.28,76.20,52.26,71.74,72.64
52.65,49.56,47.89,44.00,44.33,49.35,61.14,69.26,69.00,64.89,57.80,52.49,47.95,45.49,45.15,47.37,50.50,59.49,67.93,71.00,70.50,60.68,54.31,47.71,55.44,56.59,54.28,53.77,52.27,58.30,47.96,50.93,62.23,48.53,56.02,66.95,46.26,65.20,65.59
48.00,45.11,42.82,42.10,43.67,48.98,68.41,75.80,74.95,71.30,66.22,62.12,56.65,54.64,55.75,58.54,64.50,70.73,76.68,79.92,82.10,75.50,68.74,60.61,62.24,66.00,58.48,62.52,51.86,71.74,45.11,59.91,72.96,44.51,59.21,73.13,57.15,72.10,78.80
55.11,51.49,48.90,45.86,44.29,44.50,46.50,47.80,49.03,47.40,43.30,38.22,35.36,28.87,23.86,30.36,36.90,46.50,60.51,67.00,68.16,64.00,59.40,50.70,47.25,42.27,52.22,37.05,48.05,60.56,48.36,36.44,52.73,50.34,45.77,48.21,27.11,47.15,66.08
55.00,51.00,48.90,46.30,45.50,47.04,49.77,52.00,56.82,55.63,50.30,45.45,42.71,40.00,37.99,43.24,46.78,56.19,65.37,69.49,71.53,66.23,62.51,56.52,52.59,50.83,54.36,46.52,49.44,64.20,48.96,44.61,59.46,50.30,48.58,56.23,40.62,50.89,68.88
58.17,55.68,54.00,51.33,51.94,56.01,72.49,78.06,78.36,77.49,76.33,74.49,71.67,67.53,63.21,62.99,63.07,68.38,71.81,73.66,74.27,64.34,60.47,54.60,65.85,70.75,60.95,71.51,59.71,63.42,54.52,72.50,69.23,54.79,64.63,77.92,63.10,75.27,69.30
58.34,54.27,52.48,51.68,52.25,57.99,74.30,80.95,81.51,80.48,77.14,76.12,72.91,71.76,70.93,71.09,70.99,74.99,76.90,80.00,80.44,73.39,69.43,62.80,69.71,75.40,64.02,75.24,60.28,71.51,54.50,74.48,75.72,54.19,66.37,80.99,71.01,77.62,76.91
54.00,51.96,51.21,49.40,50.00,53.01,68.84,75.73,74.37,72.15,66.71,61.58,57.40,56.37,56.46,59.60,65.02,73.21,76.82,80.01,80.95,74.96,69.51,60.39,64.15,66.64,61.66,63.08,56.77,71.45,51.60,60.51,73.76,51.64,61.90,73.26,58.03,72.29,77.95
55.66,53.77,52.00,51.27,50.00,53.00,63.66,71.07,71.82,63.18,53.71,50.84,47.00,44.10,40.98,44.00,49.74,57.08,68.26,73.10,73.50,69.64,60.95,54.25,57.19,55.32,59.06,51.95,56.30,64.59,52.62,48.91,62.04,53.18,59.43,67.50,42.49,67.36,71.57
51.73,49.60,48.40,47.50,47.60,50.80,65.50,73.45,73.51,70.70,67.08,65.90,60.25,55.50,54.20,56.14,57.84,65.18,70.70,73.66,76.80,71.38,63.30,55.32,61.33,64.22,58.45,62.91,54.32,66.70,49.27,62.18,66.85,49.31,59.34,72.11,55.17,69.48,74.09
51.83,48.01,46.08,43.30,43.57,43.99,43.97,45.49,47.50,48.16,46.78,46.20,44.10,40.31,34.44,36.86,41.09,49.52,57.41,65.49,73.22,67.24,63.00,57.29,49.37,46.49,52.25,43.04,45.78,65.19,46.13,44.35,53.38,47.31,44.25,47.83,35.65,44.73,70.23
51.50,48.40,46.50,45.02,44.57,45.50,47.85,50.73,51.19,50.58,49.60,45.90,40.92,36.50,35.78,41.50,46.35,52.89,60.50,65.50,68.13,62.45,58.91,53.66,50.02,48.10,51.93,44.00,47.51,60.79,46.91,43.23,56.31,47.85,47.16,50.89,38.64,49.29,65.29
54.12,53.49,52.36,51.84,52.07,55.36,67.55,74.50,76.02,74.83,73.70,71.85,68.49,62.11,59.16,58.00,57.42,64.49,68.24,70.90,70.61,63.49,56.68,51.87,62.88,67.10,58.66,68.02,57.66,60.66,53.21,69.04,65.26,52.95,62.37,75.42,58.58,71.02,67.05
54.75,53.23,52.00,50.40,51.04,53.59,65.80,73.70,76.13,74.50,72.49,71.45,67.11,65.09,66.08,68.96,70.00,72.55,73.51,75.99,75.44,69.78,62.17,54.97,65.45,71.16,59.74,70.23,56.81,65.59,52.50,69.04,73.01,52.59,61.03,75.32,67.52,69.75,72.61
56.56,54.72,53.50,52.72,53.33,56.50,69.39,76.90,77.50,76.50,73.50,71.50,65.91,63.52,64.50,66.59,70.00,73.50,75.60,79.38,78.60,72.80,67.00,57.94,67.00,71.50,62.50,69.94,59.20,69.08,54.56,68.61,74.62,54.38,64.03,77.00,65.54,73.15,75.70
52.88,52.22,51.03,50.77,50.56,53.73,67.00,75.41,77.36,76.03,74.50,72.32,69.90,66.80,65.49,66.39,68.49,72.01,74.53,76.09,76.27,70.64,61.12,54.97,65.69,71.66,59.71,71.10,56.70,65.75,51.86,70.88,72.78,51.72,61.67,76.69,65.94,71.20,73.46
50.50,49.80,48.50,48.50,49.01,51.51,65.00,74.26,75.50,75.08,73.18,72.07,69.84,68.96,67.64,67.21,67.50,70.08,72.31,74.65,76.90,71.24,63.72,56.54,64.98,71.17,58.79,71.19,54.63,67.10,49.63,71.01,71.13,49.32,59.94,75.29,67.43,69.63,74.07
56.52,51.40,49.96,48.79,48.51,47.98,48.50,49.02,51.88,51.88,51.00,51.50,50.69,48.00,45.27,47.00,48.56,53.00,60.34,64.92,65.78,62.50,60.86,54.43,52.84,52.00,53.69,49.65,50.08,60.89,50.52,50.30,56.70,51.66,48.50,51.88,46.13,48.76,64.14
60.37,57.60,54.59,53.50,54.00,54.35,55.50,59.07,63.58,66.83,65.60,63.65,62.06,59.20,56.12,57.49,58.49,63.38,67.06,68.98,69.23,66.93,64.27,58.34,60.84,62.70,58.98,61.81,56.12,64.69,55.74,62.62,64.48,56.52,55.73,65.20,56.81,57.29,68.08
52.84,51.50,51.16,50.50,50.48,53.65,63.12,72.01,73.85,74.29,72.85,70.72,68.55,67.50,66.61,66.70,68.78,71.57,74.50,76.11,76.40,70.88,66.13,58.84,65.40,71.00,59.79,70.13,55.66,68.06,51.69,69.90,72.74,51.50,59.81,74.07,66.65,67.56,73.64
49.43,48.06,46.63,45.89,46.21,48.82,57.00,66.50,69.30,68.20,61.21,59.48,52.18,50.87,50.64,51.37,51.50,56.90,65.20,68.20,70.50,65.84,58.10,54.00,56.75,58.75,54.75,57.90,51.07,62.11,47.51,55.93,60.45,47.50,54.63,68.75,51.00,61.75,68.17
58.41,56.28,54.72,53.50,53.54,56.55,66.50,72.28,72.70,70.95,66.00,63.95,59.28,57.90,59.22,64.34,66.42,70.61,73.10,75.40,76.40,70.00,64.01,53.94,64.00,66.66,61.34,64.29,58.97,66.09,55.50,61.78,71.38,55.73,62.22,71.82,61.78,69.39,73.20
47.98,48.00,47.50,47.50,47.64,50.52,63.50,69.44,72.38,72.80,69.20,68.47,65.68,62.74,64.55,66.51,68.52,74.43,79.15,84.83,84.72,78.35,71.33,63.50,65.38,70.77,60.00,67.79,52.76,74.47,48.19,66.52,76.73,47.75,57.77,72.59,65.53,66.47,81.53
44.99,41.06,36.86,33.91,33.00,42.00,51.17,58.83,62.10,61.07,58.37,56.55,54.35,50.26,50.00,51.40,52.99,59.34,64.52,69.05,71.60,69.80,65.49,58.64,54.06,57.50,50.61,55.51,42.73,66.38,38.64,54.88,61.48,39.20,46.25,61.59,50.70,55.00,70.70
50.61,47.50,46.57,43.87,43.68,44.17,44.96,46.06,45.93,46.31,45.68,45.79,42.25,39.56,37.82,39.32,44.62,47.32,55.94,62.88,65.64,65.70,62.73,56.53,48.81,46.12,51.50,42.83,45.93,62.65,46.07,43.32,52.69,47.14,44.72,46.12,38.57,45.51,65.67
56.49,53.85,50.61,49.03,48.68,48.25,49.45,51.77,54.13,57.60,54.43,50.68,48.43,45.00,43.77,43.46,45.93,49.75,57.43,62.24,63.78,63.37,60.86,55.45,52.68,51.07,54.30,49.68,51.02,60.86,51.15,49.63,53.84,52.49,49.54,55.86,43.61,50.61,63.58
52.90,51.10,48.89,48.50,47.66,51.10,58.73,66.40,68.00,68.49,65.84,62.50,56.15,50.50,47.50,49.31,51.07,55.50,61.92,64.03,68.40,68.50,65.57,56.27,57.70,58.40,57.00,58.54,53.16,64.69,50.02,58.75,58.13,50.35,55.97,68.25,48.40,62.56,68.45
56.70,54.72,53.53,52.49,53.08,57.06,66.12,75.02,76.00,74.71,70.57,68.43,62.84,59.89,59.06,61.14,63.97,69.62,73.09,76.71,75.23,72.55,70.07,63.28,65.24,68.00,62.49,66.58,58.59,70.28,54.60,65.43,70.85,54.36,62.82,75.36,60.10,70.57,73.89
54.71,51.45,50.20,49.44,49.26,52.01,61.85,70.91,72.48,72.09,67.59,67.50,66.00,64.92,64.50,64.61,66.47,71.60,75.28,77.42,77.66,72.95,69.00,61.94,64.66,69.20,60.11,67.46,54.98,70.39,51.18,66.50,72.69,51.45,58.51,72.28,64.55,66.38,75.31
55.99,53.98,52.00,51.41,51.54,56.09,66.50,75.37,79.00,77.00,73.71,72.32,70.91,69.71,67.94,68.48,69.30,72.61,77.97,79.66,79.97,74.20,67.87,60.88,67.68,73.22,62.15,72.38,57.86,70.73,53.50,71.66,74.88,53.34,62.38,78.00,68.21,70.94,77.09
50.87,48.86,47.60,46.50,45.99,48.06,56.92,65.26,67.50,68.17,67.11,65.40,62.96,61.01,57.49,57.30,59.98,64.28,66.60,69.05,69.90,69.48,67.68,60.00,60.16,63.90,56.43,63.37,51.26,66.76,47.98,64.12,64.98,48.46,54.06,67.84,57.39,61.09,69.69
50.86,47.38,46.80,44.90,44.10,44.07,45.07,45.73,48.54,48.00,47.49,46.80,45.81,43.66,43.08,42.44,43.11,47.68,56.30,62.40,64.00,65.91,64.97,58.95,49.92,47.94,51.89,45.73,46.11,63.46,46.35,45.94,52.37,47.48,44.74,48.27,42.76,45.40,64.95
54.50,51.48,49.50,48.10,47.50,48.58,49.49,51.49,53.84,54.85,54.19,52.54,51.07,46.29,45.45,45.58,46.68,51.33,56.53,60.56,61.70,61.47,60.22,54.70,52.40,51.58,53.23,50.48,50.08,59.52,49.94,51.02,53.78,50.89,49.26,54.34,45.52,50.49,61.59
51.65,49.50,48.38,47.50,47.49,50.50,58.08,63.50,66.96,66.50,64.50,63.80,62.25,59.50,56.79,55.74,56.50,62.24,64.49,65.95,64.55,64.23,62.35,56.49,58.73,62.10,55.35,62.00,52.08,61.90,49.17,62.51,62.29,49.26,54.89,66.73,56.26,60.79,64.39
51.49,49.54,48.53,47.50,46.50,49.32,56.29,62.07,64.05,63.49,59.50,55.36,52.50,49.67,50.52,51.00,53.80,61.29,65.50,68.21,68.32,67.15,64.40,58.47,56.85,57.91,55.80,55.76,51.40,64.58,48.81,54.26,62.20,49.27,53.54,63.77,50.76,59.18,67.73
48.61,46.50,45.00,44.13,43.50,45.69,49.90,57.75,61.60,61.49,59.50,58.22,55.50,52.50,50.73,50.14,51.99,56.44,61.92,66.64,67.75,66.00,62.58,55.88,55.00,57.22,52.77,56.21,47.63,63.05,45.57,56.43,59.25,46.06,49.21,61.55,50.44,53.83,66.87
50.00,47.14,45.28,43.99,44.37,46.74,53.37,58.93,61.00,61.01,59.40,59.10,56.55,53.70,51.00,49.80,50.54,53.49,55.44,57.90,59.00,57.90,55.00,49.81,53.35,55.74,50.96,56.45,48.72,55.43,46.25,57.19,54.34,46.60,50.85,61.01,50.40,56.15,58.45
50.40,43.32,42.65,42.01,41.56,44.73,51.85,61.22,62.69,63.00,62.18,60.84,58.10,54.95,52.30,54.50,56.26,61.59,64.66,64.10,64.30,62.36,59.88,51.37,55.45,59.60,51.30,58.57,47.22,59.48,44.11,59.02,61.66,44.59,49.84,62.85,53.40,56.53,63.33
48.65,46.37,44.94,44.10,43.17,43.00,43.10,43.78,44.40,44.01,41.85,42.07,41.10,37.17,33.23,34.85,43.68,47.06,53.40,61.02,61.34,61.73,61.56,56.45,46.75,43.65,49.85,39.83,44.64,60.27,45.04,40.54,51.29,46.01,43.26,44.20,34.04,43.44,61.53
50.12,46.79,44.37,42.63,41.74,42.70,43.40,44.50,46.16,45.90,40.48,35.91,32.00,26.50,24.56,28.15,31.94,41.25,47.49,53.78,54.91,56.50,56.54,52.00,42.93,37.84,48.02,34.96,44.53,54.99,44.72,33.72,43.61,45.98,43.09,46.03,26.35,43.95,55.71
25.79,22.34,17.24,13.89,12.99,21.75,37.91,45.54,46.49,45.97,45.70,45.14,43.88,43.25,42.04,43.74,44.74,48.86,57.00,60.89,62.00,60.75,56.64,51.49,41.50,47.31,35.69,44.53,24.68,57.72,19.00,44.49,52.87,19.81,29.54,46.23,42.89,41.72,61.38
51.97,49.52,48.97,47.60,47.51,50.27,56.33,65.00,70.24,69.40,66.15,66.18,62.70,61.13,57.51,57.59,59.49,62.50,63.33,62.20,59.02,55.19,48.50,39.30,57.40,63.20,51.60,63.86,52.15,50.50,49.31,64.04,61.88,49.51,54.78,69.82,57.55,60.66,57.10
48.50,46.00,44.49,44.47,44.49,46.11,50.50,60.00,63.00,64.08,61.84,59.74,55.23,52.27,52.40,55.00,59.15,64.87,67.44,71.02,70.70,68.03,65.87,57.93,57.21,60.50,53.92,57.94,48.07,65.63,45.68,57.27,65.62,45.86,50.28,63.54,53.70,55.25,69.36
54.50,51.04,49.49,48.20,48.00,50.25,61.27,69.50,70.00,69.00,68.33,67.66,65.78,64.30,63.32,64.00,68.09,72.41,74.58,80.54,73.48,70.30,65.49,55.16,63.53,69.00,58.06,66.55,54.03,66.11,50.25,66.52,73.90,50.81,57.26,69.50,63.66,65.39,71.89
50.33,47.62,46.97,46.26,46.80,50.01,61.10,74.62,67.88,69.91,68.50,69.60,67.45,66.51,63.99,63.99,67.50,72.80,79.12,82.57,84.35,80.00,71.57,60.56,65.00,69.99,60.01,67.23,52.96,74.12,48.00,68.02,75.50,47.79,58.13,68.89,63.99,67.86,82.17
46.46,42.02,40.67,40.54,40.01,40.19,39.52,39.70,40.90,40.17,41.09,41.78,41.60,39.05,34.00,35.00,40.38,42.06,50.18,55.90,58.57,61.90,60.87,55.47,44.50,41.84,47.16,39.20,41.14,59.20,41.65,40.88,47.13,42.42,39.85,40.54,34.50,39.61,60.23
58.31,52.71,50.64,50.49,48.49,49.50,51.42,53.70,57.99,58.45,57.21,54.00,52.00,49.39,47.73,47.87,48.91,52.49,57.99,59.26,56.50,56.49,55.75,50.90,53.26,53.61,52.91,53.08,51.91,54.91,51.69,53.15,54.66,53.04,50.78,58.22,47.80,52.56,56.49
52.38,50.00,48.50,47.59,48.55,50.49,57.50,69.49,73.79,71.77,71.04,70.05,66.00,64.44,62.62,63.07,64.40,69.22,71.22,71.43,69.62,68.32,65.57,58.50,62.73,68.25,57.21,67.85,53.06,65.50,49.58,67.89,69.07,49.62,56.51,72.78,62.85,63.49,68.97
50.00,48.30,46.09,45.23,45.50,47.50,54.40,64.58,67.04,66.00,65.10,64.17,60.82,60.03,58.66,59.50,62.25,66.23,69.08,69.74,67.61,66.40,63.42,54.40,59.25,64.05,54.45,62.66,50.20,62.95,47.10,62.53,66.82,47.40,52.99,66.52,59.08,59.49,67.00
47.53,46.47,45.98,44.83,44.78,46.84,54.13,61.49,64.88,65.49,62.3,62.34,58.16,57.53,56,56.9,58.53,62.99,65,66,64.9,64.24,62.5,53,57.2,61.34,53.06,60.45,49.01,61.16,46.07,60.08,63.13,46.2,51.81,65.18,56.45,57.81,64.57
51.01,48.33,47.1,46.02,44.87,47.69,54.6,64.56,65.24,62.32,58.91,60.42,56.92,55.39,54,54.56,57.06,59.73,63.97,65.5,65.44,63.1,60.02,53.4,56.67,59.5,53.84,58.47,50.52,60.49,47.5,57.91,61.57,48.11,52.93,63.78,54.28,59.58,64.27
45.58,43.55,41.88,41.7,41.8,44.11,53.23,61.56,61.58,60.38,60.2,59.35,56.52,55.99,54.13,55,55.93,61.79,65.93,66.3,66.4,64.85,61,53.33,55.5,59.42,51.58,57.89,46.67,61.39,43.1,58.02,62.49,43.17,50.17,60.98,54.56,57.39,65.62
44.92,42.68,40.86,38.98,38.18,37.93,38,39.12,40.5,40.51,40.5,41.4,41.05,37.39,36,36.6,37.9,41.77,48.99,54.45,57.27,55.89,54.25,48.6,43.07,41.42,44.72,39.24,40.08,54,40.59,40.09,45.78,41.86,38.31,40.5,36.3,38.56,56.58
48.74,44.28,43.24,41.92,42.23,42.1,42.98,46.34,47.2,46.09,43.61,43.14,42.25,40.66,39.5,39.73,41.1,44.88,48.75,52.23,53.5,53.7,53.7,50.11,45.5,44.1,46.9,42.77,43.98,52.75,43.75,42.42,46.74,44.55,43.41,46.65,39.62,44.66,53.6
46.84,45.65,44.59,43.82,43.96,45.83,51.5,58.79,61.78,59.98,57.96,57.07,51.71,50.2,49.69,50.29,51.15,54.88,57.29,57.89,57,55.38,50.64,45.6,52.06,54.99,49.13,54.83,47.62,52.15,45.12,54.24,55.3,45.22,50.02,60.88,49.99,55.15,56.19
50.43,48.51,47.01,46.43,47.30,48.00,54.50,62.48,65.00,63.23,62.09,60.03,55.28,52.22,51.21,51.60,54.46,59.82,63.00,64.09,61.69,59.25,55.15,47.10,55.41,58.50,52.32,57.58,50.58,55.80,47.95,57.40,60.34,48.09,53.07,64.12,51.40,58.49,60.47
52.08,48.66,48.50,47.50,46.99,51.00,57.10,65.01,67.09,65.00,61.80,60.80,59.33,58.01,56.60,57.80,57.55,60.27,65.46,66.40,63.86,63.10,58.99,53.50,58.02,61.34,54.69,60.80,52.10,59.86,49.12,59.98,62.42,49.18,55.02,66.05,57.20,61.05,63.48
52.40,49.60,47.64,46.50,46.78,48.42,55.63,62.17,61.99,60.98,58.50,58.53,57.07,56.49,55.07,56.13,56.51,59.30,61.56,63.50,62.00,60.00,59.34,53.81,56.25,58.80,53.69,58.09,51.14,58.79,48.55,57.65,60.22,49.03,53.25,61.49,55.60,58.90,61.00
46.92,43.68,42.06,41.24,41.56,42.50,53.24,59.31,59.44,59.07,58.10,57.70,56.00,55.57,54.53,54.82,55.33,56.99,58.56,60.04,60.00,59.00,59.30,52.38,53.64,57.18,50.10,56.90,46.31,57.67,42.99,56.84,57.73,43.47,49.15,59.26,54.67,56.28,59.50
46.82,43.57,42.49,41.41,40.68,40.57,40.26,41.56,43.22,44.48,44.38,45.33,44.51,43.49,41.57,41.99,42.11,42.18,49.93,53.10,53.16,53.59,54.88,52.43,45.32,44.69,45.95,43.62,42.17,53.51,42.59,44.43,46.83,43.57,40.77,43.85,41.78,40.91,53.38
50.50,47.75,45.29,43.50,43.30,43.06,45.27,49.45,53.25,53.90,53.03,51.08,51.05,48.55,48.15,48.50,48.08,52.04,54.22,55.46,53.74,53.04,53.56,51.42,49.88,51.44,48.32,50.94,46.01,52.94,45.56,50.93,52.45,46.76,45.27,53.57,48.32,47.36,53.39
48.91,45.68,44.52,44.01,44.07,45.23,54.14,59.54,60.56,60.00,57.95,57.05,55.57,54.21,53.23,53.44,54.20,57.50,58.90,59.61,57.50,55.49,55.21,51.45,53.66,56.85,50.48,56.50,48.26,54.91,45.40,56.19,57.55,45.78,50.75,60.28,53.34,56.84,56.49
45.27,42.50,41.98,41.63,41.74,43.57,51.50,56.50,58.45,57.28,55.58,55.51,53.59,52.00,51.33,51.23,52.30,57.19,59.46,62.11,58.99,57.10,56.50,51.93,52.30,55.50,49.10,54.37,45.59,56.13,42.78,54.17,57.76,42.84,48.33,57.87,51.28,54.00,58.04
45.53,42.88,41.51,41.16,41.28,42.50,50.13,54.70,55.90,54.31,52.23,52.27,49.71,47.27,46.00,46.26,48.50,53.02,56.00,58.41,57.23,56.16,54.61,50.37,49.91,51.66,48.17,50.49,44.96,54.59,42.48,50.37,53.98,42.77,47.15,55.11,46.13,52.42,56.69
50.84,48.00,46.50,45.50,45.50,47.49,55.16,61.28,61.53,60.00,58.15,58.33,56.41,54.80,53.50,53.50,53.83,55.00,58.03,59.75,58.70,56.74,56.00,51.32,54.41,56.90,51.92,57.03,50.03,55.69,47.31,56.92,56.65,47.71,52.36,60.77,53.50,58.22,57.72
47.15,44.30,43.69,43.24,44.04,46.35,53.78,60.70,61.79,60.08,59.00,58.12,56.00,55.84,55.00,55.50,55.30,58.76,61.00,62.84,60.34,60.00,57.51,52.55,54.70,58.27,51.14,57.67,47.90,57.60,44.79,57.24,59.47,44.59,51.22,60.93,55.25,57.24,60.17
49.43,45.13,43.91,41.45,41.70,39.38,39.89,40.24,39.70,40.10,38.61,39.50,37.60,34.50,31.15,33.17,37.32,43.63,50.48,55.20,55.08,54.90,55.15,53.50,43.36,40.08,46.65,36.79,42.64,54.66,43.50,37.55,46.66,44.98,40.30,39.90,32.16,40.07,54.99
50.80,48.40,46.10,44.74,44.33,44.09,46.49,48.73,49.50,48.59,46.50,44.51,43.50,40.67,38.64,39.49,41.50,46.38,50.50,53.50,53.50,53.49,54.00,51.49,47.06,45.27,48.85,43.92,46.71,53.12,46.41,43.80,47.97,47.51,45.91,49.04,39.06,47.61,53.50
47.00,45.03,44.50,43.30,43.59,44.69,51.50,57.49,57.50,55.70,54.20,52.90,51.00,48.30,47.75,47.27,49.31,52.59,56.20,58.59,57.42,56.61,55.89,52.50,51.29,52.61,49.96,51.83,47.14,55.61,44.69,51.60,54.18,44.96,49.32,56.60,47.51,54.50,57.02
47.65,45.10,43.51,43.50,43.80,45.37,52.50,58.33,60.97,61.00,57.79,57.50,55.11,53.75,53.60,53.13,52.50,55.50,58.34,59.40,58.05,56.50,55.50,50.84,53.30,56.55,50.05,56.61,47.47,55.22,44.82,56.04,56.43,44.94,50.00,60.98,53.37,55.42,57.27
48.60,45.70,44.51,43.00,43.33,45.82,53.03,60.18,60.89,60.00,58.40,58.50,57.10,54.50,53.71,53.50,53.11,55.50,58.67,60.13,59.40,57.40,56.78,51.50,53.89,57.00,50.77,57.08,48.02,56.27,45.16,57.13,56.85,45.45,50.59,60.45,53.60,56.60,58.40
45.50,43.51,41.49,41.50,42.00,44.19,51.81,58.68,62.69,62.79,60.70,61.61,57.50,56.70,55.15,54.22,54.00,57.94,59.26,60.50,59.94,58.14,56.00,51.89,54.07,58.59,49.55,58.92,46.08,56.49,43.03,59.12,57.92,43.00,49.17,62.74,54.68,55.24,59.04
34.42,34.87,34.50,34.99,35.32,38.50,50.99,56.84,56.30,53.10,52.19,50.54,48.54,44.61,41.49,41.44,43.05,47.07,50.50,51.50,53.00,51.80,51.00,45.50,45.92,48.36,43.48,48.53,40.05,50.33,35.43,48.97,48.03,34.69,45.41,54.70,41.46,53.91,52.40
35.66,32.24,29.14,29.23,28.68,26.33,28.19,29.18,30.36,29.17,28.06,27.61,23.71,20.50,18.00,19.32,21.96,28.75,40.38,47.26,49.55,48.81,49.00,45.44,31.94,27.92,35.95,24.59,29.83,48.20,30.21,24.97,34.59,31.57,28.09,29.76,18.66,28.68,49.18
38.99,38.81,37.23,36.06,34.43,34.91,36.01,38.64,38.70,35.43,29.35,24.16,20.00,11.49,9.60,12.31,18.59,25.28,32.95,39.00,42.14,44.04,45.07,41.54,31.86,24.74,38.99,22.63,36.88,43.20,36.74,21.25,28.96,37.77,36.00,37.06,10.95,37.32,43.09
44.20,42.21,41.00,39.98,40.10,41.50,48.10,53.04,58.10,56.32,53.22,51.57,46.13,42.07,39.94,40.28,40.33,43.58,45.40,47.74,47.50,46.80,45.99,41.04,45.67,47.06,44.29,48.45,43.77,45.33,41.50,48.25,44.26,41.85,45.68,57.21,40.11,50.57,47.15
46.00,44.33,43.19,42.80,42.76,44.35,51.50,59.94,61.16,56.23,54.73,52.99,48.85,47.45,46.24,47.17,48.21,51.22,53.94,56.02,52.78,51.84,51.14,45.18,50.00,52.02,47.98,51.85,46.86,50.23,43.91,51.00,52.35,44.08,49.64,58.69,46.71,55.72,52.31
47.48,44.73,44.00,43.74,43.51,45.51,54.51,63.50,66.77,59.80,57.18,55.49,52.00,51.18,50.96,51.83,52.87,56.70,60.67,65.54,63.99,61.30,57.94,50.61,54.24,56.75,51.73,55.65,48.37,58.46,44.83,53.96,58.94,44.99,51.76,63.28,51.39,59.00,62.64
44.32,43.00,41.21,40.27,40.14,41.82,52.58,62.41,58.50,53.41,51.78,50.76,47.11,46.07,45.19,45.11,49.40,52.00,55.60,62.49,63.40,59.50,58.50,50.24,50.62,51.45,49.78,49.74,45.72,57.91,41.79,48.93,54.87,42.20,49.24,55.95,45.15,57.49,61.45
38.12,35.00,33.80,33.65,35.25,39.50,51.47,60.95,59.88,54.85,51.02,50.80,46.53,44.50,43.61,44.15,46.31,52.16,55.49,59.69,59.33,56.98,56.50,49.57,48.30,50.75,45.84,49.42,40.97,55.59,35.89,48.21,53.41,35.14,46.79,57.37,43.88,56.21,58.15
34.25,28.50,28.00,27.98,27.88,27.02,26.21,27.00,27.49,24.41,17.55,18.44,12.69,6.40,2.50,2.65,14.50,24.90,37.00,45.47,45.80,47.80,46.61,40.93,26.75,19.50,34.00,14.02,28.35,45.28,28.94,13.77,30.47,29.68,27.03,25.95,2.57,26.60,46.80
43.00,40.50,39.50,37.65,37.43,37.80,37.70,42.00,44.89,42.02,37.82,35.00,30.51,27.50,25.00,27.51,30.49,37.50,44.59,49.17,48.14,47.18,45.81,42.21,38.79,36.00,41.58,33.78,39.45,45.83,39.31,32.71,40.44,40.16,38.73,43.45,26.25,39.85,47.66
37.95,36.75,35.90,34.26,34.70,38.63,47.80,55.64,57.20,55.00,51.98,50.76,46.59,42.24,40.00,41.00,41.58,44.05,46.08,49.93,50.58,46.30,46.86,43.00,44.78,47.20,42.36,48.09,40.20,46.68,36.37,47.89,45.41,36.22,44.19,56.10,40.50,51.72,48.44
41.22,39.01,38.15,37.41,37.94,40.26,47.00,55.54,56.90,53.90,50.50,48.68,44.80,42.50,42.00,42.04,42.26,46.71,49.47,53.23,50.47,47.92,46.16,40.83,45.62,47.75,43.49,47.67,42.07,46.34,39.00,46.62,47.92,38.95,45.19,55.40,42.02,51.27,49.19
44.50,40.37,39.00,39.50,40.49,41.86,50.85,58.00,58.50,54.29,50.80,49.52,44.93,42.99,40.39,41.00,42.93,46.17,50.57,53.95,52.50,50.49,48.00,43.13,46.86,48.00,45.72,47.80,44.32,48.53,40.95,47.06,48.40,40.84,47.80,56.40,40.69,54.42,51.49
43.40,39.34,38.36,37.66,37.73,40.12,50.30,58.50,60.24,56.33,54.04,52.94,51.26,49.70,48.10,48.01,47.21,51.07,53.13,56.50,55.07,51.78,50.25,45.04,49.00,52.38,45.63,52.58,43.18,50.53,39.43,51.99,51.98,39.69,46.66,58.28,48.06,54.40,53.43
36.15,34.64,32.76,30.08,31.04,35.48,46.70,58.16,59.33,56.57,53.69,52.25,49.63,47.86,47.37,48.03,47.03,49.50,52.75,56.44,57.08,53.84,51.53,46.16,47.25,51.70,42.80,51.84,38.13,52.15,33.36,50.86,51.43,33.41,42.84,57.95,47.70,52.43,55.46
26.93,24.91,21.66,19.27,18.50,18.68,18.14,21.20,23.99,26.23,26.83,28.53,27.03,24.29,20.09,19.06,21.01,25.96,33.94,39.52,40.95,41.54,42.71,39.42,27.10,26.37,27.82,24.50,21.16,41.15,21.66,26.67,30.10,23.19,19.13,25.11,19.57,19.67,41.24
21.58,18.40,13.88,10.13,9.26,12.70,17.50,22.49,24.81,25.07,22.49,20.54,18.49,16.00,13.95,13.38,16.85,21.32,29.86,34.61,34.50,34.37,34.08,32.22,21.60,21.45,21.76,19.34,15.74,33.79,14.32,19.38,25.66,15.99,15.49,24.94,13.67,20.00,34.43
17.09,15.01,12.72,12.00,12.00,17.31,28.12,36.71,35.78,29.83,27.32,25.88,23.99,20.70,18.00,18.04,20.30,25.98,30.22,32.96,32.99,32.50,29.24,24.34,24.13,25.75,22.50,24.94,18.87,29.77,14.35,24.47,27.37,14.20,23.53,32.81,18.02,32.42,32.74
40.56,37.80,36.98,36.49,36.06,37.12,46.81,54.18,54.93,48.75,41.85,36.75,26.73,18.00,13.22,13.78,13.88,20.00,30.99,36.12,34.46,35.23,34.00,26.50,33.80,29.58,38.01,31.75,40.75,32.55,37.50,30.83,25.25,37.96,43.54,51.84,13.50,50.49,34.84
43.60,40.61,39.30,37.27,37.12,39.69,46.22,54.50,54.56,50.50,47.10,44.53,41.81,41.10,39.69,40.30,43.14,45.42,50.00,53.88,54.50,53.00,52.34,46.15,45.68,46.00,45.36,44.95,42.29,51.50,39.60,43.63,48.11,40.20,44.38,52.53,39.99,50.36,53.75
"39,54","37,08","35,18","33,49","32,85","36,43","44,36","52,40","52,93","50,23","47,08","47,65","46,92","46,56","46,34","47,35","48,08","51,01","54,47","56,46","56,55","54,50","52,96","48,00","46,60","49,59","43,61","48,13","38,92","53,00","35,76","47,06","52,50","36,32","41,51","51,58","46,84","48,38","55,52"
36.87,34.68,33.38,32.02,32.40,35.51,45.91,54.09,55.50,53.42,49.50,48.81,45.50,44.06,42.44,42.47,42.50,45.00,49.07,50.81,54.25,51.37,48.48,43.00,44.63,47.42,41.83,47.71,38.11,49.27,34.14,46.97,46.85,34.23,41.98,54.46,42.46,50.00,52.81
37.47,34.90,30.45,28.48,26.25,24.36,24.97,28.02,23.61,24.00,21.50,21.23,18.55,12.97,9.70,13.37,17.29,23.95,33.91,38.48,43.43,44.30,45.40,41.17,27.82,21.55,34.10,18.11,29.36,43.57,30.32,18.56,28.41,32.83,25.90,23.81,11.53,26.49,43.86
43.63,40.44,38.10,37.14,37.10,36.91,36.50,40.70,42.90,41.73,39.20,38.06,37.04,35.28,33.50,35.44,36.18,38.81,46.00,47.70,48.12,47.40,47.00,42.35,40.30,39.32,41.28,37.89,38.81,46.22,38.89,37.40,42.17,39.83,37.80,42.31,34.47,38.60,47.76
41.63,40.05,39.31,38.96,39.10,41.56,48.61,57.92,60.55,58.70,55.27,53.60,50.84,49.74,47.63,47.45,48.00,52.02,55.07,57.12,55.58,52.87,52.49,48.19,49.68,53.00,46.36,52.97,43.39,52.28,40.10,52.36,53.05,39.99,46.80,59.63,47.54,53.27,54.22
42.45,40.50,39.18,38.09,36.50,38.76,44.03,52.08,53.20,49.20,47.72,45.69,43.83,41.44,38.50,40.14,41.77,44.50,49.66,51.50,51.27,49.84,48.43,43.38,44.65,45.59,43.71,44.96,41.45,48.23,39.25,44.67,46.86,40.05,42.84,51.20,39.32,48.06,50.55
41.26,38.49,36.99,35.03,35.46,36.50,44.88,53.87,57.50,55.88,54.79,53.99,51.74,50.62,48.19,46.82,47.17,48.86,51.96,54.17,54.00,52.40,51.99,47.07,47.90,51.81,44.00,52.44,40.31,51.37,37.29,52.78,50.54,37.94,42.68,56.69,47.50,49.38,53.20
39.83,38.50,37.50,37.25,37.33,38.64,49.20,57.17,61.60,58.54,57.17,56.50,52.90,51.50,51.13,50.50,50.30,51.90,53.40,55.05,52.53,49.60,47.49,42.84,49.10,54.21,43.99,54.98,41.93,48.11,38.17,54.52,52.66,38.27,45.59,60.07,50.81,53.19,51.06
37.85,35.49,34.49,34.43,33.80,38.51,50.51,61.80,62.99,59.82,53.70,54.00,49.50,47.50,47.23,48.43,48.50,52.00,55.07,57.74,56.20,53.73,51.86,46.04,48.80,53.04,44.56,52.90,40.86,51.95,35.76,51.18,53.33,35.57,46.15,61.40,47.83,56.15,54.96
38.40,35.10,33.60,32.05,31.62,29.82,28.70,29.70,32.98,31.76,29.16,30.51,31.00,27.20,26.14,27.40,29.54,32.97,39.12,46.25,47.90,48.20,48.50,42.04,34.57,32.00,37.14,29.52,32.37,46.66,33.43,29.47,36.97,34.79,29.96,32.37,26.77,29.20,48.05
42.87,40.57,39.80,39.10,38.77,38.25,39.81,41.87,45.64,45.10,42.60,40.76,38.49,36.41,36.00,36.50,38.00,41.90,47.66,49.34,49.20,48.30,47.65,43.40,42.00,41.53,42.46,40.19,40.13,47.14,39.89,39.57,44.22,40.59,39.67,45.37,36.25,40.84,48.75
42.90,41.50,41.50,40.50,40.42,42.80,51.25,61.16,66.00,61.70,56.54,55.20,51.51,49.63,48.50,49.30,51.26,55.30,57.10,58.00,55.85,52.20,50.49,45.91,51.10,55.00,47.21,54.80,45.25,51.11,41.60,53.22,55.41,41.60,48.91,63.85,48.90,56.20,54.02
42.49,40.51,39.42,37.78,37.04,41.25,49.59,62.00,63.94,60.19,54.96,54.10,51.48,50.61,50.49,51.21,53.20,58.70,64.44,69.17,66.48,57.41,52.72,48.45,52.40,56.87,47.93,54.62,43.76,56.26,39.75,52.79,61.38,40.05,47.47,62.07,50.85,55.80,61.94
46.08,43.50,42.58,41.00,41.00,42.90,52.39,65.61,66.14,63.41,55.93,55.34,51.30,49.13,47.50,48.50,50.00,54.20,58.54,63.66,59.00,52.83,49.80,44.50,51.87,55.30,48.43,54.66,46.88,51.53,42.84,52.92,56.60,43.29,50.47,64.78,48.00,59.00,55.92
41.00,38.20,37.17,36.18,36.41,40.49,51.50,64.86,65.90,60.07,55.03,52.80,49.80,48.00,46.98,47.54,49.09,52.78,57.72,63.85,60.78,55.32,51.00,43.49,50.25,54.13,46.37,53.27,43.23,52.65,38.24,51.41,55.86,38.14,48.32,62.99,47.26,58.18,58.05
39.19,37.07,36.10,36.17,36.06,38.30,53.80,64.11,64.90,60.87,55.10,52.27,46.56,46.00,44.81,44.70,45.60,51.05,54.72,57.37,58.21,52.81,50.45,40.72,48.62,52.00,45.25,51.90,42.60,50.55,37.15,49.98,52.18,37.13,48.07,62.89,44.75,58.95,55.51
41.18,37.13,33.68,32.20,31.85,30.73,30.96,33.34,36.20,36.20,32.36,33.80,31.80,28.20,27.45,29.46,30.14,34.23,42.64,47.00,47.80,46.04,47.22,42.22,35.99,34.12,37.86,31.93,33.88,45.82,34.46,31.54,38.50,36.04,31.72,36.20,28.46,32.15,46.92
44.60,41.06,39.06,38.10,37.00,37.20,38.40,41.97,43.36,45.20,42.10,40.93,38.20,36.46,35.72,35.81,36.00,41.47,45.80,47.16,47.49,47.00,46.30,42.46,41.20,40.68,41.72,39.72,39.67,45.81,39.50,39.42,42.61,40.71,38.64,44.28,35.76,40.18,47.25
39.93,37.69,36.60,36.65,36.85,38.49,45.64,52.51,60.35,57.97,54.89,53.91,50.75,49.02,48.64,49.20,49.50,52.20,56.00,56.59,56.10,53.39,51.02,45.60,48.73,53.25,44.21,53.09,40.54,51.53,37.70,52.14,53.57,37.72,43.37,59.16,48.92,49.07,54.75
42.00,40.63,39.30,38.40,37.07,36.80,41.34,44.70,46.87,42.88,41.31,40.65,38.94,37.36,36.00,36.50,38.43,42.90,46.90,48.50,51.03,49.15,46.95,42.67,41.97,41.44,42.50,40.06,40.03,47.45,39.03,39.56,44.18,40.08,39.98,44.87,36.25,43.02,50.09
35.95,34.79,33.20,33.50,33.50,36.47,45.89,55.84,60.34,53.98,51.90,50.00,46.90,46.04,45.98,46.64,49.38,52.21,54.20,58.00,58.77,55.09,51.70,45.96,47.34,51.30,43.39,50.22,38.64,52.88,34.57,48.71,53.45,34.36,42.92,57.16,46.31,50.86,56.93
35.50,33.51,31.55,31.21,32.12,34.14,48.62,53.63,55.49,50.80,49.36,47.72,44.16,41.75,40.97,42.37,43.80,47.50,49.28,51.08,50.15,46.85,43.51,37.68,43.45,47.02,39.87,46.58,37.53,44.55,33.00,45.75,47.92,32.94,42.12,53.14,41.67,51.12,48.50
30.96,29.37,29.51,29.00,29.23,33.00,46.63,54.10,55.99,51.30,47.22,46.94,44.50,42.23,41.06,43.49,44.60,47.65,51.74,55.16,53.60,50.46,45.03,38.91,43.40,47.66,39.15,46.59,35.22,47.00,30.18,45.22,49.79,29.71,40.74,53.65,42.27,50.36,52.03
29.40,23.99,21.81,20.28,19.91,19.61,22.00,22.18,24.47,24.00,21.78,22.50,18.52,15.45,14.00,13.51,17.83,24.89,29.70,35.00,37.02,36.29,32.99,27.37,23.94,21.80,26.07,19.28,22.40,33.42,22.50,19.56,26.85,23.87,20.93,24.23,13.75,22.09,36.65
38.90,34.93,33.97,32.38,32.50,32.81,35.30,38.50,39.73,38.01,32.73,31.50,29.50,29.55,26.99,27.01,29.00,33.90,38.50,42.01,43.00,41.18,39.15,34.99,34.83,33.20,36.47,31.88,34.91,39.58,34.25,30.82,35.85,35.04,34.78,38.87,27.00,36.90,42.09
33.89,32.00,30.44,29.75,29.50,31.98,40.50,48.01,50.64,47.04,42.80,40.70,37.20,36.00,35.00,36.30,37.62,42.60,45.00,46.78,46.90,44.41,42.74,38.96,39.45,41.47,37.42,40.71,34.51,43.25,31.26,39.18,43.00,31.52,37.50,48.84,35.65,44.26,45.65
32.96,31.72,29.98,28.36,29.33,33.26,42.73,51.82,55.27,49.62,44.00,41.20,36.94,35.81,34.04,34.32,35.06,38.99,42.88,44.50,42.68,41.86,37.70,31.95,38.62,41.05,36.20,41.40,35.02,38.55,30.93,39.49,40.36,30.75,39.28,52.44,34.18,47.28,42.27
36.65,35.04,34.16,33.50,33.79,37.06,48.20,59.45,60.99,52.15,46.93,44.50,41.50,39.58,38.38,38.97,38.50,42.50,46.32,48.24,47.04,44.13,39.90,33.68,42.55,44.88,40.22,45.37,39.73,41.19,35.03,43.13,43.89,34.84,44.62,56.57,38.67,53.82,45.58
20.90,15.61,14.05,16.36,17.33,26.52,39.76,49.03,48.30,43.77,40.77,40.33,36.36,34.57,33.51,34.67,36.11,40.90,46.90,49.84,51.29,48.45,42.91,36.45,36.03,40.50,31.55,39.04,24.94,44.77,18.46,38.01,43.44,16.73,33.16,46.04,34.09,44.40,49.87
17.91,13.41,10.99,8.00,11.81,12.96,6.81,10.99,9.44,5.22,-0.59,-5.27,-16.00,-27.01,-33.30,-26.50,-8.70,5.31,16.46,20.10,26.34,25.92,25.74,22.00,5.50,-5.07,16.07,-11.75,11.61,25.00,12.51,-12.22,8.29,12.58,10.64,7.33,-29.90,8.90,26.13
27.32,23.48,21.19,20.08,20.06,20.61,20.42,23.40,21.99,21.05,18.43,16.80,12.70,5.36,1.01,3.14,9.24,17.69,24.00,28.63,31.81,28.95,28.23,22.47,19.50,15.00,24.00,12.56,22.07,27.86,22.12,13.32,19.89,23.02,21.12,21.52,2.08,21.91,30.38
39.29,35.97,33.78,32.54,33.04,32.69,37.00,40.50,40.60,39.06,35.02,33.60,31.02,28.51,26.12,27.91,28.76,33.50,39.00,43.00,42.75,40.05,38.89,31.94,35.19,33.84,36.54,32.73,35.60,38.41,34.55,32.04,36.06,35.40,35.81,39.83,27.01,38.75,41.40
31.56,28.90,27.50,27.26,28.50,32.01,42.10,49.50,53.18,50.58,45.00,43.57,40.53,39.44,37.48,36.51,36.00,39.93,46.29,49.88,52.51,50.26,45.60,40.30,40.60,43.20,38.00,43.28,33.42,47.17,29.29,42.13,43.03,28.81,38.03,51.88,37.00,45.80,51.38
28.95,24.87,23.02,22.94,22.61,27.62,36.95,44.48,49.36,45.67,41.98,39.50,35.66,35.50,33.48,32.54,33.31,35.70,40.36,43.50,43.85,42.09,39.57,34.50,35.75,38.88,32.62,39.21,28.93,40.00,25.00,38.16,38.22,24.94,32.91,47.51,33.01,40.72,42.97
35.80,33.01,33.00,31.91,32.70,35.50,44.12,56.10,60.50,57.80,52.44,49.10,43.13,41.41,39.39,37.68,36.32,38.47,42.44,44.89,44.09,41.44,38.94,32.69,41.79,45.30,38.28,47.68,37.77,39.29,33.65,46.52,40.53,33.43,42.11,59.15,38.53,50.11,42.76
26.49,24.65,23.69,22.93,23.67,29.16,43.56,52.45,57.56,53.96,48.01,44.40,38.95,37.50,35.82,37.97,37.74,43.07,47.78,51.13,50.22,48.25,44.14,38.38,40.06,44.49,35.63,44.27,30.82,45.25,25.10,42.22,44.93,24.44,37.21,55.76,36.90,48.00,49.24
22.38,21.12,17.82,17.29,20.42,26.97,40.70,49.93,49.39,41.76,40.94,39.81,38.33,36.82,34.52,34.87,36.02,37.98,42.04,47.54,49.03,46.38,44.48,32.23,36.20,40.00,32.39,39.55,27.08,43.03,21.00,38.97,40.89,19.65,34.50,45.58,34.69,45.31,47.71
17.48,14.57,14.00,12.45,11.40,11.50,11.36,14.50,19.36,19.47,17.71,19.29,14.28,-2.01,-3.44,6.34,12.21,16.54,23.98,27.79,26.57,26.10,26.10,20.00,15.73,14.29,17.17,11.37,13.41,24.69,13.57,12.32,20.13,14.62,12.19,19.42,1.45,12.93,26.33
37.15,32.50,29.50,26.50,26.40,27.50,30.60,35.83,39.30,36.50,32.99,31.54,30.19,27.95,25.70,25.02,25.50,29.49,36.23,37.64,37.00,35.47,33.05,26.50,31.50,31.50,31.50,31.15,30.75,33.01,29.92,30.66,32.21,31.41,30.08,37.90,25.36,33.22,36.24
23.26,22.50,21.50,22.32,24.37,26.83,35.68,42.63,47.49,45.00,41.68,39.42,37.81,35.49,34.80,34.54,36.66,41.20,47.09,50.20,49.50,47.50,42.69,37.92,37.00,40.95,33.06,39.53,27.39,44.40,23.46,38.60,43.78,22.40,32.38,46.24,34.67,39.16,48.50
25.79,24.80,22.93,20.99,21.06,19.99,23.03,25.00,24.92,23.08,21.11,20.04,17.17,15.17,12.24,12.40,11.86,15.66,21.88,26.40,30.20,28.99,28.00,23.35,21.50,18.49,24.51,18.27,22.95,27.63,22.59,18.37,18.95,23.63,22.27,24.00,12.32,24.02,29.59
22.98,21.80,21.45,21.99,22.21,27.02,40.50,47.44,49.90,46.75,40.50,39.30,36.00,34.76,34.00,34.50,35.44,39.50,45.06,47.69,45.40,41.40,37.80,33.05,36.10,40.28,31.92,39.46,28.17,39.41,22.91,37.64,41.92,22.05,34.29,48.33,34.25,43.97,43.40
23.84,21.50,22.30,20.72,21.96,26.00,38.00,41.80,39.58,37.92,33.94,31.50,27.63,24.14,20.55,22.98,25.50,32.00,37.90,42.83,44.10,39.48,35.15,29.15,30.85,31.37,30.33,29.78,27.02,36.97,22.72,29.30,34.56,22.09,31.94,38.75,21.76,39.90,41.79
22.57,21.00,21.43,21.50,25.40,29.03,43.31,45.00,43.49,39.94,36.65,36.92,33.25,33.61,31.95,31.34,35.66,38.92,42.22,42.47,46.14,43.05,37.00,28.57,34.60,37.20,32.00,35.89,28.65,38.69,23.49,35.11,39.82,21.62,35.69,41.72,31.64,44.15,44.59
23.54,19.37,18.37,18.28,17.55,19.92,20.00,20.03,19.07,18.08,14.49,15.83,10.51,3.51,-8.42,0.50,6.23,15.90,22.41,28.05,30.01,28.11,28.53,23.37,17.22,12.18,22.26,9.20,19.63,27.50,19.50,11.08,18.15,19.89,19.38,18.57,-3.96,20.02,29.06
32.90,29.89,29.07,28.17,27.94,28.92,32.16,33.00,31.99,29.44,25.05,23.29,22.22,17.50,15.57,16.36,16.50,24.04,30.58,35.50,34.90,32.46,31.26,26.54,27.30,24.00,30.60,22.68,30.26,31.29,29.48,22.02,26.65,30.01,30.51,30.71,15.96,32.58,33.68
34.22,31.82,31.87,31.41,32.67,35.34,46.01,51.46,54.13,48.55,43.50,40.84,38.10,35.99,34.14,34.89,34.13,37.10,41.93,45.46,46.30,44.75,39.16,33.55,39.47,40.73,38.21,41.27,36.85,40.94,32.89,39.61,39.65,32.33,41.37,51.34,34.51,48.73,45.53
34.50,31.71,30.87,30.22,30.50,33.00,44.80,50.06,51.79,49.07,46.94,43.69,40.49,40.02,37.90,39.00,37.90,41.02,45.49,49.42,49.99,46.62,43.39,36.36,41.03,43.56,38.50,43.61,35.71,44.09,31.80,42.79,43.46,31.83,39.59,50.43,38.45,47.43,48.30
27.71,23.82,23.63,23.31,23.15,26.87,41.60,50.47,51.96,46.98,43.02,43.08,40.18,39.00,36.70,35.36,36.00,39.99,46.60,52.63,54.38,49.00,40.62,34.52,38.77,42.62,34.92,42.03,30.07,44.63,24.75,41.32,43.80,24.62,35.52,49.47,36.03,46.03,51.69
-0.70,-5.39,-18.96,-13.01,-25.28,-14.66,-17.05,-13.40,-10.70,-15.03,-30.63,-23.30,-38.18,-47.90,-57.49,-35.90,-17.84,-1.26,17.00,24.24,31.82,32.41,34.35,28.00,-9.12,-19.75,1.51,-32.39,-13.55,31.64,-13.00,-35.00,5.54,-9.51,-17.60,-12.87,-46.69,-15.22,32.11
10.15,5.30,3.04,2.35,2.97,6.19,28.63,33.34,29.82,26.66,22.55,20.15,16.47,13.52,9.43,13.82,20.05,26.21,34.05,35.70,40.51,37.70,36.91,28.58,21.00,22.37,19.64,19.05,11.49,35.92,5.00,18.17,29.00,5.21,17.78,28.24,11.62,30.98,39.10
31.70,26.00,24.93,23.30,24.55,24.00,23.50,26.64,25.26,23.68,21.49,21.93,19.47,11.67,8.78,7.95,12.08,16.82,23.19,28.00,28.00,24.00,23.00,16.19,21.51,18.36,24.65,17.53,25.58,22.80,25.75,18.64,20.02,26.48,24.67,24.47,8.37,25.07,26.00
30.99,28.18,24.45,24.12,24.99,25.73,26.99,28.72,31.49,30.00,27.99,25.12,24.00,20.50,18.44,21.83,25.50,31.00,40.30,43.15,42.70,42.30,41.62,39.49,29.98,28.28,31.69,24.92,26.77,41.53,26.41,24.40,34.99,26.93,26.61,30.74,20.14,27.86,42.50
30.49,28.48,27.47,26.13,28.80,31.50,40.88,48.19,51.93,46.42,42.92,40.22,35.36,33.73,32.93,32.99,34.98,39.50,45.26,48.20,47.99,43.39,39.49,32.99,37.93,40.37,35.48,39.56,32.74,40.97,28.81,38.06,41.98,28.14,37.34,49.18,32.96,44.53,45.69
26.70,21.96,17.93,17.16,19.49,25.22,36.17,40.59,42.75,39.19,32.00,31.44,27.20,23.48,21.97,23.40,24.96,30.76,37.74,44.33,45.40,43.49,41.52,34.93,31.24,31.60,30.88,30.18,25.65,41.34,21.41,28.53,34.45,20.94,30.37,40.97,22.69,38.38,44.45
29.76,28.95,25.73,21.91,19.31,21.87,28.35,32.14,33.96,30.78,26.27,25.22,23.89,23.01,22.00,22.67,22.71,28.22,33.03,38.27,41.48,38.99,36.51,31.44,28.60,27.50,29.70,25.97,26.00,37.11,24.59,24.60,30.56,26.59,25.42,32.37,22.33,30.25,40.24
30.50,27.78,24.04,23.00,23.06,27.50,38.78,45.00,42.43,37.50,33.00,31.87,27.98,27.02,28.02,29.49,30.13,33.85,39.97,45.56,49.89,47.75,44.96,38.00,34.46,33.90,35.02,32.16,29.96,45.15,25.98,29.97,37.38,26.33,33.58,39.96,28.75,41.89,48.82
27.50,23.52,22.75,21.00,22.37,26.85,38.53,44.54,45.26,39.43,32.82,32.00,29.77,27.79,27.56,27.00,26.88,31.17,37.00,39.33,41.50,37.00,33.66,26.83,31.75,33.00,30.50,32.70,28.38,34.75,24.00,30.60,33.59,23.69,33.07,42.35,27.28,41.53,39.25
29.50,24.45,23.33,21.25,21.50,20.97,20.50,20.00,19.49,19.38,15.58,16.13,15.49,9.64,4.06,6.83,9.24,16.89,28.39,33.04,35.97,34.47,32.79,29.91,21.20,16.18,26.22,13.32,22.69,33.28,23.50,14.21,21.89,24.63,20.74,19.43,5.45,20.25,35.22
31.94,29.50,28.45,27.35,26.88,28.33,29.96,31.85,32.22,32.82,30.94,28.70,27.11,22.68,19.47,21.00,22.50,29.71,36.99,41.48,42.81,40.80,40.00,35.93,30.81,28.80,32.81,26.87,29.28,39.88,28.74,27.36,32.67,29.31,29.25,32.52,20.23,30.90,41.80
31.62,30.50,29.50,28.60,30.44,33.50,42.49,48.52,48.13,44.79,42.10,39.49,35.51,33.49,32.50,32.07,33.50,37.49,43.63,48.30,50.37,47.04,42.32,37.09,38.46,39.25,37.67,38.51,34.40,44.20,30.69,37.65,40.73,30.06,38.74,46.46,32.28,45.51,48.70
33.03,31.73,30.50,29.50,29.74,33.66,42.53,50.07,50.15,43.50,40.78,39.49,36.49,35.49,34.49,34.42,35.90,39.48,45.06,49.57,50.00,45.50,39.30,33.20,38.90,40.40,37.40,39.35,35.09,42.00,31.36,38.06,42.50,31.19,39.00,46.82,34.45,46.30,47.75
36.49,34.99,33.37,32.50,33.43,35.33,44.50,53.50,52.91,46.72,41.65,38.90,36.06,34.66,34.50,34.35,36.00,40.94,46.51,51.83,53.43,49.05,43.00,36.96,40.90,41.25,40.55,39.97,38.01,45.61,34.35,37.82,43.82,34.34,41.69,49.81,34.42,49.00,51.24
41.10,38.36,36.65,34.35,35.37,39.76,48.00,54.05,58.51,51.36,45.50,42.50,40.11,39.10,38.31,38.65,40.00,45.05,48.79,53.93,54.07,49.50,44.97,40.48,44.10,45.15,43.05,44.25,40.95,47.25,37.60,41.80,46.94,37.62,44.29,54.93,38.48,51.02,51.79
36.50,32.00,29.90,27.01,29.02,34.82,51.44,59.17,61.21,56.25,49.79,49.51,46.49,45.49,44.49,42.39,41.70,43.50,48.90,51.08,55.06,49.96,44.70,38.07,44.52,48.40,40.64,49.45,37.48,46.95,31.54,47.82,46.29,31.35,43.61,58.73,43.44,55.30,52.51
31.83,30.10,26.84,25.97,26.00,26.38,27.43,27.63,28.43,27.37,26.05,25.70,23.70,20.16,16.29,18.47,20.64,24.51,31.58,39.49,40.87,39.89,40.03,36.23,28.40,25.20,31.60,23.27,27.77,39.26,27.85,23.90,29.06,28.68,26.86,27.90,17.38,27.53,40.38
33.49,31.66,29.51,28.66,28.82,31.00,33.27,36.43,36.35,35.07,30.28,27.62,24.50,21.70,20.75,22.60,25.77,32.50,39.09,42.82,46.19,44.25,43.26,40.31,32.74,29.92,35.57,27.36,31.60,43.50,30.52,26.02,35.04,30.83,32.38,35.71,21.68,34.85,45.22
23.90,22.94,21.94,21.73,24.42,29.43,42.22,47.35,49.48,45.80,44.72,43.00,40.01,37.85,36.26,36.40,36.32,38.73,43.23,44.30,45.37,42.25,41.00,35.39,37.25,41.34,33.16,41.69,29.24,41.00,24.06,41.40,40.64,22.63,35.85,47.64,36.33,44.78,43.81
24.95,22.49,20.52,19.50,20.86,26.49,36.50,41.50,39.13,36.00,29.75,26.76,22.17,21.02,18.98,20.46,22.50,30.75,36.49,38.00,37.50,34.24,29.92,24.56,28.38,28.50,28.25,26.78,26.60,31.55,22.47,24.92,31.94,21.86,31.34,37.56,19.72,39.00,35.87
25.14,23.79,22.00,21.00,23.40,28.31,39.02,43.72,43.76,39.50,35.69,35.18,33.00,32.12,29.87,32.07,32.50,36.79,40.00,42.20,41.52,37.33,32.70,27.35,33.25,36.06,30.44,35.15,28.30,34.72,23.94,34.00,37.87,22.98,33.61,41.63,30.97,41.37,39.42
30.99,28.63,26.81,24.50,25.50,30.50,41.01,47.58,48.29,43.96,41.22,39.09,34.21,33.91,32.37,33.70,33.36,36.62,40.17,42.01,41.44,37.17,35.08,27.50,35.65,38.24,33.06,38.34,31.94,35.30,27.82,37.11,38.04,27.73,36.15,46.12,33.03,44.29,39.30
33.99,32.52,29.67,29.22,30.21,35.05,47.87,56.02,57.92,51.60,44.50,42.50,38.88,37.58,35.56,35.96,37.27,41.90,45.52,48.28,51.00,47.31,42.40,33.73,41.10,43.12,39.08,43.06,36.82,43.61,31.78,40.87,43.24,31.35,42.29,54.76,35.76,51.94,49.16
24.53,21.80,19.84,19.91,20.69,23.17,24.77,25.09,26.51,25.12,19.95,19.27,17.05,11.50,7.73,10.15,11.89,23.49,33.99,42.50,43.53,41.88,42.04,37.61,24.75,20.76,28.74,17.16,22.47,41.26,21.66,16.94,27.97,21.52,23.43,25.81,8.94,24.93,42.71
17.14,13.01,10.56,11.16,10.00,11.69,14.27,17.49,20.46,18.61,11.00,2.94,-2.80,-8.51,-13.50,0.99,8.13,25.23,36.35,39.15,35.82,33.66,32.00,27.20,15.50,11.50,19.50,3.65,13.16,32.17,12.26,0.66,27.21,12.97,13.36,19.53,-6.26,15.88,34.74
31.98,30.87,30.90,28.69,32.97,36.60,47.50,55.48,56.00,48.28,41.88,38.50,32.29,29.03,27.57,27.17,28.64,34.90,40.00,42.00,39.50,34.84,33.30,26.38,36.47,37.19,35.75,37.59,36.87,33.50,32.00,35.43,36.38,30.61,43.14,52.14,27.37,51.49,37.17
28.27,24.79,21.58,18.86,19.96,26.50,37.00,43.59,42.14,36.50,30.40,26.51,21.16,20.70,19.27,17.87,19.60,25.98,33.14,40.32,43.96,40.42,38.50,32.05,29.54,27.80,31.29,26.82,27.57,38.73,23.33,24.69,29.76,23.37,31.76,39.32,18.57,40.29,42.19
27.61,23.85,21.39,20.00,23.56,30.59,43.30,52.00,56.18,52.51,46.02,43.50,39.64,37.37,37.10,35.91,34.50,36.69,40.55,44.07,44.80,39.20,35.94,28.05,37.26,42.00,32.52,43.53,30.29,37.00,24.50,41.63,38.95,23.21,37.36,54.34,36.50,47.65,42.00
27.49,24.63,23.85,21.11,21.05,27.95,37.99,48.62,51.99,49.00,42.77,38.73,32.98,38.00,35.35,32.85,31.70,35.08,36.98,46.25,54.10,47.30,41.85,30.12,36.57,39.30,33.84,40.21,29.09,43.34,24.35,38.12,37.50,24.27,33.90,50.49,34.10,43.31,50.70
29.45,21.72,20.88,18.25,19.04,19.82,24.70,25.06,28.90,30.75,23.22,24.26,20.41,17.91,13.50,14.57,19.45,27.72,33.26,38.66,42.43,41.46,36.05,30.10,25.90,24.38,27.41,21.69,22.36,37.51,21.53,21.45,29.77,22.57,22.15,29.82,14.03,24.88,41.94
27.05,22.78,19.80,19.99,19.72,19.66,10.47,14.87,18.07,23.36,19.68,23.27,20.16,8.96,3.08,0.12,3.06,14.69,26.18,30.37,35.97,32.06,35.53,31.18,20.00,15.91,24.09,14.59,19.29,33.68,21.50,18.02,18.57,22.40,16.18,20.71,1.60,12.67,34.01
20.88,18.36,13.31,17.70,15.52,19.00,21.27,24.70,30.78,35.47,35.90,35.10,34.08,31.01,29.09,30.04,30.89,34.28,37.80,43.04,38.93,34.72,34.79,29.30,29.00,33.96,24.04,32.68,18.84,34.44,17.46,34.02,36.50,17.56,20.12,33.13,29.56,22.99,36.83
40.37,38.63,35.73,34.88,34.99,37.40,37.79,38.58,37.49,35.45,34.04,32.49,27.99,22.90,18.14,20.01,21.00,24.16,27.61,29.91,29.26,23.24,25.38,19.80,30.30,27.60,33.00,28.56,37.30,24.42,37.00,29.35,25.67,37.40,37.19,36.47,19.07,38.19,26.25
24.05,22.74,20.50,19.50,22.50,28.24,36.29,45.06,47.80,44.07,37.55,36.82,35.07,35.32,35.60,36.76,38.71,44.34,52.19,59.00,59.37,49.54,46.40,40.70,38.25,41.93,34.57,38.62,27.36,49.00,22.92,36.19,48.56,21.70,33.02,45.93,36.18,40.67,54.45
34.72,33.50,32.87,31.85,32.55,35.54,43.67,51.42,52.49,51.06,47.42,47.08,44.39,41.92,41.36,40.47,39.68,40.77,42.00,43.00,42.40,37.79,34.77,29.92,40.52,44.30,36.75,45.77,37.01,36.22,33.50,45.20,41.36,33.23,40.79,51.77,40.91,47.54,40.09
41.47,41.38,40.57,38.82,39.47,41.30,51.99,64.61,68.49,64.15,56.50,51.41,47.32,45.08,41.94,41.00,42.49,46.99,50.13,52.23,46.99,39.53,36.03,31.04,46.70,50.64,42.77,51.99,44.95,38.40,40.50,50.08,47.96,40.56,49.34,66.32,41.47,58.30,43.26
37.14,36.94,35.99,35.23,37.07,40.50,57.25,73.96,70.30,63.48,56.33,50.95,47.97,44.96,44.93,45.49,46.00,50.49,60.49,66.72,64.00,50.69,45.02,39.96,50.08,54.01,46.14,53.05,44.26,49.92,37.14,50.05,55.92,36.32,52.19,66.89,45.21,65.61,57.34
39.10,37.99,,36.70,37.20,36.50,36.50,36.94,37.29,39.00,34.29,35.99,33.81,28.50,26.37,31.40,31.50,38.09,47.69,49.90,50.51,47.29,45.69,41.50,38.25,36.15,40.54,33.33,37.28,46.25,37.50,33.15,41.79,37.93,36.79,38.15,28.88,36.72,48.90
41.35,40.30,39.00,38.70,38.58,38.79,40.74,41.63,42.00,43.00,41.13,38.50,37.60,35.77,36.15,36.62,40.91,45.88,54.06,58.37,53.05,47.22,45.00,42.00,42.35,42.50,42.20,38.85,39.89,46.82,39.45,38.25,49.81,39.84,39.93,42.50,36.38,41.19,50.14
42.24,40.61,39.51,38.51,38.86,42.50,52.86,66.81,73.87,71.85,64.38,59.70,53.70,50.70,49.66,49.40,49.02,56.93,63.98,75.00,57.96,46.79,45.55,41.70,53.00,59.85,46.16,59.16,45.24,48.00,40.37,57.12,61.23,40.22,50.26,72.86,49.53,59.83,52.38
30.57,28.00,23.25,22.61,21.40,24.78,32.98,39.40,41.38,38.50,37.84,38.23,38.92,39.00,39.99,43.50,47.00,55.33,65.40,76.75,64.88,54.96,52.20,43.97,41.70,46.82,36.58,39.67,27.87,54.00,25.10,38.50,61.12,26.11,29.64,39.94,41.75,36.19,59.92
40.28,39.50,38.51,38.50,40.00,43.20,56.50,72.87,71.97,61.49,53.84,49.06,46.35,45.50,44.98,46.47,49.60,56.30,67.84,76.19,56.31,46.20,40.51,36.00,50.75,55.80,45.70,52.46,46.17,44.75,40.00,48.69,62.48,39.20,53.14,66.73,45.73,64.69,51.25
38.64,36.50,35.75,34.77,32.85,35.63,43.50,51.48,51.00,44.71,38.50,36.18,33.76,34.00,33.18,36.79,39.99,48.31,61.40,67.95,55.32,46.70,45.49,40.50,42.62,43.81,41.43,38.51,38.64,47.00,35.69,35.61,54.41,36.42,40.87,47.86,34.98,47.49,51.01
31.00,30.90,30.00,29.90,33.00,37.48,52.33,70.30,63.00,54.00,50.15,49.32,44.67,44.48,45.99,47.50,50.28,58.98,72.35,70.40,65.20,50.34,44.63,37.93,48.50,54.26,42.75,49.89,39.36,49.53,32.05,47.15,63.00,30.45,48.28,58.50,46.75,61.31,57.77
-1.05,-15.16,-16.18,-11.57,-9.21,-10.15,-14.40,-18.42,-25.18,-24.82,-22.40,-26.18,-27.62,-43.80,-33.03,-12.91,3.22,15.24,29.78,33.22,35.82,37.40,37.50,34.02,-3.58,-11.21,4.05,-26.99,-12.02,36.18,-10.55,-30.00,20.37,-10.99,-13.04,-25.00,-22.97,-16.41,36.61
14.92,10.07,5.88,4.48,3.42,5.15,2.00,2.46,5.83,7.10,1.98,0.50,-3.01,-15.48,-9.31,-2.33,3.62,8.69,20.55,21.20,11.96,6.80,6.08,-5.73,4.45,3.28,5.62,-1.84,6.05,4.78,7.32,-4.00,13.51,8.84,3.26,6.47,-5.82,2.23,9.38
10.52,8.60,7.20,7.50,12.82,17.85,30.77,40.00,43.20,38.00,36.04,35.03,32.70,29.47,28.20,27.62,29.01,32.50,38.60,37.50,27.34,21.74,18.12,12.50,25.95,33.99,17.91,33.78,16.91,19.92,10.75,33.31,34.40,8.45,25.36,40.60,27.91,35.38,24.54
27.82,24.65,21.75,20.02,22.47,26.00,35.59,41.00,37.26,33.93,28.40,27.00,23.21,23.21,21.43,25.50,29.00,33.36,37.00,37.69,33.66,28.50,25.58,19.06,28.46,29.75,27.18,27.49,27.41,26.70,23.79,25.45,34.26,23.56,31.27,35.59,23.46,38.30,31.08
35.41,33.50,33.06,31.83,33.50,37.80,47.79,57.00,57.91,55.90,53.69,51.70,49.50,47.77,48.00,49.00,49.90,56.00,60.92,60.50,49.10,42.51,39.00,34.70,46.50,53.40,39.60,51.68,38.74,41.33,34.18,50.66,56.83,33.45,44.02,56.90,48.50,52.39,45.80
29.00,27.66,26.00,25.95,26.96,29.60,37.13,45.05,46.72,45.71,41.58,41.01,40.62,40.87,40.02,41.00,42.70,47.18,50.70,49.92,43.57,39.37,38.25,34.70,38.80,44.00,33.60,42.19,30.92,38.97,27.53,41.02,47.63,27.15,34.68,46.22,40.51,41.09,41.47
22.50,21.01,20.29,20.32,23.00,27.50,35.95,41.98,46.36,44.73,42.53,41.88,40.25,37.16,36.54,38.70,39.13,41.82,46.53,45.52,38.77,33.14,30.08,25.90,35.07,41.76,28.37,41.02,26.57,31.97,22.44,40.45,43.25,21.03,32.11,45.54,37.62,38.96,35.96
23.47,20.10,20.28,19.07,18.11,17.83,18.92,19.49,20.89,22.30,20.86,21.39,19.05,16.38,14.04,15.41,18.77,23.40,26.95,27.03,24.60,22.47,22.05,18.96,20.49,20.54,20.45,18.79,19.66,22.02,19.81,19.42,24.04,20.73,18.59,21.59,14.73,19.20,23.54
33.94,30.99,28.50,27.78,27.06,26.05,28.17,29.69,34.27,36.73,36.30,36.63,35.70,34.00,32.00,31.53,32.93,36.60,41.50,42.41,37.76,34.49,34.49,31.53,33.38,35.88,30.87,34.64,29.02,34.57,29.05,35.66,38.36,30.30,27.74,35.50,31.76,28.93,36.13
20.53,19.50,18.40,19.15,23.42,27.99,35.50,41.72,42.36,40.91,39.39,38.04,36.07,35.03,37.19,40.03,43.88,49.27,54.95,55.87,49.48,44.20,42.43,39.00,37.26,42.75,31.78,38.63,25.78,43.77,21.50,37.13,50.99,19.40,32.16,41.63,38.61,38.61,46.84
34.45,32.64,31.79,31.27,31.13,33.45,39.71,45.57,45.75,39.24,35.71,32.59,30.80,30.07,31.36,33.49,35.90,41.35,46.20,44.50,38.65,33.49,32.53,29.24,35.87,37.25,34.49,34.88,35.00,33.48,32.45,32.29,41.99,32.54,37.46,42.50,32.42,42.64,36.07
39.91,37.92,37.10,36.59,37.07,39.50,46.79,59.50,65.40,63.45,59.96,55.20,49.97,47.69,47.50,47.50,50.00,55.50,63.62,64.42,53.44,43.86,40.00,36.50,49.10,55.85,42.35,54.58,41.80,43.45,38.01,53.20,58.38,37.88,45.71,64.43,47.50,53.15,48.65
36.57,36.08,34.99,35.45,35.08,37.83,46.00,59.00,61.50,60.00,54.89,53.31,49.65,46.99,45.41,47.01,44.96,54.33,60.84,57.00,56.05,48.38,43.00,38.00,47.60,52.99,42.20,52.34,40.12,46.36,36.00,51.21,54.28,35.77,44.48,60.75,46.21,52.50,52.21
32.01,32.24,32.43,33.00,34.82,37.71,48.32,59.37,61.82,58.78,54.91,51.61,49.75,49.66,49.50,52.39,56.06,62.54,74.77,71.00,62.94,51.00,47.28,41.90,50.24,57.73,42.75,53.55,38.74,50.78,33.70,51.48,66.09,32.42,45.06,60.30,50.94,53.85,56.97
27.77,24.40,24.40,24.28,24.50,23.67,23.71,26.00,29.88,32.32,31.87,34.12,32.90,30.71,30.51,31.20,35.55,42.11,46.09,42.91,38.60,36.50,36.51,33.94,31.85,35.01,28.69,31.69,24.84,36.39,24.84,32.40,41.66,25.21,24.47,31.10,30.85,24.85,37.55
36.95,35.47,34.28,34.06,32.92,31.95,30.00,31.99,37.00,36.98,31.61,29.02,29.17,28.00,27.77,29.94,34.96,41.50,45.50,42.87,38.50,34.50,35.18,31.92,34.25,34.53,33.98,31.19,33.45,35.02,34.27,29.45,41.21,35.19,31.71,36.99,28.86,31.00,36.50
32.05,32.49,33.01,31.93,33.68,35.50,41.70,49.79,48.77,42.69,38.34,36.13,34.97,33.66,34.07,36.06,42.79,55.48,67.69,60.97,52.32,45.07,44.40,41.85,41.89,44.30,39.48,38.09,36.27,45.91,33.11,35.78,56.73,32.37,40.17,45.73,35.06,45.75,48.69
29.20,28.67,27.06,27.49,27.41,30.30,36.50,46.35,42.61,36.00,31.37,28.30,28.31,28.00,27.68,29.26,30.49,36.95,42.00,41.06,36.70,32.01,32.05,30.25,32.75,33.50,32.00,31.44,31.62,32.75,28.35,28.99,37.62,28.10,35.14,39.30,28.47,41.43,34.36
35.00,34.69,34.92,34.02,34.28,37.09,42.86,57.40,53.68,43.40,38.58,35.03,31.20,31.02,32.03,35.80,37.04,43.46,48.79,44.99,38.64,34.03,32.00,28.13,38.25,39.58,36.92,37.59,38.78,33.20,35.00,33.96,43.57,34.66,42.90,48.54,33.91,50.13,36.34
38.99,38.11,37.97,36.35,38.07,41.50,51.95,73.79,71.93,62.74,52.62,48.53,44.67,44.03,44.64,47.01,51.56,60.64,73.00,66.06,54.32,45.96,42.21,37.14,50.16,55.62,44.70,52.02,44.59,44.91,38.50,47.46,62.82,37.86,51.33,67.34,45.83,62.87,50.14
37.00,35.41,34.90,33.97,35.24,38.53,58.20,71.08,65.68,61.53,56.57,51.50,46.25,44.77,46.85,52.47,55.84,63.53,72.20,66.85,57.98,51.12,45.44,41.14,51.00,57.00,45.00,53.20,43.04,48.92,35.84,49.77,64.60,35.32,50.76,63.61,49.66,64.64,54.55
28.28,28.23,28.69,27.30,29.64,29.77,31.05,34.65,32.72,32.02,31.98,32.72,30.37,26.78,27.15,29.06,33.05,40.56,46.14,45.47,43.90,40.99,40.89,37.38,33.70,34.00,33.40,30.35,29.70,40.79,28.65,30.46,41.31,28.12,31.27,32.37,28.10,32.85,42.45
36.60,36.21,36.10,35.40,34.90,35.60,29.51,32.05,28.99,26.54,20.20,8.44,3.67,-0.07,5.10,4.29,17.10,30.99,36.58,34.00,31.04,29.84,32.77,28.80,25.61,17.98,33.24,12.14,34.55,30.61,35.80,8.06,29.67,36.08,33.01,27.77,4.69,30.78,30.44
37.16,37.40,36.20,36.00,37.60,39.51,47.44,59.65,59.00,55.63,48.73,43.88,40.17,38.20,38.38,39.21,41.52,49.44,52.50,47.50,42.10,38.34,37.46,34.99,43.25,46.18,40.32,45.40,41.37,38.22,37.31,42.74,47.74,36.69,46.05,57.31,38.79,53.54,40.22
37.92,37.42,36.67,36.38,36.51,38.91,46.96,58.47,59.80,58.61,52.91,47.00,42.99,42.00,42.94,44.60,47.95,53.33,58.57,54.00,45.38,41.29,39.63,36.58,45.70,50.39,41.01,48.85,41.15,40.72,37.30,46.22,53.46,37.10,45.21,59.20,43.77,52.71,43.33
39.00,37.71,36.50,35.00,35.98,39.31,46.60,59.80,61.15,59.46,54.93,50.00,48.71,47.50,47.45,48.02,49.82,55.37,64.99,61.81,51.31,43.60,42.32,38.50,48.12,54.10,42.14,52.15,41.24,43.93,37.25,50.28,58.00,37.05,45.42,60.31,47.73,53.20,47.46
39.48,38.50,38.50,38.05,37.50,38.51,46.85,58.28,60.02,58.65,56.68,54.64,51.47,50.27,49.00,50.00,50.56,54.17,57.97,54.10,50.13,44.50,40.79,37.00,48.15,53.96,42.34,53.84,41.96,43.10,38.42,53.26,54.20,38.63,45.28,59.33,49.50,52.56,47.31
32.71,31.72,31.33,31.00,31.60,33.71,44.33,52.71,55.86,54.51,51.01,49.50,46.80,45.85,45.47,46.80,48.65,51.13,54.76,49.72,46.30,40.68,38.40,34.81,43.72,50.00,37.44,49.47,36.14,40.05,32.01,48.29,51.06,31.69,40.59,55.18,46.13,48.52,43.49
34.55,33.40,32.35,31.50,31.51,31.50,32.00,33.44,32.26,34.16,33.81,34.73,33.14,30.69,30.18,31.09,33.00,40.12,44.23,42.60,39.70,36.60,37.40,34.50,34.52,35.00,34.04,32.51,32.53,37.05,32.47,33.09,39.99,32.95,32.11,33.21,30.63,32.72,38.15
36.41,35.40,33.71,33.64,33.50,34.40,35.50,37.90,41.00,44.80,45.91,45.49,44.45,41.00,38.49,38.49,39.37,44.00,47.47,46.50,42.47,39.43,39.12,36.17,39.78,43.08,36.47,42.45,35.06,39.30,34.51,44.21,44.33,34.79,35.33,42.90,38.49,36.70,40.95
30.42,29.50,28.96,28.49,29.00,30.62,34.51,45.25,45.25,44.25,41.62,38.55,35.58,33.70,35.07,37.89,42.40,47.15,51.00,48.56,44.26,40.89,39.50,37.35,38.32,41.75,34.90,38.99,32.09,40.50,29.50,37.36,47.27,29.34,34.84,44.75,36.48,39.88,42.58
26.99,24.95,22.65,21.76,22.14,23.99,31.00,38.43,37.93,37.07,35.96,34.89,33.42,32.82,34.39,38.00,40.51,43.00,47.57,43.50,40.40,36.40,35.80,32.12,33.98,38.25,29.72,35.56,26.49,36.18,23.75,34.27,43.64,24.09,28.89,37.50,36.19,34.71,38.40
33.48,33.00,32.50,31.98,33.30,34.64,42.47,52.26,54.81,50.45,46.57,42.43,39.66,37.95,40.17,43.05,43.90,46.39,47.90,41.65,36.50,32.12,29.49,26.12,39.70,44.58,34.82,44.39,36.70,31.06,33.15,41.65,44.96,32.74,40.67,52.63,41.61,47.37,34.31
32.04,31.01,31.00,30.90,31.45,33.02,39.06,47.91,48.56,45.73,42.00,39.81,37.69,37.51,39.98,42.50,44.59,49.99,54.12,47.99,43.20,38.99,37.50,34.12,40.03,44.21,35.85,41.72,34.55,38.45,31.57,39.25,49.17,31.24,37.86,47.15,41.24,43.49,41.10
25.32,23.34,18.28,16.90,17.75,21.90,33.16,41.85,44.00,42.99,40.00,38.35,36.03,34.50,36.00,40.00,40.52,45.28,49.20,45.70,38.30,34.45,32.25,28.86,34.37,41.05,27.70,38.98,24.81,33.46,20.58,37.22,45.17,20.96,28.66,43.50,38.00,37.50,36.38
22.00,18.00,15.11,12.79,10.73,7.04,2.61,4.30,5.64,9.80,10.37,11.00,8.25,8.10,9.24,10.41,15.46,23.74,27.66,27.14,26.74,25.99,27.10,20.79,15.00,13.90,16.10,9.10,11.57,25.15,14.28,9.43,23.50,16.97,6.17,7.72,9.82,3.46,26.37
36.50,35.30,34.10,34.81,34.29,34.68,35.11,37.90,41.46,44.62,43.98,43.01,41.69,39.35,38.98,38.50,40.35,44.75,46.75,43.01,36.07,33.00,32.22,29.00,38.31,42.20,34.41,41.45,35.34,32.57,34.95,42.01,43.71,35.18,35.49,43.04,38.74,36.50,34.54
33.00,32.94,31.56,32.00,32.00,32.73,36.90,49.50,51.01,49.80,48.50,45.50,42.62,40.38,41.43,42.73,45.90,50.01,51.00,47.91,42.31,39.00,39.05,36.93,41.45,46.40,36.49,45.25,35.08,39.32,32.37,44.25,48.70,32.38,37.78,50.40,42.08,43.20,40.65
37.19,36.50,36.00,35.00,35.04,36.16,44.07,59.00,64.66,62.28,57.62,51.56,48.20,47.95,49.75,51.91,54.50,61.00,64.52,58.67,47.50,41.76,40.19,37.12,48.26,56.05,40.46,54.24,39.87,41.64,35.98,51.33,59.67,36.17,43.57,63.47,50.83,51.53,44.63
36.50,36.29,35.00,35.09,35.67,37.45,43.05,57.42,64.30,61.83,57.76,53.49,51.26,50.05,50.40,52.41,55.50,62.65,65.63,59.72,48.06,42.86,39.65,36.82,48.70,57.08,40.32,55.19,39.56,41.85,36.00,53.14,60.88,35.72,43.40,63.06,51.41,50.23,45.46
37.50,36.20,35.13,35.00,35.99,38.40,47.58,62.00,66.13,64.08,59.95,56.00,51.80,50.01,50.00,52.60,59.87,64.46,66.69,62.00,52.50,44.80,41.60,38.71,50.37,58.63,42.12,56.32,40.98,44.40,36.37,54.44,63.25,35.96,45.99,65.10,51.30,54.79,48.65
33.15,32.65,31.42,31.38,30.30,34.91,43.71,54.64,57.49,54.43,51.57,51.00,49.09,49.89,49.45,51.33,53.50,61.37,63.72,58.83,52.12,46.33,45.00,40.01,46.97,54.30,39.63,51.78,36.52,45.87,32.30,50.39,59.35,32.15,40.89,55.96,50.39,49.17,49.23
32.89,31.29,30.45,29.00,28.31,28.31,27.78,29.06,32.94,35.38,36.00,37.34,36.50,33.33,32.55,32.50,34.50,40.49,44.00,41.93,36.93,33.50,33.69,31.31,33.75,36.45,31.04,34.57,29.64,33.86,30.04,35.79,40.23,30.91,28.36,34.16,32.53,28.42,35.21
34.53,33.00,33.05,31.09,31.17,31.80,32.42,36.63,41.15,45.00,45.58,45.49,44.08,41.21,39.28,38.73,40.30,45.00,48.11,45.00,41.01,36.90,37.05,33.65,38.80,43.24,34.36,42.56,32.96,37.15,32.44,44.09,44.60,32.92,33.00,43.07,39.00,34.52,38.96
30.06,29.05,28.82,27.43,28.73,31.97,38.85,49.55,48.98,47.58,46.00,44.73,43.61,42.13,42.00,42.76,43.85,49.63,53.29,50.41,45.75,41.99,40.99,38.48,41.11,46.25,35.97,44.72,33.06,41.80,29.34,44.12,49.29,28.84,37.27,48.28,42.38,44.20,43.87
22.96,20.99,20.70,17.99,19.64,24.64,32.58,39.00,39.30,36.07,33.53,32.29,31.30,30.89,31.70,35.82,40.00,44.16,47.00,45.56,41.68,36.86,35.74,31.92,33.01,37.30,28.72,33.86,24.81,36.55,21.15,32.00,44.18,20.66,28.97,37.69,33.76,35.79,39.27
31.99,29.84,26.49,23.77,23.08,25.98,32.49,41.38,41.55,38.85,36.04,35.00,32.98,30.96,31.29,31.53,30.75,35.45,37.49,36.00,32.29,28.34,26.93,20.51,31.71,34.82,28.59,34.77,29.38,27.02,26.86,33.74,34.92,28.02,30.73,40.20,31.41,36.94,30.32
11.30,10.01,8.12,9.02,13.12,20.00,32.00,43.31,44.00,41.83,39.47,37.54,36.50,36.26,37.96,42.06,45.00,50.35,53.80,51.60,44.01,38.77,37.96,32.00,34.00,43.03,24.97,39.45,18.36,38.18,11.93,37.44,50.19,9.61,27.10,42.91,40.01,37.65,41.39
0.31,-1.60,-8.31,-10.13,-10.00,2.95,21.15,32.36,33.15,29.34,27.22,25.70,25.12,21.34,20.99,26.07,29.49,34.47,35.40,33.70,30.05,25.17,22.28,15.77,19.25,28.50,10.00,26.11,3.34,23.32,-4.46,24.85,33.26,-4.93,11.61,31.24,23.53,26.76,27.61
-9.00,-17.84,-40.15,-42.00,-42.00,-29.08,-17.92,-6.26,0.01,6.24,13.00,15.71,11.04,6.13,3.02,4.99,11.60,18.90,26.00,23.10,17.87,14.80,15.18,8.25,-0.35,11.64,-12.35,7.52,-25.53,14.02,-30.01,11.47,19.90,-27.25,-23.81,3.12,4.01,-12.09,16.33
36.00,34.51,33.05,31.66,31.00,32.99,31.89,36.16,39.97,43.00,43.00,42.67,40.00,36.09,33.50,33.05,34.33,36.53,34.50,31.34,16.60,9.93,4.28,-12.81,30.55,37.33,23.77,38.91,33.41,4.50,33.20,40.44,34.17,33.80,33.01,41.48,33.27,34.03,13.26
32.63,30.86,30.78,30.14,30.10,32.96,40.59,51.48,51.00,49.87,49.08,48.91,48.04,45.78,44.50,44.01,46.50,50.69,52.39,49.47,46.89,41.40,39.87,35.86,42.66,48.35,36.96,47.65,34.94,41.00,31.24,47.95,49.76,31.10,38.78,50.43,44.26,46.03,44.15
7.68,6.14,6.50,7.26,10.20,16.97,29.10,40.93,43.15,40.96,40.24,40.57,40.96,41.12,41.89,43.63,46.02,50.30,52.26,49.55,46.39,41.26,39.49,34.84,34.06,44.22,23.90,41.56,15.60,40.50,9.12,40.72,49.53,6.90,24.30,42.05,42.76,35.01,43.83
14.00,11.34,10.00,9.15,11.07,15.98,26.42,39.00,40.71,38.16,36.12,34.79,32.08,29.00,27.00,28.06,29.99,33.00,32.91,30.15,23.49,17.15,15.14,8.21,24.70,32.66,16.74,33.24,17.12,16.00,11.92,33.00,31.51,11.12,23.11,39.43,27.53,32.71,20.32
32.70,30.53,30.45,29.25,29.90,33.07,40.10,50.30,52.10,50.49,47.74,47.36,44.23,42.10,39.61,38.97,38.80,42.28,41.95,37.60,31.92,26.37,24.64,15.01,37.39,43.60,31.19,45.32,34.53,24.49,30.98,45.36,40.16,30.73,38.34,51.29,39.29,45.20,29.15
27.96,22.00,23.00,17.94,18.86,22.01,33.77,40.00,43.76,42.50,43.00,42.07,39.24,39.52,38.10,39.66,40.83,46.01,46.74,42.59,38.98,36.56,34.08,29.21,35.35,42.00,28.70,40.98,25.69,34.71,21.96,40.96,44.04,22.73,28.66,43.13,38.88,36.89,37.77
29.01,26.84,25.92,24.55,25.20,25.40,25.76,27.51,30.37,34.00,36.27,37.05,37.28,35.50,32.51,33.51,36.60,41.41,43.00,40.90,38.27,34.12,35.20,29.96,32.75,36.53,28.98,34.56,26.27,34.39,26.15,36.52,40.48,26.58,25.96,32.18,33.01,26.63,36.20
30.92,28.96,27.65,26.00,24.50,25.21,25.28,27.85,33.30,36.59,37.90,38.36,38.52,37.01,35.76,37.31,40.89,46.30,47.84,44.30,41.50,38.52,38.00,34.61,35.13,39.50,30.75,36.84,27.04,38.16,27.20,37.95,44.83,28.38,25.71,34.94,36.53,26.56,40.01
27.28,25.81,25.00,24.48,26.06,29.26,38.33,47.71,49.31,47.77,46.73,45.40,43.50,41.00,41.00,41.41,43.85,49.17,49.60,47.00,42.00,36.61,36.50,32.50,39.05,45.48,32.63,44.51,30.49,36.90,26.31,44.16,47.40,25.64,35.34,48.54,41.21,43.02,39.30
15.45,11.50,10.00,9.99,12.07,19.00,29.10,38.90,42.89,40.63,38.83,39.05,36.90,34.60,33.82,33.97,35.42,40.05,42.00,40.90,39.10,34.14,33.94,28.87,30.88,38.25,23.50,37.59,18.25,34.01,13.00,37.35,39.59,11.74,24.77,41.76,33.89,34.00,36.62
17.87,16.50,13.53,12.49,13.00,18.80,29.60,37.62,41.51,39.50,36.17,34.02,32.61,31.30,31.30,31.53,32.77,37.86,38.48,35.58,31.30,25.20,23.63,15.90,28.25,35.22,21.29,34.74,19.93,24.01,15.36,33.53,36.17,15.10,24.75,40.50,31.41,33.61,28.25
-7.24,-7.50,-0.80,0.99,4.10,10.12,24.95,37.20,39.32,38.40,37.31,37.07,36.03,35.08,35.36,36.88,38.17,43.69,41.21,38.73,33.76,29.00,27.73,20.50,26.25,38.10,14.40,36.93,7.73,27.75,-0.05,36.37,40.45,-3.64,19.09,38.86,36.12,31.07,31.38
25.49,24.61,24.30,22.32,20.77,25.90,39.36,47.72,43.88,41.82,38.63,37.57,35.01,33.80,34.52,35.14,35.00,37.43,35.50,30.85,23.60,13.14,8.45,-0.58,29.76,36.60,22.92,37.55,28.81,11.15,23.90,36.25,34.70,24.18,33.44,42.85,34.83,43.54,18.37
26.02,25.06,23.99,20.99,20.00,22.21,23.27,25.00,30.00,31.77,31.47,35.38,34.54,33.10,31.90,32.25,35.25,38.99,40.49,38.86,34.54,31.29,33.00,26.69,30.25,34.50,26.00,32.55,23.32,31.38,23.05,33.62,38.40,24.01,22.62,30.88,32.07,24.13,32.91
35.22,33.37,32.39,32.29,32.07,31.45,33.06,33.79,36.20,40.01,39.42,40.10,38.27,36.98,35.41,35.72,38.29,41.81,42.29,39.79,34.44,31.70,33.67,29.04,35.70,38.69,32.71,37.76,32.95,32.21,32.80,38.69,40.54,33.32,32.59,38.10,35.56,33.42,33.07
35.79,34.09,33.65,32.28,32.00,34.80,41.75,52.35,53.57,52.63,53.08,52.50,50.80,48.79,46.53,46.03,46.59,50.37,49.99,45.98,40.75,36.02,35.91,34.61,43.37,49.74,37.00,50.49,37.09,36.82,33.77,51.29,48.23,33.95,40.22,53.10,46.28,47.05,38.38
34.78,33.59,32.50,30.00,31.00,34.10,43.95,53.09,56.22,55.68,56.18,55.80,54.01,52.61,52.01,53.13,54.43,57.99,58.07,54.30,48.34,43.91,41.50,37.02,46.84,55.03,38.65,54.45,36.62,42.69,32.66,54.65,56.20,32.72,40.53,55.95,52.57,48.52,46.12
26.55,25.81,25.74,25.61,27.12,29.96,41.00,52.13,51.80,49.60,48.00,49.40,48.08,47.85,48.03,50.10,51.96,55.62,54.74,51.22,49.40,45.68,42.40,38.54,43.18,50.53,35.83,49.11,31.74,44.00,26.80,48.33,53.39,25.93,37.55,50.70,49.06,46.57,47.54
11.32,9.46,6.81,5.03,6.01,11.35,28.60,37.39,39.00,38.20,38.04,39.16,40.54,39.48,42.15,43.56,45.05,50.08,50.55,47.23,42.60,37.88,37.34,30.30,32.38,42.75,22.01,40.01,14.50,37.03,8.33,39.31,48.22,8.16,20.84,38.60,42.85,32.99,40.24
23.08,20.91,17.63,17.00,19.08,24.87,37.36,46.51,47.13,46.00,43.60,43.97,43.36,42.89,40.46,42.16,45.44,45.77,42.89,40.03,32.71,28.40,25.01,18.00,34.76,43.64,25.88,43.70,25.80,26.03,20.43,43.46,43.53,19.66,31.95,46.56,41.31,41.93,30.55
25.47,19.61,17.30,14.92,16.65,14.00,14.40,14.99,18.50,23.74,25.91,28.50,27.05,25.37,24.24,25.37,29.72,34.63,33.92,31.72,27.54,25.99,28.34,22.16,23.75,27.39,20.11,24.83,17.17,26.01,17.99,26.71,32.50,19.32,15.01,21.12,24.81,14.70,26.76
27.97,27.95,25.28,23.93,23.97,24.36,27.66,28.61,34.82,37.51,39.47,41.00,40.50,40.67,39.33,41.00,42.18,47.37,47.00,44.26,37.64,33.60,34.01,29.98,35.00,41.26,28.74,39.29,26.21,33.81,25.57,40.41,45.20,26.28,26.15,36.17,40.16,28.13,35.62
5.87,0.99,-1.54,-1.95,0.29,5.01,17.87,29.22,38.42,38.95,40.66,41.84,39.70,37.87,38.01,39.12,44.49,50.17,50.69,46.98,43.00,38.58,36.65,33.69,29.77,42.24,17.31,39.32,6.97,37.98,1.45,40.02,48.08,0.84,13.10,38.69,38.56,23.55,40.79
-18.00,-23.90,-24.50,-20.00,-9.32,5.40,15.26,29.51,33.70,38.50,41.33,42.62,43.61,43.75,42.89,44.50,48.56,51.73,47.48,43.32,36.92,30.06,25.59,19.05,24.50,43.50,5.51,41.36,-5.69,27.91,-15.05,42.83,47.77,-21.60,10.21,36.10,43.69,22.38,33.49
9.55,5.63,-1.73,-11.32,-2.59,-0.04,5.50,18.61,19.78,18.83,18.84,18.06,16.15,15.60,15.00,16.60,17.53,23.20,21.52,19.70,13.49,9.36,6.25,-3.69,11.24,18.40,4.09,17.36,2.95,6.35,-0.08,17.16,20.49,0.53,5.37,19.30,15.80,12.05,11.43
16.49,15.55,10.69,10.05,15.22,20.84,27.35,35.93,39.37,43.72,40.09,41.24,41.16,38.30,34.97,37.91,40.02,43.81,41.53,38.78,36.26,31.29,26.40,17.16,31.00,40.07,21.93,39.59,19.01,27.78,14.80,40.19,41.04,13.19,24.83,41.55,36.44,31.64,33.77
-17.20,-30.50,-35.10,-40.00,-43.27,-50.00,-42.04,-44.13,-38.57,-32.68,-18.66,-4.26,-8.45,-11.65,-6.13,0.95,8.31,15.34,18.26,23.58,32.04,29.35,30.53,24.20,-10.00,-4.50,-15.51,-14.93,-37.78,29.03,-36.01,-10.75,16.37,-30.70,-44.86,-35.63,-2.59,-43.09,30.69
