h,Low(Eur/MWh),High(Eur/MWh),Last(Eur/MWh),Weight. Avg.(Eur/MWh),Index(Eur/MWh),ID₃-Price(Eur/MWh),ID₁-Price(Eur/MWh),Buy Vol(MW),Sell Vol(MW)
00 - 01,20,62.4,30,42.59,42.59,43.71,41.61,3403.6,3495.6
01 - 02,36.5,67.79,43,43.46,43.46,43.31,40.83,3559.6,3911
02 - 03,32.5,62,45,41.02,41.02,40.34,37.89,4021.1,3430.6
03 - 04,30,49.39,32,40.65,40.65,40.62,38.57,4017.7,3412.3
04 - 05,30,50.99,44,41.95,41.95,41.5,40.41,2989.6,2813.3
05 - 06,40,60,60,44.81,44.81,43.75,48.9,3766.4,3433.1
06 - 07,20,62.4,48.93,50.34,50.34,50.76,49.73,2875.7,2203.9
07 - 08,50,72.4,55,59.12,59.12,58.49,55.47,2436.1,2671.7
08 - 09,52,73.7,69.96,59.87,59.87,58.73,59.04,3697.1,3350.9
09 - 10,50.25,70.9,59,59.53,59.53,59.32,61.13,4360.6,3604.4
10 - 11,37.5,70,50,58.73,58.73,59.21,59.87,4937.2,4249.5
11 - 12,42,65.8,50.99,58.37,58.37,58.71,57.21,4702.9,3810
12 - 13,15.01,62.3,45.1,54.49,54.49,54.38,50.32,4619.3,3461
13 - 14,44.5,70.2,49.5,53.53,53.53,52.32,51.63,4886.3,3687.4
14 - 15,40,59,59,51.93,51.93,50.52,49.04,5214.4,4427.6
15 - 16,35,59.8,35,49.59,49.6,49.45,47.75,5754.9,4626.5
16 - 17,37.01,60.7,43.5,49.36,49.36,49.72,48.86,6559.2,6263.5
17 - 18,35,67.7,49.5,53.88,53.88,53.13,51.83,5518.2,5878.3
18 - 19,38,74.6,58.99,60.83,60.84,61.8,64.87,6345,5988.6
19 - 20,52.6,72.9,55,62.81,62.81,62.84,61.88,5762.1,4990.9
20 - 21,45.66,72.2,54.35,62.34,62.34,62.56,62.01,4472.5,4456.7
21 - 22,42,78.59,45.1,61,61,60.96,59.72,4343.9,4390.9
22 - 23,47.7,77.99,53.5,59.69,59.69,58.21,55.57,3759.7,3714.3
23 - 24,40.01,59.8,43,50.28,50.28,49.81,47.72,5312.2,4726.8
00 - 01,39.71,56.6,46,45.36,45.36,45.2,45.88,3109.4,2728.8
01 - 02,41.93,62.7,48,46.69,46.69,46.33,51.39,3827.5,2962.2
02 - 03,4.9,49,40.2,45.01,45.01,45.4,46.09,3004.4,2280.9
03 - 04,40,54,45.12,44.86,44.86,45.25,47.4,3029.3,2234.5
04 - 05,40,47.37,46.99,44.89,44.89,45.31,45.47,2758.1,2086.6
05 - 06,40,48.99,41.51,45.63,45.63,45.81,45.98,2416.2,1960.6
06 - 07,27.2,58.3,43,51.15,51.15,52.27,49.93,2725.5,2652.3
07 - 08,25,64.2,52,59.6,59.6,60.36,55.2,2667.1,2809
08 - 09,10,65.1,61.4,58.19,58.19,62.81,60.45,3273.7,3331.2
09 - 10,12,80,65,57.3,57.3,60.41,60.89,3633.9,3133.2
10 - 11,40.1,74.79,71,63.7,63.7,63.33,66.43,4490.7,4581
11 - 12,48.01,74.9,62,63.08,63.08,63.19,65.14,4865.6,5277.4
12 - 13,54,65.16,57,61.24,61.24,61.99,60.9,4809.6,5212
13 - 14,42.2,63.7,53,59.24,59.24,59.87,57.24,4199.1,4532.2
14 - 15,38.51,69.99,60.5,59.06,59.06,59.36,60.87,4336.8,4263.1
15 - 16,42.61,69.99,60,59.61,59.61,60.08,60.1,4736.2,4753.7
16 - 17,49.2,65.8,58,60.08,60.08,60.76,59.74,3899.4,4377.3
17 - 18,59.2,70.4,65,66.77,66.77,67.31,68.37,5050.1,5661.6
18 - 19,19.8,77,59.99,66.1,66.1,68.19,69.62,4867,5213.6
19 - 20,41.2,80,58,67.65,67.65,68.25,71.22,4536.8,4646.3
20 - 21,55,91,71.2,69.42,69.42,70.91,77.76,5209.2,5384.6
21 - 22,55.6,71.8,67.95,67.01,67.01,68.15,69.84,4576.1,4963.7
22 - 23,58.7,116.4,69.99,65.86,65.86,66.87,68.51,4379.7,4925.7
23 - 24,36,81.58,81.58,56.59,56.59,56.63,58.48,3540.5,3642.7
00 - 01,42,66,60,53.65,53.65,53.36,58.62,1960.3,2162.4
01 - 02,37.02,64,37.02,49.42,49.42,49.79,50.13,2432.8,2266.9
02 - 03,38,63,38,47.25,47.25,47.06,45.43,2488.3,2521.9
03 - 04,30,49,39.9,44.34,44.34,45.23,45.04,2459.9,2533.8
04 - 05,40,51.5,48,44.81,44.81,44.31,44.55,2613.3,2599
05 - 06,41,58,49,47.47,47.47,47.86,52.37,2772.9,2874.8
06 - 07,50,88.6,63.01,58.06,58.06,58.32,68.21,2911,2735.4
07 - 08,53.3,75.5,65,64.19,64.19,64.97,68.34,3321.5,3156.3
08 - 09,54,70.9,63,67.55,67.56,67.86,67.97,3736.8,3973.3
09 - 10,52.69,73,73,67.45,67.45,68.39,70.34,3672,4276.1
10 - 11,49,70.29,60,66.27,66.27,67.43,66.88,4716.9,4695.8
11 - 12,59.1,80,75,67.93,67.93,67.81,69.67,4913.3,4769.6
12 - 13,50.11,71.1,62.9,67.68,67.68,67.86,69.85,4933.2,4203.6
13 - 14,45,72.9,50,65.93,65.93,66.81,65.42,4995.4,4404.9
14 - 15,55,79.6,55,64.19,64.2,64.42,64.02,5374.8,4955.9
15 - 16,42,66.9,45.5,63.47,63.48,63.63,58.89,5458.2,5118.6
16 - 17,61,81.38,72.5,66.03,66.04,65.55,70.62,5121.3,4784
17 - 18,51,96.8,73.5,72.45,72.45,73.45,78.88,4733.2,4265.4
18 - 19,61,97.89,91,76.16,76.16,77.32,86.05,5984.1,4274.4
19 - 20,63.9,94.6,69.91,77.53,77.53,81.97,85.34,6170.6,4548.8
20 - 21,55.31,98,72,77.39,77.39,81.65,88.93,6571.1,5196.2
21 - 22,54,120.1,100,80.97,80.97,85.8,104.96,5391.8,4554.2
22 - 23,55,100,93.01,80.32,80.32,83.87,87.77,7702.4,5693.3
23 - 24,51.55,71.64,62.3,63.19,63.19,63.53,60.4,4871.2,4537.4
00 - 01,50.5,89.9,75.29,60.16,60.16,60.42,71.63,2717.9,2474.2
01 - 02,45.14,60.4,53.38,53.5,53.5,54.43,54.87,2445.5,2198.5
02 - 03,49.9,74.97,60,54.08,54.08,54.12,56.14,2274.5,2430.2
03 - 04,49.14,58,56,52.95,52.95,53.51,55.41,2124.8,2206.8
04 - 05,49.28,57.5,49.5,53.69,53.69,54.29,54.89,2558.1,2475.9
05 - 06,48,82.4,59,56.18,56.18,57.9,60.67,2998.6,2920.3
06 - 07,52,69,65,62.43,62.43,62.86,63.32,3043.6,3547.2
07 - 08,40,73.89,45,64.06,64.06,63.1,56.96,3241.2,3067.1
08 - 09,40.12,74.98,48,63.68,63.68,63.81,59.07,3782.7,3519.7
09 - 10,52,74,66.6,65.62,65.62,64.98,67.49,3421.8,4441
10 - 11,54,75.13,60,67,67,66.85,70.43,4419.3,5463.9
11 - 12,52,73,57.01,64.81,64.81,65.09,61.73,4065.4,4120.1
12 - 13,41.8,68.35,58.6,63.85,63.85,64.32,64.56,4403.8,3957.8
13 - 14,39.9,65.8,63,61.59,61.59,61.4,58.67,4175.2,3842.7
14 - 15,36.31,70.5,70,60.75,60.75,59.4,58.84,4374.2,3983.5
15 - 16,58,80,74,64.03,64.03,62.47,68.14,4541.5,4185.6
16 - 17,61,148.99,130,71.02,71.03,66.53,68.03,6011.9,5802.5
17 - 18,40,79.69,66.5,72.44,72.45,73.59,74.61,9332.3,7605.9
18 - 19,42,250,250,86.13,86.13,82.79,89.84,7736.3,7839.1
19 - 20,-24.1,720,700,114.69,114.69,118.03,207.92,9602.5,8898.9
20 - 21,46.6,659.99,500,167.6,167.6,180.46,387.85,8668,7717.3
21 - 22,54.1,339,133,127.3,127.3,156.69,223.56,10331.8,9704.5
22 - 23,51.8,210,72,114.01,114.01,136.21,154.52,8959.5,7841
23 - 24,20.01,99,51,75.05,75.06,75.81,57.96,8998.4,10123.1
00 - 01,52.1,99.99,62,60.1,60.1,60.15,60.25,4127.5,4436.2
01 - 02,50.5,60.1,59,55.83,55.83,56.3,55.22,4132.9,3565.9
02 - 03,45.17,63.79,47,54.35,54.35,54.92,54.58,4160.4,3184.2
03 - 04,46.08,58.4,53.19,53.42,53.42,53.22,52.91,3630.4,3291.4
04 - 05,25,64,44.2,52.27,52.27,53.54,57.84,3160.3,3032.9
05 - 06,42.1,58.5,52,52.19,52.19,52.84,46.4,2911.5,3504.3
06 - 07,48.02,65,51,53.63,53.63,54.2,54.16,2319.5,3188.4
07 - 08,48.3,65,57.01,56.95,56.95,57.55,55.63,2594.5,3455.3
08 - 09,54.6,79.99,60,61.19,61.19,62.14,67.09,2918.8,3476
09 - 10,55.93,70,60,62.91,62.92,63.58,65.54,3622,4451.8
10 - 11,30.1,64,40.01,58.78,58.78,59.86,55.46,4296.6,4461.3
11 - 12,39,63.2,40,56.11,56.11,55.39,48.03,4592.3,4328.7
12 - 13,40,67.4,55.6,54.53,54.53,53.13,54.57,4877.8,4781.5
13 - 14,36.01,59.5,44.6,50.55,50.55,48.13,46.81,5949.7,5396.6
14 - 15,45.29,69.5,69.5,51.78,51.78,49.87,52.51,5691.5,5508.3
15 - 16,44.01,63,62,52.46,52.46,51.7,52.39,7622.2,6281.5
16 - 17,42,57.99,42,52.81,52.81,52.83,53.33,8906.7,6306.8
17 - 18,9.7,60,29.43,53.46,53.46,53.2,50.79,7866.4,5859.8
18 - 19,47.8,76.29,75,61.52,61.52,61.24,67.57,6562.1,6169.1
19 - 20,51.3,80,70,64.99,64.99,65.47,72.02,7236.7,6933.4
20 - 21,40,70.2,56.66,61.74,61.74,62.14,53.47,6343.8,5598.2
21 - 22,48.1,87,80.9,62.72,62.72,62.73,72.82,5726.4,4902.9
22 - 23,52.6,88.49,73,63.07,63.07,63.15,65.04,5653.8,4617.4
23 - 24,26.21,65.5,45,55.99,55.99,55.33,49.09,7044.2,4599.6
00 - 01,30,53.5,46.99,47.95,47.95,48.14,46.61,3289.2,2421.5
01 - 02,30,51.7,30,45.42,45.42,45.3,43.85,2906.9,2773.1
02 - 03,20,52,44.7,45.02,45.02,44.49,45.16,3217.7,3028.1
03 - 04,36.13,87.8,67.43,44.89,44.89,43.44,42.47,3515.4,3377.3
04 - 05,41.1,59,45.06,44.41,44.41,44.24,46.28,3592.5,3108.5
05 - 06,41.2,85,53,44.71,44.71,45.54,48.52,2936.4,2846.1
06 - 07,40,65,40,45.43,45.43,47.13,50.01,2651.4,2524.3
07 - 08,30,49.99,45,42.91,42.91,41.54,34.91,3740.2,3283.6
08 - 09,35.6,54.4,43.2,44.24,44.24,43.95,42.6,4413.2,3762.8
09 - 10,40,55,43.2,45.75,45.75,45.68,49.1,5037.5,4605.8
10 - 11,30,48.44,40,42.11,42.11,42.25,36.62,5254.7,4393.8
11 - 12,37,55,55,42.12,42.12,41.43,44.45,3877,4461.1
12 - 13,37.2,50,44,42.66,42.66,43.08,45.61,5289.4,5127.1
13 - 14,6,49,15,34.82,34.83,37.83,34.43,5074.7,5063.2
14 - 15,1,44.22,17,23.92,23.92,21.92,12.68,5373,5466.9
15 - 16,18.1,51.2,40,31.06,31.06,28.62,26.63,4709.6,4702.1
16 - 17,0,51.5,0,33.54,33.54,34.41,25.96,5083.8,4736.8
17 - 18,31.5,85.4,42,40.32,40.32,39.95,34.93,4315.5,4524.6
18 - 19,38,90,70.2,53.66,53.66,50.86,54.73,6058.9,5339.6
19 - 20,40,99,60,63.76,63.76,63.94,69.76,5388.5,5407.4
20 - 21,59.5,78,63,65.21,65.21,65.36,68.95,4490.2,5236.8
21 - 22,58.4,99,85,68.41,68.42,68.15,73.38,3935.7,5171.8
22 - 23,50,107.5,78,68.03,68.03,69.4,71.59,4062.7,4146.1
23 - 24,0,72.6,28.99,46.03,46.03,49.57,40.65,4424.7,4520.5
00 - 01,35.1,85.2,55.1,47.47,47.47,47.85,46.52,2924.8,3201
01 - 02,41,60,52,46.43,46.43,46.21,42.97,2753,2145.7
02 - 03,35,58,48.3,46.26,46.26,46.66,47.49,2841.8,2393.2
03 - 04,36.5,48.8,46.69,44.75,44.75,44.48,39.54,2736.6,2095.8
04 - 05,37,47.8,40,44.17,44.17,43.89,38.56,2440.7,2098.2
05 - 06,40,50,46,45.66,45.66,45.75,46.29,2274.6,1853.7
06 - 07,43,70.2,61,57.54,57.54,57.43,49.62,2026.5,1731.4
07 - 08,29,72.1,42.5,64.05,64.05,65.21,52.08,3644.8,3099.9
08 - 09,42,70.71,48,62.31,62.31,62.41,49.53,4257.3,3840.1
09 - 10,43,71.9,46,61.1,61.1,60.89,55.73,4981.2,4950.2
10 - 11,55.3,70,57,62.02,62.02,61,58.09,4625.4,4157.4
11 - 12,29.31,66.45,43,57.94,57.94,56.81,51.64,4309.3,4060.3
12 - 13,51.72,80,73.4,61.36,61.36,58.77,57.35,5947.2,5336.3
13 - 14,45,66.8,64.7,59.99,59.99,60.59,58.89,5649.7,4765.8
14 - 15,4,68,48.7,61.52,61.52,63.55,62.15,5297.6,5029.8
15 - 16,27.3,98,55,60.89,60.89,61.32,49.88,4576.6,4871.4
16 - 17,48.3,72,48.3,65.76,65.77,64.75,61.96,5104,5378.4
17 - 18,40,77.9,40,68.42,68.42,68.26,59.11,4781.9,5438.6
18 - 19,63.01,86.59,67,78.21,78.22,78.73,74.83,5781.7,6098.3
19 - 20,50.01,89.9,79,85.01,85.01,84.54,73.97,4856.9,5469.3
20 - 21,68.75,300,300,90.48,90.48,84.21,108.44,6655.2,6763
21 - 22,49.01,138,61,83.8,83.8,86.75,116.19,6324.1,5548.8
22 - 23,50.1,97,55.1,74.22,74.22,72.86,68.38,6747.7,5306.9
23 - 24,38.48,71.87,54,62.98,62.98,59.71,49.68,5389.9,4704.5
00 - 01,50,82,67.1,62.86,62.86,62.96,69.7,2316.9,1968.5
01 - 02,48,81.53,70,56.43,56.43,56,58.46,2259.2,2449.4
02 - 03,44.5,66.13,60,55.33,55.33,55.81,59.23,2952.7,2723.6
03 - 04,1.32,65,65,53.98,53.98,54.89,58.45,3159,2269.6
04 - 05,40,60,55,53.27,53.27,53.74,53.03,2471.4,2166.4
05 - 06,34.2,70.6,61,57.12,57.12,57.8,58.59,2313.1,2242.9
06 - 07,29.9,71.1,60,62.29,62.29,62.92,62.84,2232,1781
07 - 08,50.5,76,63,66.91,66.91,66.54,63.83,2958.4,3015.9
08 - 09,46.31,77.3,63,67.33,67.33,68.02,67.96,3481.6,3439.8
09 - 10,29.2,75.5,67,66.13,66.13,67.69,62.8,3887.2,3752.4
10 - 11,5,108.5,82.5,70.39,70.39,71.07,75.54,5518.3,5134.7
11 - 12,10,77.4,67.1,68.05,68.05,70.29,71.39,7460.8,6270.2
12 - 13,55.05,79,69,69.51,69.51,70.03,71.18,6215.1,5641.9
13 - 14,60,76.1,63,69.97,69.97,70.77,74.7,6275.3,5528.7
14 - 15,45,71.5,52.5,68.19,68.19,68.6,63.21,6051.6,4751.3
15 - 16,58.7,75,75,69.32,69.32,68.7,69.33,6910.4,6464.8
16 - 17,51,78.3,60,69.28,69.28,69.58,71.34,6763.8,5859.7
17 - 18,53.5,85.98,63,69.91,69.91,69.13,62.74,6733.2,6602
18 - 19,59.2,86.6,66,76.1,76.1,75.15,68.44,6475.2,6824.1
19 - 20,40,88,40,75.88,75.89,73.14,65.13,6096.3,6680.2
20 - 21,22.67,84.8,40,70.51,70.51,67.4,60.11,5874.6,6443.2
21 - 22,28,87.51,65,67.04,67.04,64.95,61.86,4794,5590
22 - 23,10,71.7,10,60.39,60.39,59.31,50.49,4045.8,5075.4
23 - 24,20,55,39.99,46.53,46.53,43.93,35.49,5543.6,6085.4
00 - 01,-1.9,54.8,-1.9,46.49,46.49,46.42,45.19,3539.9,3538.4
01 - 02,40.1,70,60,46.21,46.21,45.46,43.06,3607.3,3782.7
02 - 03,41.2,98.99,80,48.07,48.07,47.83,56.62,4080.5,3983.7
03 - 04,38,84.4,84.4,48.05,48.05,46.99,50.82,4636.7,4150.4
04 - 05,-64,50.66,30,43.32,43.32,45.1,43.92,5287.7,4884
05 - 06,-57.9,48.8,40,43,43,42.58,39.35,3447.3,4052.2
06 - 07,-6.76,58.99,55.01,46.8,46.8,45.4,41.86,4277.1,4405.2
07 - 08,10,87.7,44,56,56,55.35,59.79,4486.9,4963
08 - 09,20.1,79.79,57.6,63.35,63.35,66.11,73.1,6005.2,5539.3
09 - 10,38.3,149,92,69.49,69.49,67.11,70.85,6942.5,6685.2
10 - 11,53.17,100,78.01,64.67,64.67,62.7,73.32,7581.5,6930.5
11 - 12,36,67,45,55.84,55.84,57.78,50.19,8447.8,7659.6
12 - 13,42.5,93.99,80,57.6,57.6,54.14,59.55,7773.9,7552.3
13 - 14,38,67,59.6,46.26,46.26,45.59,41.56,7714.3,7221.8
14 - 15,-57.99,67,36.5,46.83,46.83,48,50.17,6324.5,5654.1
15 - 16,25,60.8,31,43.49,43.49,43.68,39.67,8082.9,8369.2
16 - 17,-4.98,61.9,10,38.77,38.77,39.38,29.5,8298.3,10700.6
17 - 18,36.5,70,40,46.56,46.56,44.53,41.79,8845.7,11239.7
18 - 19,21.01,67.05,45.9,53.27,53.27,51.48,44.23,6852.5,9297.6
19 - 20,20,70,60.1,56.31,56.31,55.42,48.46,7233.4,9722.7
20 - 21,40.4,78,70,58.41,58.41,56.87,57.27,5922.1,8560.6
21 - 22,33.1,97.99,73,61.77,61.77,61.64,65.91,5880.2,6232.3
22 - 23,28,71,41.5,60.45,60.45,61.39,60.99,5828.1,5576.8
23 - 24,22,71,44,51.03,51.03,48.83,41.23,4464.8,6063.6
00 - 01,30,55,42.01,46.33,46.33,46.21,43.45,2173.3,2489.7
01 - 02,33.01,52.8,37.01,45.23,45.23,45.12,44.09,2611.6,2833
02 - 03,35,51.1,39.8,44.54,44.54,44.32,43.46,2136.7,2473.1
03 - 04,40,52.9,45,44.9,44.9,44.28,44.5,1957.8,2052.8
04 - 05,43.01,55,52,45.32,45.32,44.95,46.52,1957.8,1710.5
05 - 06,30.01,65.3,37.5,46.01,46.01,45.44,47.17,1744.7,1772.7
06 - 07,24.21,68.4,27,50.44,50.44,51.23,46.03,1128.3,1442.3
07 - 08,43,69.3,43,56.69,56.69,56.8,51.39,1918.5,2179.4
08 - 09,46.2,70.1,58.82,58.07,58.07,57.52,52.36,3522.7,3994.7
09 - 10,46.02,70.5,58.78,58.16,58.16,58.17,57.62,4292.3,4979.6
10 - 11,40,70.1,50,57.35,57.35,57.16,50.04,5507.3,6302.6
11 - 12,37.51,69.6,50.6,56.28,56.29,55.1,52.87,5739.6,6950.5
12 - 13,18.02,67.8,22,52.71,52.71,53.79,52.33,6184.9,7115.9
13 - 14,44.01,63,48,51.38,51.38,50.99,50.11,6234.5,6672.1
14 - 15,20,64.99,40,48.24,48.24,49.45,51.33,7663.7,8617.3
15 - 16,25,55,30,46.37,46.37,47.17,47.13,9880.5,9745.8
16 - 17,40,59.9,45.9,47.06,47.06,47.88,52.4,8657.7,9119
17 - 18,25.05,56.5,26,46.61,46.61,48.32,48.48,8609.7,8990
18 - 19,34.01,61.8,50,47.17,47.17,47.18,45.99,10903.8,12188.7
19 - 20,16.21,68,16.21,47.34,47.34,47,44.26,11255,13008.3
20 - 21,25,139.7,39.9,44.14,44.14,43.64,39.05,11228.5,12400.6
21 - 22,40,62,62,46.74,46.74,47.22,50.85,10657.6,10545.9
22 - 23,32,59.99,46.51,45.16,45.16,46.65,42.18,7593.9,7462.8
23 - 24,10.01,69.9,30,34.65,34.66,31.54,31.01,6791.8,7045.2
00 - 01,0,48,26,17.58,17.58,14.7,9.72,3848.6,4106.9
01 - 02,-9.77,50,23.9,18.26,18.26,15.8,18.19,4319.3,4251.5
02 - 03,5,45,29.99,18.09,18.09,17.11,13.03,4608.1,4587
03 - 04,5,45,22,17.79,17.79,19.81,21.11,4495.5,4086.3
04 - 05,8,55,45,25.09,25.09,25.61,34.47,4312.3,3827.6
05 - 06,12,54,27.5,29.22,29.22,31.82,31.66,4240.6,3315.2
06 - 07,36.1,85,75,49.07,49.07,47.63,55.22,4364.4,4323.2
07 - 08,41.5,77.96,69,53.52,53.52,53.98,56.94,4754.6,4197.3
08 - 09,47,138,70,59.2,59.2,58.3,63.03,5712.3,5479.1
09 - 10,37,75,40.17,58.77,58.78,59.55,61.5,6857.9,6414.5
10 - 11,2,63,10,52.07,52.07,53.98,43.43,7789.8,6862
11 - 12,10.1,65,29,50.29,50.29,50.16,48.2,6970.3,6835
12 - 13,30,63.8,35,44.82,44.82,43.04,36.84,7602.8,7959.8
13 - 14,5,64,13,39.73,39.73,38.91,33.23,6161.6,6482.8
14 - 15,7.5,63,55,36.56,36.56,33.83,24.51,4852.6,5463.7
15 - 16,32.6,65.99,44,43.57,43.57,41.75,50.71,5755.9,6451.8
16 - 17,6.2,65,15,42.26,42.26,42.55,37.55,5343.3,6204.5
17 - 18,2,75,30,44.56,44.56,45.44,35.61,6265.1,7494.5
18 - 19,43.4,140,87.9,56.56,56.56,51.69,58.35,8021.5,8536.9
19 - 20,5,74.99,49,59.53,59.53,60.75,62.68,10187.1,10264.8
20 - 21,50.71,79.9,70,61.06,61.06,62.22,65.56,9858.2,10471.8
21 - 22,31.01,69,67,59.49,59.49,60.02,64.59,8140.6,7448
22 - 23,49.8,64.9,58.03,58.66,58.66,60.04,59.5,6475.4,6295.1
23 - 24,17.2,64,64,49.7,49.7,48.75,40.96,5425.7,5407
00 - 01,0,65,20,38.98,38.98,40.14,33.75,4619.4,5067.2
01 - 02,20.6,65,35,40.35,40.35,40.56,35.68,4836.7,5194.2
02 - 03,3,43.17,25,33.63,33.63,34.61,28.29,4781.9,5573.7
03 - 04,15.15,48,30,31.33,31.33,30.79,25.32,4317.5,5432.2
04 - 05,20.7,55.3,40,32.42,32.42,31.25,29.36,3871.4,4954.6
05 - 06,20.8,44.9,31.2,32.13,32.13,30.09,25.22,4392.7,5030.8
06 - 07,30,64.95,32,36.66,36.66,35.99,35.07,3415,3915.9
07 - 08,0.01,45,10.6,33.22,33.22,34.22,25.37,3441.7,3872.3
08 - 09,6.82,51.95,48,36.34,36.34,34.67,19.12,4412.4,5579.9
09 - 10,21.3,68.99,50,37.33,37.33,33.32,40.01,4124.7,5473.6
10 - 11,-50,45.3,1.6,19.86,19.86,23.2,14.23,4667.7,4695.9
11 - 12,-34.34,41,-10,3.65,3.65,-2.29,-18.97,5680.7,5679.4
12 - 13,-35.1,39.8,19.94,-1.09,-1.09,-9.77,-8.12,7583.4,7604.6
13 - 14,-29,44.99,3,5.48,5.48,5.1,31.05,7787.4,7732.1
14 - 15,-24.5,30,0,8.72,8.72,11.2,17.28,7504.4,7430.1
15 - 16,-70,30,15,4.62,4.62,9.95,-0.3,7464.8,7385.5
16 - 17,-63.9,31.8,-15,-2.5,-2.5,-6.68,-22.98,6764,6979
17 - 18,-30,39.5,34.8,4.42,4.42,-0.54,-3.51,6579.9,6607
18 - 19,7.11,52.1,40,32.06,32.06,30.37,40.42,5467,5623.3
19 - 20,0,58,0,46.47,46.47,48.55,45.23,6137.1,6489.5
20 - 21,20.9,80,80,51.03,51.03,50.68,47.19,6758.1,6694.8
21 - 22,47.5,86.45,69.9,56.35,56.35,58.32,67.88,6010.2,5747.8
22 - 23,37.9,66.7,40,55.52,55.52,58.53,55.67,5497.5,5211.8
23 - 24,0,64,40,52.09,52.09,52.5,45.23,5124.9,5437.1
00 - 01,29,57,38.1,44.9,44.9,44.03,40.05,3867.4,3809.4
01 - 02,22.01,48,36.29,38.29,38.29,37.77,35.29,3196.7,3713.1
02 - 03,8.8,43.82,23,32.64,32.64,31.24,26.02,3448.1,3723.9
03 - 04,8,100,100,30.6,30.6,28.27,27.69,3094,3480.3
04 - 05,-41,44.9,-41,30.2,30.2,29.16,30.51,3118.5,3202.9
05 - 06,-1.47,40,10,30.59,30.59,30.39,27.54,3094.5,3669.1
06 - 07,-36.99,41,10,25.42,25.42,25.08,14.22,3069.6,3778.6
07 - 08,0,44.9,36.4,27.93,27.93,25.67,21.14,2993.7,4119.5
08 - 09,-7,45,0,24.15,24.15,21.74,19.09,4441,4784.9
09 - 10,5,55,45.08,22.84,22.84,17.27,16.89,4457.4,4274.4
10 - 11,0,38,0,20.22,20.22,18.94,23.21,5201.8,4674.7
11 - 12,-10,34.1,3,17.31,17.31,16.67,6.28,5356.6,4504.3
12 - 13,-49.99,32,-49.99,10.23,10.23,7.77,1.44,6289.6,6230.7
13 - 14,-60,27.1,-40,0.53,0.53,-2.68,-14.53,6928.5,6926.4
14 - 15,-62.76,25,-41,-15.71,-15.71,-21.7,-39.15,5498.6,5522
15 - 16,-43.9,20,-10.03,-13.64,-13.64,-22.43,-24.83,6271.7,6297.7
16 - 17,-30,30.6,20,-3.65,-3.65,-9.15,-4.25,7418.4,7423.5
17 - 18,12,59.99,45,32.17,32.17,34.11,43.47,5027.5,5138.5
18 - 19,41.26,88,88,51.99,51.99,53.85,59.63,5750.1,4979.9
19 - 20,40,69,51,57.08,57.08,59.41,65.24,3824.7,3188.6
20 - 21,41,72.53,50,62.45,62.45,64.4,65.91,4737.5,4207.8
21 - 22,57,98.98,98.98,66.26,66.26,67.23,73.03,3220.5,3368.3
22 - 23,45.5,125.88,99.9,70.38,70.38,70.81,84.76,4372.3,3771
23 - 24,40.05,82.99,64,62.98,62.98,64.01,67.04,6130.6,5960.8
00 - 01,35,81.97,72,58.5,58.5,58.01,65.65,4352.6,5002.7
01 - 02,26.01,65.5,39,53.98,53.98,55.68,56.35,5776.5,5759.6
02 - 03,44.4,78,75,54.92,54.92,55.14,63.25,5185.1,6034.5
03 - 04,43.2,59,53.6,52.34,52.34,53.21,53.38,5252.6,5536.5
04 - 05,42.6,60,53.6,49.06,49.06,49.37,50.54,4404.9,5030.7
05 - 06,10.71,67.99,67,52.85,52.85,53.62,56.38,4249.4,4804
06 - 07,-4.7,115,78,64.66,64.66,64.86,71.85,3383.9,3371.5
07 - 08,17.3,74,55,65.74,65.74,67.19,59.87,4702.5,4767.3
08 - 09,55,74,61.5,66.15,66.15,65.58,63.34,3951.5,4837.9
09 - 10,56.01,96,80,68.92,68.92,68.09,73.68,5625.2,6713.5
10 - 11,59.01,169.99,150,70.63,70.63,68.64,72.81,7533.9,8636.5
11 - 12,50,73.98,54.11,67.26,67.26,68.69,64.96,9823.4,8982.8
12 - 13,40.01,71.6,45.06,66.31,66.31,67.42,64.04,9005.1,9278.8
13 - 14,40,74,45,65.31,65.31,66.87,65.8,8273.7,8900.6
14 - 15,57.8,91.13,80,66.47,66.47,66.84,70.83,6577.6,7901
15 - 16,44.03,70.3,45,63.5,63.5,64.61,61.74,7538.5,7448.1
16 - 17,48.3,68,58,62.23,62.23,62.48,53.79,6919.6,6161.1
17 - 18,55.21,81.1,62,63.15,63.15,62.44,59,5941.8,5687.5
18 - 19,59,80,64,65.65,65.65,66.3,69.44,7166.2,7104.2
19 - 20,45.1,70.99,55,65.39,65.39,66.58,65.47,6902.2,6495.5
20 - 21,53.5,82.49,66.7,65.43,65.43,65.18,62.54,5996,6861.7
21 - 22,51.8,70,70,65.21,65.21,65.46,67.04,5647.9,6296.9
22 - 23,51.7,85.5,68,66.38,66.38,68.36,73.62,6335.3,6772.8
23 - 24,34,63,50.83,57.07,57.07,56.55,50.48,5844.4,6164.9
00 - 01,36.49,57.6,40,47.93,47.93,48.76,46.71,3211,3820.9
01 - 02,42.9,102.8,52.5,50.6,50.6,50.38,52.49,3054.3,3412.6
02 - 03,30,50.6,30,47.44,47.44,48.41,47.89,2615.8,2767.5
03 - 04,30,55,36.88,45.71,45.71,46.32,46.3,2297.9,2695
04 - 05,40.01,49.99,46.99,46.31,46.31,46.61,47.19,3077.2,3358.1
05 - 06,43.21,55.9,49,49.99,49.99,50.38,50.16,2734.8,2553.6
06 - 07,41,67.2,54,58.01,58.01,59,63.69,3435.5,2997.8
07 - 08,40,66.68,55,61.79,61.79,62.3,56.26,3003.3,3789.1
08 - 09,40,90,75.1,65.58,65.58,65.74,66.24,2909.7,3255.3
09 - 10,45.15,67.5,50,62.43,62.43,63.33,58.72,4871.4,4596.3
10 - 11,36,71,67.5,61.73,61.74,63.33,58.51,5525.1,5382.8
11 - 12,30,85.9,60.5,64.63,64.63,64.94,72.2,5917.6,5896.1
12 - 13,52.1,80,75.9,63.51,63.51,62.92,65.57,5201.1,6877.1
13 - 14,50,97,63,57.83,57.84,58.33,60.42,5262.9,5704.7
14 - 15,45.6,70.1,58,52.14,52.15,51.54,54.61,5263.9,5383.3
15 - 16,20,55.9,36,46.51,46.51,48.84,45.95,5918.9,5947.8
16 - 17,36.9,59.99,42.5,47.43,47.43,47.63,44.05,7008,7337.3
17 - 18,38,55.65,48.9,49.52,49.52,48.49,50.3,4954.8,5309.5
18 - 19,37.2,70.7,46,59.5,59.5,59.72,53.17,7044.1,7837.2
19 - 20,49.01,67.1,50,63.69,63.69,64.19,60,6626.5,6934.4
20 - 21,44.51,68.77,63.5,64.62,64.62,63.87,62.46,6041.9,6336
21 - 22,60.7,68,63,64.34,64.34,63.26,63.26,3710.6,4201
22 - 23,56.4,67.2,61.99,63.05,63.05,59.42,59.42,3066.1,3333.2
23 - 24,-24.4,59.51,30,49.98,49.98,43.61,43.61,3392.6,3400.3
00 - 01,34.2,64.49,48,45.03,45.03,44.74,44.43,2246.6,1858.7
01 - 02,35.9,52.5,45,45.75,45.75,45.88,48.57,2670.2,2752.6
02 - 03,38.91,54.79,48.2,46.1,46.11,46.15,48.99,2804.9,2650.5
03 - 04,38.11,58.5,54.5,46.22,46.22,46.32,48.83,2508.6,2886.6
04 - 05,37.91,56.3,56.3,45.91,45.91,45.72,47.03,2483.1,2763.8
05 - 06,38.01,51.95,50,46.75,46.75,47.05,49.05,2468.7,2471.6
06 - 07,40,68.97,54,49.54,49.54,50.33,49.78,2138.7,1977.1
07 - 08,40.01,64.99,50,53.71,53.71,55.57,58.9,2461.4,2509.4
08 - 09,39.61,62.3,47.1,57.44,57.44,58.44,58.28,2865,2942.2
09 - 10,40.1,61.5,40.1,54.47,54.47,54.6,52.18,3187.3,3123.2
10 - 11,41.56,65,56.7,50.25,50.25,49.15,47.53,3861.1,3771.2
11 - 12,45.03,55,48,51.04,51.04,50.89,52.1,4435,4039.1
12 - 13,42.1,59.1,53.95,49.24,49.24,48.91,47.48,4243.9,3847.5
13 - 14,40.22,65,48,48.35,48.35,48,49.7,3418.7,3315
14 - 15,36.01,53.3,46,47.25,47.25,47.14,46.1,4417.4,4329
15 - 16,23.21,58.09,54,46.32,46.32,45.72,43.5,4233.2,4477.3
16 - 17,44.3,62.96,61,49.27,49.27,49.2,56.15,3546.2,3507.9
17 - 18,48,58.3,49,52.7,52.7,53.14,56.1,2944.5,2313.1
18 - 19,45,63,58,56.66,56.66,56.33,53.96,4329.4,4244.4
19 - 20,45.9,69,59,60.64,60.64,60.48,61.32,4390.7,4335.6
20 - 21,30,67,67,60.35,60.35,60.54,59.3,3438.2,3200.2
21 - 22,51.5,84,66,61.93,61.93,61.03,64.08,3793.9,3855.9
22 - 23,48.11,78.8,75.4,62.4,62.4,62.11,68.66,3167.9,2843.9
23 - 24,26.5,66.49,43.01,50.94,50.94,50.33,45.64,4030.8,4395.6
00 - 01,38,64.19,47,47.91,47.91,47.78,43.34,2489.1,2572.2
01 - 02,41,63.6,48,48.09,48.09,47.93,48.94,2469.2,1807.4
02 - 03,17.21,51,38.95,43.37,43.37,44.17,39.43,2492.1,1981.4
03 - 04,17,51.8,39.99,42.43,42.43,41.95,37.4,2447.5,2084.2
04 - 05,32.11,51.5,40,42.55,42.55,41.59,38.28,2950.4,2234.2
05 - 06,39.1,55.49,55,45.3,45.31,44.49,45.54,3211.8,1893.3
06 - 07,40.6,63.9,54.5,49.81,49.81,48.81,51.4,2267.5,1695.9
07 - 08,27.31,66.6,44,53.16,53.16,54.61,50.39,2249.1,2158.7
08 - 09,46,68.1,50,55.96,55.96,55.65,51.88,3353.4,3715.9
09 - 10,46,69.9,61.7,55.62,55.62,55.14,56.24,4085.8,3967.4
10 - 11,42.01,60,45,52.54,52.54,52.59,52.32,4301.2,4392.2
11 - 12,40,58,48,49.33,49.33,49.22,47.02,3902.2,4191.5
12 - 13,36,56,48.25,47.12,47.12,47.11,45.95,4085.6,4027.2
13 - 14,38,54.5,47.98,47.15,47.15,47.25,45.36,4699.8,5137.8
14 - 15,10.5,54.89,50,47.4,47.4,47.29,46.11,4634.2,4444.9
15 - 16,45.8,61.9,51,48.17,48.17,47.6,47.73,5015,4293.6
16 - 17,40.01,55.8,52,50.49,50.49,51.2,52.2,4853.8,3965
17 - 18,51.5,67,58,58.58,58.58,59.12,61.64,4056.9,3956.1
18 - 19,40,65.87,62,60.64,60.64,62.24,61.39,4050.9,3442.9
19 - 20,54.6,75.9,65,65.28,65.28,66.61,69.07,3903.2,4233.9
20 - 21,59.1,71.9,63.11,66.01,66.01,66.45,66.67,4000.6,4168.7
21 - 22,33.66,70,44.5,62.5,62.5,64.59,59.86,5013.8,4933.9
22 - 23,42.03,70,45.4,62.9,62.9,62.96,63.13,4120.3,4585
23 - 24,15,65,46,52.03,52.03,50.94,44.6,4931.5,4588.2
00 - 01,30.01,76.99,40.98,45.85,45.85,46.02,43.42,3638.1,3219.4
01 - 02,45.05,77,53.5,48.18,48.18,47.55,52.35,2889.2,2671.5
02 - 03,40.8,65.97,45.4,46.58,46.58,46.77,46.05,2090,2242.7
03 - 04,45,111,55,47.56,47.56,47.69,50.39,1416.3,1574.1
04 - 05,40,72.79,51.01,48.93,48.93,49.3,52.47,1486.6,2129.8
05 - 06,47.6,71.6,62.4,53.58,53.58,54.38,59.18,2186.9,2384.5
06 - 07,45.5,79.89,71.9,58.74,58.75,58.81,59.68,1860.2,1880.9
07 - 08,40,69.27,62,62.8,62.8,62.86,57.18,2075.2,1921
08 - 09,40.04,70.79,55.5,61.93,61.93,62.31,58.32,2306.4,2579
09 - 10,33,86.7,82,62.13,62.14,62.27,63.54,2917.3,3752.1
10 - 11,52,75.9,73.8,62.41,62.41,61.92,63.09,3923.4,4341.3
11 - 12,50.02,69.29,63.95,61.94,61.94,62.12,60.67,3907.9,3778.6
12 - 13,51.69,83.99,70.9,63.33,63.33,63.96,68.7,3653.9,3950.3
13 - 14,45,65.79,49,58.46,58.46,59.75,53.34,3237.1,3694.8
14 - 15,44,63.5,44,53.91,53.91,53.89,50.14,3936.3,4720.8
15 - 16,40.01,62.6,45.01,51.85,51.85,51.23,47.36,4388,5447.1
16 - 17,42.1,63.59,45,51.98,51.98,50.35,45.95,4383.4,5132.4
17 - 18,30,69.39,45,57.63,57.63,56.91,50.93,3421.3,4750.8
18 - 19,40.01,70.99,50,57.92,57.92,56.92,50.01,3350,4107.7
19 - 20,45.51,70.99,48,59.57,59.57,58.82,51.92,3964.8,4941
20 - 21,48,70.99,49,59.13,59.13,57.75,52.61,4391,5891.1
21 - 22,46.21,71.9,55.5,62.13,62.13,62.18,64.81,4438.1,5157.4
22 - 23,45.5,99.89,50.2,60.07,60.07,59.65,56.65,4454.9,4098.6
23 - 24,47.6,73.29,51.6,53.38,53.38,53.35,52.07,3882.2,3428.5
00 - 01,42.91,67,48,52.82,52.82,53.14,51.89,2629.3,2682.4
01 - 02,40,58.9,57,53.64,53.65,53.82,55.33,2309.4,2614.6
02 - 03,41.01,57.3,44.15,50.2,50.2,50.13,49.38,2223.1,2356.8
03 - 04,43,64,43,48.72,48.72,48.56,50.48,2401,2159.7
04 - 05,31.03,56.08,40,45.33,45.33,43.98,38.96,3017.5,2425.5
05 - 06,26.81,55,38,45.32,45.32,45.37,46.72,3082,2340.8
06 - 07,30,53.8,40,45.74,45.74,45.61,45.16,3226.8,3373.1
07 - 08,35.01,57.5,43,48.01,48.01,47.93,48.72,2788.3,2850.2
08 - 09,31.9,58.65,49.99,51.02,51.02,51.96,53.59,2754.4,2576.7
09 - 10,42.9,64.96,46,50.84,50.84,50.78,47.3,2777.3,3084.3
10 - 11,44,57,49,50.04,50.04,49.87,50.62,3519.1,3445.7
11 - 12,16,59.4,30.2,46.13,46.13,49.28,46.71,3940,3805.4
12 - 13,32,52,33.6,41.55,41.55,41.41,36.3,4931.6,4761.5
13 - 14,25,50,33,38.22,38.22,37.63,35.88,5549.2,5962.1
14 - 15,-16.2,51.5,20,37.39,37.39,38.91,35.82,5791.3,5727.2
15 - 16,34.6,51.15,51.15,40.3,40.3,39.56,39.06,5765.8,6067.9
16 - 17,28.52,66.2,50,44.88,44.88,44.18,44.59,5548.3,5486.6
17 - 18,46,61.6,53.99,55.65,55.65,56.48,54.93,3901.1,3902.5
18 - 19,42.1,64.1,53,60.91,60.91,61.9,58.97,3643.2,3452.6
19 - 20,51.4,77,77,63.55,63.55,64.3,62.82,3197.8,3103.6
20 - 21,58,79.99,69.9,66.48,66.48,67.08,68.67,3817.2,3074.4
21 - 22,45.29,71.5,64,65.56,65.56,67.12,64.93,3921.5,2989.8
22 - 23,61.1,104.9,69.9,66.04,66.04,66.65,64.32,4984.2,4330.5
23 - 24,45.31,77.9,50,64.58,64.58,65.38,65.42,5436.2,5394.8
00 - 01,54.7,82.49,62,59.01,59.01,58.21,62.34,2513.7,2432.2
01 - 02,49,74,66.01,55.85,55.85,54.86,60.58,3164.4,3140.8
02 - 03,46.1,65,57,52.22,52.22,53.08,55.9,3171.4,3263.3
03 - 04,45.6,60,50,51.08,51.08,52.09,53.68,3360.8,3390.2
04 - 05,41,59,54,49.25,49.25,49.47,49.69,2888.2,2522.5
05 - 06,29,66.7,66.7,48.65,48.66,48.6,46.98,2687.3,2269.4
06 - 07,42,58.9,57,48.46,48.46,48.45,51.57,2559,2167.3
07 - 08,15,50.9,38.2,46.19,46.2,46.5,41.74,2810.7,2250.5
08 - 09,37,54,47,45.99,45.99,45.7,44.73,3427.4,2796.7
09 - 10,37,66.99,57,46.97,46.97,46.64,54.14,4500.4,4161.6
10 - 11,25.92,53.5,52,43.1,43.1,42.5,49.7,4426.9,4494.9
11 - 12,25.4,55,48,40.31,40.31,40.47,46.47,5183.7,4640
12 - 13,25,47.5,41.04,39.12,39.12,41.01,41.3,5204.1,4842.8
13 - 14,16,46.7,30,32.91,32.91,33.88,31.58,5755.1,5453.8
14 - 15,-14,43.9,5,24.96,24.96,24.28,16.77,5849.8,5638.6
15 - 16,-30,45.5,-21.99,21.93,21.94,18.06,9.18,6942.5,7079.6
16 - 17,-13.5,47.9,-2,19.67,19.67,14.49,-2.46,6976.2,7339.7
17 - 18,0.2,82,43,34.02,34.02,32.06,44.82,7679,7868.9
18 - 19,25,56.69,40,46.8,46.81,47.17,49.48,7334.3,6814
19 - 20,42.52,61.9,50,55.55,55.55,55.65,48.43,5437.4,5985.9
20 - 21,51.51,103,70.2,58.81,58.81,58.6,65.41,5343.9,5768.5
21 - 22,53,69.99,60,58.24,58.24,59.64,65.25,5677.4,4748.8
22 - 23,50,82.8,54.8,58.68,58.68,60.83,62.36,5498.3,4907.7
23 - 24,45.01,66,60.15,55.69,55.69,56.71,53.55,5058.2,4431.2
00 - 01,46,65,59,52.91,52.91,53.47,55.66,3164.2,2840
01 - 02,43.11,60,50,51.55,51.55,52.16,53.14,3999.7,3269.7
02 - 03,1.81,54,41.3,47.49,47.49,48.68,44.08,3926.3,3610.9
03 - 04,40.1,67.99,50,48.43,48.43,47.59,50.01,2948.9,2934.7
04 - 05,39,65,63,49.17,49.17,49.41,52.22,3383.2,3082.3
05 - 06,41.8,70,65.4,52.76,52.76,53.37,57.55,3540.9,3188.6
06 - 07,46.5,78,68,63.1,63.1,64.51,69.44,3452.7,3366.3
07 - 08,52.37,82,66,70.57,70.57,71.63,72.69,3968.9,3678.2
08 - 09,59.01,80.37,71,72.02,72.02,73.06,75.3,5297.3,5872.2
09 - 10,53.4,74.6,62.2,69.17,69.17,70.22,63.88,5963,6191.1
10 - 11,57.5,70.2,61.8,66.3,66.3,66.87,65.14,5372.7,5328.2
11 - 12,50,80.7,71.1,65.9,65.9,65.29,64.36,4345.9,4589.4
12 - 13,60.9,98.99,76.5,66.8,66.8,66.53,69.56,4290.6,4300.8
13 - 14,60.8,100,99,67.62,67.62,67.7,72.28,5115.1,5099.1
14 - 15,53.5,100,100,69.06,69.06,70.43,79.55,5707.4,5697.8
15 - 16,55.1,111,94.6,70.85,70.85,71.65,77.18,6013.6,6092.7
16 - 17,22,84.88,48,70.24,70.24,72.43,70.34,7234.1,7238
17 - 18,57,78,75,71.86,71.86,72.67,70.04,8230.6,8517.3
18 - 19,61.81,103,103,75.66,75.66,75.37,80.78,7889.5,6531.9
19 - 20,58.2,94,66.6,78.71,78.71,83.83,88.24,8232.7,6562.2
20 - 21,10.01,99.99,97,77.9,77.9,80.3,76.64,8301.2,7409.7
21 - 22,65.81,140,120,79.71,79.71,80.95,89.29,7805.5,6501.5
22 - 23,61.3,84.69,64.1,76.31,76.31,77.84,80.81,9633.5,7736.1
23 - 24,22,79.29,67,71.31,71.31,72.2,67.36,7752.9,6711.2
00 - 01,40,84.7,70,66.06,66.06,66.04,65.39,3006,2840.2
01 - 02,27.61,84.31,60.02,59.54,59.54,59.15,61.94,3132.1,2898.4
02 - 03,11.8,65,62.5,57.41,57.41,57.16,60.49,3335,2888.7
03 - 04,46,65,58.99,56.29,56.29,56.33,60.6,4119.5,3195.7
04 - 05,41.09,66,66,55.45,55.45,55.82,59.62,3488.7,3155.5
05 - 06,45.02,65,53,58.43,58.43,59.32,59.7,3038.5,2494.5
06 - 07,25,68.6,52,65.34,65.34,66.2,63.4,2226.9,2340.3
07 - 08,50,82,75,73.41,73.41,74.2,77.79,2761.1,2977.7
08 - 09,55.1,90,73.61,79.87,79.87,81.13,84.39,3551.8,3754.3
09 - 10,41.2,91,80,81.66,81.66,83.99,79.7,5053.3,4258.4
10 - 11,46.7,91.9,46.7,75.89,75.89,78.8,71.97,5864.7,4871.1
11 - 12,42.04,86.6,60,73.32,73.32,73.18,64.18,5187.4,5121.6
12 - 13,65,86.1,70.01,73.03,73.03,70.37,70.14,5808,5710.2
13 - 14,44.1,99,45.21,69.05,69.05,68.21,63.98,6647.7,6230.4
14 - 15,54.9,82.99,60,67.55,67.55,66.13,60.65,6171,5876.2
15 - 16,55.7,79,63.7,64.71,64.71,62.33,59.54,5071.5,5011.3
16 - 17,58,92.7,77,66.49,66.49,63.65,65.01,4905.6,4895.9
17 - 18,41.56,80,51,70.46,70.46,70.54,63.34,5956.2,5878.3
18 - 19,46.31,81.9,65,71.77,71.77,70.97,67.24,4830.6,4862.1
19 - 20,70,125.4,125.4,76.39,76.39,73.12,76.39,4254.1,4305
20 - 21,72,96.9,89,77.54,77.54,77.61,82.84,4318.4,3957
21 - 22,63.61,84,69.3,72.43,72.43,72.4,68.55,4031.9,4018.4
22 - 23,57.4,78.1,68,69.44,69.44,69.7,69.01,4895.2,4164.4
23 - 24,50.21,70.9,60,60.83,60.83,60.64,60.87,4769.3,4892.2
00 - 01,46,64.77,50,53.79,53.8,54.09,54.05,2654.6,2687.9
01 - 02,44.91,56,46,52.39,52.39,52.52,51.16,2517.4,2454.5
02 - 03,40,57.9,44.3,50.79,50.79,50.55,50.36,2565.8,2495.4
03 - 04,30.01,57.9,35,48.84,48.84,48.69,48.42,2694.4,2733
04 - 05,42,79.09,62,52.68,52.68,52.35,57.55,2385.1,2868.2
05 - 06,45.51,70.75,66,59.93,59.93,60.82,65.81,2505.2,3039.2
06 - 07,53,72.5,72,67.56,67.56,68.24,69.3,1888.9,2152.9
07 - 08,46,76.5,50,67.84,67.84,71.14,68.92,2375.6,2665.1
08 - 09,47,79.2,47.22,65.17,65.17,66.58,61.17,2571.4,3041.2
09 - 10,33,77.5,74,65.42,65.42,65.39,65.58,3475.3,4140.1
10 - 11,40,81.4,63,63.71,63.71,64.5,67.27,4772.9,4567.5
11 - 12,40,72,55,60.42,60.42,60.29,55.1,4403.5,4182.1
12 - 13,41,63.5,63,54.01,54.01,52.48,52.67,5140.9,5027.8
13 - 14,47.2,70.4,70.4,54.15,54.15,51.93,51.46,5941.6,6046.2
14 - 15,49.46,61.99,50,54.51,54.51,54.44,58.57,5963.6,5589.1
15 - 16,40,63.89,50.03,55.69,55.69,56.36,54.51,5958,5814.2
16 - 17,41,69.9,52,61.9,61.9,61.9,55.2,4383.1,4213.6
17 - 18,61.6,81.9,71.07,72.98,72.98,72.57,74.8,4832,4931.1
18 - 19,60.6,127.98,90.33,83.02,83.02,83.76,86.45,4517.8,4406.3
19 - 20,70,195,150,89.93,89.93,92.65,105.94,4773.7,4912
20 - 21,70,199.99,190,91.43,91.43,97.89,123.03,5475.2,5129.3
21 - 22,56.1,97,75,81.37,81.37,84.78,82.99,6840.6,6044.2
22 - 23,42,98.99,61,73.1,73.1,75.88,76.92,5383.2,4984.9
23 - 24,55,75,63.1,69.49,69.49,69.47,64.43,4262.7,4196
00 - 01,40.01,70,55,55.74,55.74,55.29,54.58,3000.4,2832.5
01 - 02,52.02,69,64,56.31,56.31,55.15,56.51,3329.1,3202.4
02 - 03,48,70,69,56.36,56.36,56.96,59.61,2771.8,2694.1
03 - 04,45,65.5,60.99,55.65,55.65,56.66,58.9,2631.1,2500.6
04 - 05,50,70,50,57.24,57.24,58.61,59.43,2626.1,2470
05 - 06,47,75,47,58.74,58.74,60.76,62.79,2307.2,2282
06 - 07,26.7,79,66,69.62,69.62,70.47,73.2,2236.5,2407.9
07 - 08,66.5,90,80,75.88,75.88,76.45,77.86,2428.2,3994.2
08 - 09,50,85.1,69.02,76.52,76.52,79.12,76.88,3073.2,3311.1
09 - 10,42.1,90.1,82,73.31,73.31,74.56,78.39,3809.2,3856.8
10 - 11,65.1,78.4,76.28,71.88,71.88,71.82,74.99,4476.7,4390.1
11 - 12,59,93.09,88,73.15,73.15,72.4,78.2,4771.1,4921.9
12 - 13,51.61,75,75,65.22,65.22,65.45,66.51,4750.8,4369.5
13 - 14,48.6,80,65,59.55,59.55,60.85,68.99,5206.5,4953.7
14 - 15,38,67,48,54.89,54.89,56.96,53.79,5540.2,5194.2
15 - 16,38,67.88,48,52.74,52.74,52.83,48.31,4289.3,4097.5
16 - 17,35,88,35,54.23,54.23,52.86,46.36,5905.5,6442.2
17 - 18,49,92.99,89.99,61.1,61.1,58.83,57.44,6423.1,7038.9
18 - 19,58.11,94.65,83,69.28,69.28,71.38,74.76,8224.9,7693.5
19 - 20,40.01,84.9,72,69.21,69.21,72.1,63.23,8422.7,7503.3
20 - 21,34.2,124.2,95.01,72.73,72.73,73.22,77.5,8696.6,8389.2
21 - 22,53.1,97.1,93.1,74.07,74.07,76.44,80.75,8514.3,8349.2
22 - 23,40,80.98,47,67.32,67.32,71.15,73.57,6331.4,5491.3
23 - 24,27.82,64,43,52.49,52.49,53.3,45.75,5813.7,5521.7
00 - 01,10.5,59.99,53,51.2,51.2,51.28,50.66,3568.8,3573.9
01 - 02,40.01,60,50,51.75,51.76,52.1,52.55,3935.3,3999.6
02 - 03,14.8,65.6,51.49,50.3,50.3,49.92,46.27,4382.9,5083.4
03 - 04,28.6,62,48.08,49.49,49.49,49.48,49.36,3375.8,3878.4
04 - 05,27.8,64,54,50.89,50.89,51.6,53.45,3621.2,3930.1
05 - 06,40.01,60,47,52.23,52.23,53.73,50.7,3271.6,2692.3
06 - 07,30.01,75,47,60.07,60.07,61.48,55.06,2964.6,3007.6
07 - 08,46.61,76.6,69.99,67.85,67.85,67.26,64.91,3943.2,3906.5
08 - 09,45,72.7,54,65.27,65.27,66.85,61.42,4346.6,4376.8
09 - 10,60.31,108,100,69.58,69.58,67.46,74.29,5249.6,6284.7
10 - 11,54.05,77.5,59,67.25,67.25,66.65,66.33,5292.2,5431.1
11 - 12,45,75,50,63.42,63.42,64.02,62.35,4579.4,4974.2
12 - 13,48,75.7,64.9,55.54,55.54,54.04,55.78,5329.2,5710.7
13 - 14,44,66.4,44,54.29,54.29,55.87,56.48,6663.6,6842.4
14 - 15,37.1,77,41.5,51.53,51.54,52.33,47.4,6987.3,6889.1
15 - 16,7,57.8,40,48.84,48.84,48.41,45.16,6233.5,6358
16 - 17,38.44,88,68,48.96,48.96,46.71,43.56,5631.4,5929.6
17 - 18,44.01,90,75,56.74,56.74,55.24,58.43,5352.5,5600.5
18 - 19,50,73.95,50,63.54,63.54,63.92,58.57,6223.1,6080.1
19 - 20,30.01,77.3,38,62.65,62.65,62.04,52.82,5253.1,5207.2
20 - 21,40,74,46.4,61.39,61.39,59.85,47.82,6620.5,6865.2
21 - 22,52.35,114.5,90,63.14,63.14,60.64,69.27,5837,5831.9
22 - 23,39.21,74,65,61.51,61.51,60.5,65.64,5415.6,5414
23 - 24,35.01,65.69,38,52.39,52.39,52.69,52.52,4239.8,4326.3
00 - 01,48.1,69.36,55,55.13,55.13,55.27,57.86,3051.3,3418.2
01 - 02,44,95.9,55,54.03,54.03,53.84,53.33,3048.3,2936.8
02 - 03,43,71.89,50,53.26,53.26,53.44,51.74,3029,2922.9
03 - 04,30,62.09,39,48.85,48.85,48.18,42.83,4301.7,4469.6
04 - 05,25,51.73,47.4,46.53,46.53,45.15,38.27,3596.6,3189.4
05 - 06,36,68,62,47.06,47.06,45.53,47.66,4516,4749.5
06 - 07,44.5,68,55,48.29,48.29,47.77,49.19,3961.4,3359.5
07 - 08,21,80,38.1,50.23,50.23,51.52,57.23,4592.8,3561.4
08 - 09,45,94.1,60,55.7,55.7,56.24,54.72,3750.7,3325.2
09 - 10,46.61,100,85,64.5,64.5,62.28,65.95,4363.4,4168.4
10 - 11,42.92,69.9,63,62.26,62.26,62.63,64.49,5908.1,4409.5
11 - 12,25.01,72.98,42.9,59.89,59.89,61.65,63.81,5871.4,4400
12 - 13,46.7,70.9,70,56.78,56.78,56.51,55.36,6412.6,5388.2
13 - 14,40,72,45,50.25,50.25,51.24,52.55,6790.7,6687
14 - 15,40.5,61.1,58.5,47.99,47.99,48.06,48.37,6386,6646.1
15 - 16,38,88.97,69,50.8,50.8,52.76,59.18,7523,7541
16 - 17,37,60,49.5,49.11,49.11,50.42,52.64,5798.9,5629.2
17 - 18,46,62,55,52.1,52.1,53.41,56.38,5375.1,5479.3
18 - 19,37.01,70.9,54.9,57.52,57.52,60.71,61.35,4148.4,4203.6
19 - 20,33.01,69.9,42.5,59.5,59.51,59.62,50.46,4617.5,5127.7
20 - 21,44.01,72,55,61.04,61.04,60.58,59.64,5576.9,5732.1
21 - 22,30,63,35,55.44,55.45,55.78,47.54,4971,5404.4
22 - 23,-49,61,37.57,50.61,50.61,51.19,51.86,5852.5,6678.1
23 - 24,-20.09,49.7,30,35.92,35.92,33.21,8.9,5549.1,6568.5
00 - 01,26,51.5,41,43.71,43.72,43.3,44.38,3927.7,4528.2
01 - 02,1,51.51,29,41.95,41.95,41.38,39.6,4264.5,4724.4
02 - 03,2,49.1,2,35.01,35.01,33.29,21.08,4031,4586.3
03 - 04,11,50.2,30,35.95,35.95,32.55,27.08,4738.2,4932.7
04 - 05,5,50.1,36,35.04,35.05,31.09,31.07,5059.7,5176.8
05 - 06,25,50.1,46,36.22,36.22,31.92,34.59,4587.1,4769.1
06 - 07,15,59.7,36,39.05,39.05,38.72,39.27,4460.8,4698.3
07 - 08,30.01,51.6,42,42.17,42.17,42.95,42.83,3921.2,4297.2
08 - 09,41,54,54,47.65,47.65,48.08,50.76,3518.2,4144.4
09 - 10,37,58.99,45,45.64,45.64,45.34,45.68,3764.4,3822.1
10 - 11,20.21,49,49,38.08,38.08,38.4,37.1,4444.7,4093.6
11 - 12,-0.9,41.51,34.8,29.12,29.12,27.48,16.25,4503,4759.7
12 - 13,17.7,64.99,50,34.21,34.21,31.65,32.62,4502.1,4845.2
13 - 14,19,45,22,33.39,33.39,33.81,37.21,5607,5358.7
14 - 15,-7.9,41.58,24.5,30.54,30.54,31.6,30.32,6562.4,5746.3
15 - 16,15.5,43.65,27.95,30.09,30.09,27.85,21.73,6129.2,5641.3
16 - 17,6,46.9,24.5,32.4,32.4,28.84,27.52,5807.4,5642.4
17 - 18,-9.5,51,27,41.08,41.08,41.12,42.11,4658.6,5257.8
18 - 19,42.02,60,52.1,52.04,52.04,51.49,49.99,4334.2,4838.2
19 - 20,15.01,65.55,40,57.61,57.61,56.12,45.95,3417.2,5351.2
20 - 21,52,69.8,61.5,61.91,61.91,60.08,57.54,3934.7,6043.9
21 - 22,33,62,47.49,53.37,53.37,53.04,50.03,3573.8,4515.2
22 - 23,20,88,70,47.5,47.51,45.9,37.21,4190,4952.5
23 - 24,10.2,60,33.2,37.41,37.41,35.2,31.69,4827.3,5543
00 - 01,-15.15,40,29,19.89,19.89,18.18,13.58,3917.4,4257.1
01 - 02,-66,40,30,13.26,13.26,8.14,1.28,4265.7,4486.8
02 - 03,-19.8,36.05,19.99,11.8,11.8,2.94,12.76,4606,4979.6
03 - 04,-15,25,5,4.98,4.98,-0.01,11.41,3934.6,4386.2
04 - 05,-15,21,6,6.88,6.88,6.21,15.51,3720.1,3922.8
05 - 06,-0.5,35.9,20,17.29,17.29,23.4,12.91,4184.1,4161.6
06 - 07,24.3,47.1,44,35.82,35.82,36.41,38.68,3675.7,3766.9
07 - 08,36.81,71.49,55,47.48,47.48,46.86,47.58,3093.6,3306.5
08 - 09,30,67,54.5,54.04,54.04,54.79,57.08,3150.8,3112.4
09 - 10,25,64.99,40,48.07,48.07,48.65,44.1,4352,4264.4
10 - 11,35,65,39,44.21,44.21,44.24,43.98,5209.7,5218.7
11 - 12,-7.9,60,42,44.08,44.08,43.87,43.19,5430.2,5366.3
12 - 13,15,59.99,37,42.49,42.49,42.91,39.05,6407.1,6321.9
13 - 14,10.01,66,48,40.34,40.34,39.19,37.48,5739.3,5680.1
14 - 15,24.1,50.5,37,40.78,40.78,39.72,36.65,5874,5832.3
15 - 16,38.1,69.6,64.9,46.57,46.57,46.26,53.42,6732,6708.3
16 - 17,41.04,65.5,65.5,51.22,51.22,52.08,57.73,5195.4,5361.8
17 - 18,40.11,71.69,60.9,60.14,60.15,62.41,68.65,4818.9,4514.8
18 - 19,50.51,90,90,65.56,65.56,66.76,66.37,5456.2,4995.1
19 - 20,57.61,93.49,90,71.65,71.65,72.51,76.8,7055.5,6634.5
20 - 21,59.81,95,95,74.16,74.16,75.21,80.21,7087.7,6621.8
21 - 22,56.01,79.99,73.1,68.94,68.94,70.25,68.44,6765,7155.2
22 - 23,50,124.99,67.4,61.83,61.83,62.95,71.12,5069.3,5347.7
23 - 24,45.5,59,55.69,52.1,52.1,53.18,50.88,6890.8,6958.4
00 - 01,27.31,65.03,50.99,53.57,53.57,53.67,50.16,2877.8,2780.3
01 - 02,-10,58.3,50.6,53.05,53.05,52.62,50.61,2548.7,2284.5
02 - 03,41.04,68.31,56,53.48,53.48,53.27,53.66,3123.6,2724.6
03 - 04,40.2,64.9,47.55,52.89,52.89,52.68,52.94,3796.1,2882.7
04 - 05,35.01,67.99,53,53.55,53.55,54.27,53.26,4150.2,3327
05 - 06,40.87,77,76,60.82,60.82,61.58,64.75,3939.6,3363.2
06 - 07,50.69,109.3,94,73.57,73.57,74.62,84.46,4454.4,3367.7
07 - 08,61.41,125,100,83.17,83.17,83.19,92.43,6036.7,6148.7
08 - 09,58.18,119.99,100,90.96,90.96,93.11,91.53,6554,6373.8
09 - 10,72,120,90,86.47,86.47,87.16,88.5,6621.9,5587.6
10 - 11,61.9,88.4,72.6,79.34,79.34,79.57,79.57,5209.8,5002.2
11 - 12,45.13,78,50,68.66,68.66,69.87,60.05,4500.1,4496.3
12 - 13,40.41,97.97,94,65.42,65.42,62.14,64.04,5085.4,5000.2
13 - 14,57.2,98,81.7,73.62,73.62,73.17,87.12,6393.3,5590.6
14 - 15,54.3,80.05,72,70.48,70.48,71.81,73.09,7072.4,5638.1
15 - 16,54.43,90,86.5,73.06,73.06,74.45,81.04,5778.8,4960.3
16 - 17,40.01,76.3,59,68.94,68.94,69.07,59.37,5569.6,4843.8
17 - 18,49.21,88.17,79,74.13,74.13,74.3,77.41,4511.7,3705.9
18 - 19,52.21,93.59,81,80.03,80.03,78.63,75.77,5649.4,4161.3
19 - 20,56.71,98.75,80,81.91,81.91,79.7,77.5,5726.3,4636.1
20 - 21,70.1,94.99,70.1,82.6,82.6,80.42,83.21,6191.3,5525.6
21 - 22,55,95.13,63.8,73.46,73.46,74.34,77.38,6070.3,4610
22 - 23,53.11,86.33,65,66.54,66.54,66.78,64.92,4551.6,4437.9
23 - 24,29.31,79.27,42,54.63,54.63,54.11,50.36,4407.5,4567.7
00 - 01,29.11,63.2,50.44,52.55,52.55,52.78,49.85,2811.5,2954.9
01 - 02,47.1,94.8,62.88,50.22,50.22,49.34,49.51,2845.3,3488.9
02 - 03,42.6,61.9,56,51.71,51.71,51.65,55.81,3036.5,3408.7
03 - 04,26.31,54.9,46.5,49.73,49.73,50.47,46.99,3192.2,3378.2
04 - 05,42.9,64.88,55,49.28,49.28,48.19,45.8,3487.4,3888.3
05 - 06,43,65,54,52.37,52.37,51.86,54.57,4399.1,3865.4
06 - 07,41,71.68,60,62.8,62.8,61.52,54.02,3620.7,3887.6
07 - 08,60,79,72.9,73.13,73.13,72.32,71.78,3440.3,4522.8
08 - 09,41,79,60,71.76,71.76,72.21,68.93,4415.8,4885.7
09 - 10,46.1,79,70,69.13,69.13,67.84,65.88,4379.3,4326
10 - 11,50.01,83,80,63.47,63.47,58.45,53.73,4368.8,4401.8
11 - 12,47,69,64.5,58.55,58.55,56.6,54.2,4629.5,4654.7
12 - 13,38,59.1,52.3,51.72,51.72,52.06,52.53,4434,4446.5
13 - 14,31,65,31,48.46,48.46,48.08,45.19,4991.6,5064.5
14 - 15,40,59.99,52,49.48,49.48,48,46.56,5856.1,5733.9
15 - 16,28.3,72.39,60,56.11,56.11,53.08,54.64,5341.2,5406.2
16 - 17,48,68.99,50,61.91,61.91,62.49,59.54,4886.4,5026.6
17 - 18,63,85.8,74,69.62,69.62,70.28,76.96,6179.2,4986.5
18 - 19,45.5,74.89,52.6,70.06,70.06,70.56,66.5,6490.9,5612.5
19 - 20,48.31,80,48.31,69.77,69.77,70.53,63.98,6122.8,5508.4
20 - 21,66.9,82.96,80,71.14,71.14,70.54,72.47,6665.3,6766
21 - 22,43,72.9,48,64.53,64.53,63.72,64.25,5447.2,5062.7
22 - 23,28.31,56.2,48.99,51.27,51.27,51.72,49.74,5585.9,5191.5
23 - 24,11.2,68.91,55.2,49.78,49.78,49.59,48.83,6848.9,6359.9
00 - 01,46.14,62,60,55.31,55.31,55.29,57.79,4044.8,3037.8
01 - 02,29.73,56.85,51.09,53.52,53.52,53.98,50.11,5758.5,4246
02 - 03,45,73.4,56,52.54,52.54,52.65,53.54,5120.7,4429.1
03 - 04,45,60,55,52.61,52.61,52.69,53.09,3627.6,2761.4
04 - 05,35.1,56.1,52,53.19,53.19,54.08,53.5,4252.3,3785.3
05 - 06,45.2,68.2,55,56.24,56.24,58.21,59.77,3943.3,3617.4
06 - 07,48.31,67,58.48,62.88,62.88,63.62,61.58,4930.8,4324.7
07 - 08,58.5,126,69.1,76.11,76.11,73.93,79.57,5958.1,5460.6
08 - 09,62,90,80,76.72,76.72,77.26,82.74,6852.6,6487.6
09 - 10,64.3,85,81.8,73.74,73.74,74.04,73.4,7629.2,7536.1
10 - 11,45,90.9,64.49,74.73,74.73,75.14,81.83,7680.1,7688.1
11 - 12,49.05,79,59,70.4,70.4,72.76,71.35,8488.8,8105.2
12 - 13,50,99,86,67.35,67.35,69.31,75.26,6652.2,6317.3
13 - 14,50,99,70.9,64.37,64.37,65.01,58.52,7297.5,6812.6
14 - 15,41,80,72,62.55,62.55,63.36,68.03,7019.1,6954.2
15 - 16,51,75.99,70,60.78,60.78,61.95,63.83,7473.2,7201.4
16 - 17,51,73.4,55,61.12,61.12,62.62,64.77,6960.4,6772.3
17 - 18,48.4,73.4,55.1,63.71,63.71,64.36,63.75,5387.9,5200.9
18 - 19,0,77.99,67.5,67.96,67.96,67.77,65.88,5159.5,5295
19 - 20,5.1,77,60,67.32,67.32,66.15,58.94,5025.1,5465.3
20 - 21,27,82,27,69.36,69.36,67.88,71.06,5402.7,6081.7
21 - 22,47.2,73,56.5,60.47,60.47,57.93,52.94,4644,5587.3
22 - 23,51,85,56,56.18,56.18,55.13,54.82,3948.5,4778.4
23 - 24,49,61.6,51,52.87,52.87,52.42,56.45,4103.2,4581.9
00 - 01,41,57,54,52.43,52.43,52.51,53.5,2148.1,2083.8
01 - 02,18,56.7,49.99,51.15,51.15,51.54,51.84,2410.5,2364.8
02 - 03,35,55,35,49.56,49.56,49.88,50.31,3035.2,2679.6
03 - 04,36.7,52.59,36.7,48.08,48.09,47.47,42.93,4136.5,3857.2
04 - 05,45.71,173.2,53,50.07,50.07,48.87,50.09,3197.1,2712.8
05 - 06,39,68.8,67,50.7,50.7,49.81,49.48,2937.1,2522.6
06 - 07,37.56,67.29,49.6,59.69,59.69,59.86,53.47,2813.4,2592.9
07 - 08,30,75,46.9,65.48,65.48,68.01,58.89,3195,3378.5
08 - 09,53,76.99,65,69.95,69.95,69.76,67.9,3480.9,3695.5
09 - 10,61.1,78,70.3,71.04,71.04,70.42,67.69,4745.7,4171.5
10 - 11,59.02,124.9,59.02,72.14,72.14,71.16,73.53,6547.2,5535.7
11 - 12,48.7,77.9,62,71.95,71.95,72.51,72.5,8459.9,6492.6
12 - 13,59,76.9,72,71.51,71.52,71.5,68.87,8413.1,6403.3
13 - 14,60.95,75,64,70.91,70.91,70.3,68.67,8312.3,6523.1
14 - 15,52,75.4,65.3,69.93,69.93,68.37,68.17,8576.3,6530
15 - 16,42.01,73,55,67.52,67.52,66.04,62.24,7207.4,5304.8
16 - 17,55,85.49,64.01,66.98,66.98,65.01,64.28,6068.3,5304.5
17 - 18,56.1,86,86,69.09,69.1,67.25,65.47,5488.8,5484.4
18 - 19,66.3,80,77.8,70.8,70.8,70.59,74.54,4908.2,4286
19 - 20,45.4,80.4,72.99,70.6,70.61,71.16,72.12,4429.4,3984.8
20 - 21,66,84.99,80,71.73,71.73,71.93,73.05,4473.3,3498.9
21 - 22,40.6,78.5,63.7,71.01,71.01,73.06,74.78,5267.7,4496.9
22 - 23,60,72.71,65,65.51,65.52,67.61,69.44,4478.4,4306.3
23 - 24,55,70,64,62.45,62.45,63.66,65.96,4593.6,4242
