49,36,59,41
49,36,59,41
49,166,59,41
49,166,59,41
49,166,59,41
49,166,59,41
49,166,59,41
49,166,59,41
148,166,59,41
148,166,59,41
148,166,59,41
148,166,59,41
263,166,59,41
263,166,59,41
263,166,59,41
263,166,59,41
263,166,59,41
263,166,59,41
263,166,59,41
263,166,59,41
263,36,59,41
263,212,59,41
263,212,59,41
263,212,59,41
263,212,59,41
263,212,59,41
263,212,59,41
263,331,59,41
263,331,59,41
263,331,203,41
263,212,203,41
263,212,203,41
263,212,203,41
263,212,203,41
263,212,203,41
263,212,203,41
263,212,203,41
263,212,203,41
263,212,203,41
263,212,203,41
263,212,203,41
263,212,203,41
263,212,203,41
263,36,203,41
263,36,203,41
263,36,203,41
263,36,203,41
263,36,203,41
263,36,203,41
263,142,59,41
263,142,59,41
375,142,59,41
375,142,59,41
375,142,59,41
375,142,59,41
375,142,59,41
403,142,59,41
403,142,59,41
403,142,59,41
403,142,59,41
161,142,59,41
161,142,59,41
161,142,59,41
161,142,59,41
161,142,59,41
161,142,59,41
161,142,59,41
161,36,59,41
161,36,59,41
49,36,59,41
49,36,59,41
49,36,59,41
49,36,59,41
49,36,59,41
49,36,59,41
49,36,59,41
49,36,59,41
49,36,59,41
49,36,59,41
49,36,59,41
49,36,59,41
49,36,59,41
49,36,59,41
49,36,59,41
49,36,59,41
49,36,59,41
49,36,59,41
49,36,59,41
49,36,59,41
49,36,59,41
49,36,59,41
49,36,59,41
49,36,59,41
49,36,59,41
49,36,59,41
49,36,203,41
49,212,203,41
49,212,203,41
49,212,203,41
49,212,203,41
49,212,203,41
49,212,203,41
49,212,203,41
49,212,203,41
49,212,203,41
49,212,203,41
49,212,203,41
49,212,203,41
161,212,203,41
161,212,203,41
161,212,203,41
161,212,203,41
161,212,203,41
161,212,203,41
161,212,203,41
161,212,59,41
161,212,59,41
161,212,280,41
161,36,280,41
161,36,280,41
161,36,280,41
161,36,280,41
161,36,280,41
161,36,280,41
161,36,280,41
161,36,280,41
49,36,280,41
49,36,280,41
49,36,280,41
49,36,280,41
49,36,280,41
49,36,280,41
49,36,280,41
49,36,280,41
49,36,280,41
49,36,280,41
49,36,280,41
49,36,280,41
49,36,280,41
49,36,59,41
49,36,59,41
49,36,59,41
49,36,59,41
49,36,59,41
49,36,59,41
49,36,59,41
49,36,59,41
49,36,59,41
49,36,59,41
49,36,59,41
49,36,59,41
49,36,59,41
49,36,59,41
49,36,59,41
49,36,59,41
49,36,59,41
49,36,59,41
49,36,59,41
49,36,59,41
49,36,59,41
49,36,59,41
49,36,59,41
49,36,59,41
49,36,59,41
49,36,59,41
49,36,59,41
49,36,59,41
49,36,59,41
49,36,59,41
49,36,59,41
49,36,59,41
49,36,59,41
49,36,59,41
49,36,59,41
49,36,59,41
49,36,59,41
49,36,59,41
49,36,59,41
49,36,59,41
49,36,59,41
49,36,59,41
49,36,59,41
49,36,59,41
49,36,59,41
49,36,59,41
49,36,59,41
49,36,59,41
49,142,59,41
49,142,59,41
49,142,59,41
49,142,59,41
49,142,59,41
161,142,59,41
161,142,59,41
161,142,59,41
161,142,59,41
161,142,59,41
161,142,59,41
161,142,59,41
161,142,59,41
161,142,59,41
161,142,59,41
161,142,280,41
161,142,280,41
161,142,280,41
161,36,280,41
161,36,280,41
161,36,280,41
161,36,280,41
161,36,280,41
49,36,280,41
49,36,280,41
49,36,280,41
49,36,280,41
49,36,280,41
49,36,280,41
49,36,280,41
49,36,280,41
49,36,280,41
49,36,280,41
49,36,280,41
49,36,280,41
49,36,280,41
49,36,280,41
49,36,59,41
49,36,59,41
49,212,203,41
49,212,203,41
49,212,203,41
49,212,203,41
49,212,203,41
49,212,203,41
49,212,203,41
49,212,203,41
49,212,203,41
49,212,203,41
49,212,203,41
49,212,203,41
49,212,203,41
49,212,203,41
49,212,203,41
49,212,203,41
49,212,203,41
49,212,203,41
49,212,203,41
49,212,203,41
49,212,59,41
49,212,59,41
49,36,59,41
49,36,59,41
49,36,59,41
49,36,59,41
49,36,59,41
49,36,59,41
49,36,59,41
49,36,59,41
49,142,59,41
49,142,59,41
49,142,59,41
49,142,59,41
49,142,59,41
49,142,59,41
49,142,59,41
49,142,59,41
49,142,59,41
49,142,59,41
161,142,59,41
161,142,59,41
161,142,59,41
161,142,59,41
161,142,59,41
161,142,59,41
161,142,59,41
161,142,59,41
161,36,59,41
161,36,59,41
161,36,59,41
161,36,59,41
161,36,59,41
161,36,59,41
161,36,59,41
161,36,59,41
161,36,59,41
161,36,59,41
49,36,59,41
49,36,59,41
49,36,59,41
49,36,59,41
49,36,59,41
49,36,59,41
49,36,59,41
49,36,59,41
49,36,59,41
49,36,280,41
49,36,280,41
49,36,280,41
49,36,280,41
49,36,280,41
49,36,280,41
49,36,280,41
49,36,280,41
49,36,280,41
49,36,280,41
49,36,280,41
49,36,280,41
49,36,280,41
49,36,280,41
49,36,280,41
49,36,280,41
49,36,280,41
49,36,424,41
49,36,424,41
49,36,424,41
49,36,424,41
49,36,424,41
49,212,203,41
49,212,203,41
49,212,203,41
49,212,203,41
49,212,203,41
161,212,203,41
161,212,203,41
161,212,203,41
161,212,203,41
161,212,203,41
161,212,203,41
161,212,203,41
161,212,203,41
161,212,203,41
161,212,203,41
161,212,59,41
161,212,59,41
161,212,59,41
161,212,59,41
161,212,59,41
161,212,59,41
161,212,59,41
161,36,59,41
49,36,59,41
49,36,59,41
49,36,59,41
49,36,59,41
49,36,59,41
49,36,59,41
49,36,59,41
49,36,59,41
49,36,59,41
49,36,59,41
49,36,59,41
49,36,59,41
49,36,59,41
49,36,59,41
49,36,59,41
49,36,59,41
49,36,59,41
49,36,59,41
49,36,59,41
49,36,59,41
49,36,59,41
49,36,59,41
49,36,59,41
49,142,59,41
49,142,59,41
49,142,59,41
49,142,280,41
49,142,280,41
49,142,280,41
49,142,280,41
49,142,280,41
49,142,280,41
49,142,280,41
49,142,280,41
49,142,280,41
49,142,280,41
49,142,280,41
49,142,280,41
49,142,280,41
49,142,280,41
49,142,280,41
49,36,280,41
49,36,280,41
49,36,280,41
49,36,280,41
49,36,280,41
49,36,280,41
49,212,280,41
49,212,59,41
49,212,59,41
49,212,59,41
49,212,203,41
49,212,203,41
49,212,203,41
49,212,203,41
161,212,203,41
161,212,203,41
161,212,203,41
161,212,203,41
161,212,203,41
161,212,203,41
161,212,203,41
161,212,203,41
161,212,203,41
161,212,203,41
161,212,203,41
161,212,203,41
161,212,203,41
161,212,203,41
161,36,203,41
161,36,203,41
161,36,59,41
161,36,59,41
49,36,59,41
49,36,59,41
49,36,199,41
49,36,199,41
49,36,199,41
49,36,199,41
49,36,199,41
49,36,199,41
49,36,199,41
49,36,199,41
49,36,199,41
49,36,199,41
49,36,199,41
49,36,199,41
49,36,199,41
49,36,199,41
49,36,199,41
49,36,199,41
49,36,199,41
291,36,199,41
461,36,199,41
461,36,199,41
461,142,199,41
346,142,199,41
346,142,199,41
346,142,199,41
346,142,199,41
346,142,199,41
346,142,199,41
49,142,199,41
49,142,199,41
49,142,199,41
49,142,199,41
49,142,199,41
49,142,199,41
49,142,199,41
49,142,199,41
49,142,199,41
49,142,199,41
49,142,199,41
49,36,199,41
49,36,199,41
49,36,199,41
49,36,199,41
49,36,420,41
49,36,420,41
49,36,420,41
49,36,420,41
49,36,420,41
49,36,420,41
49,36,420,41
49,36,420,41
49,36,420,41
49,36,420,41
49,36,564,41
49,36,564,41
49,36,564,41
49,36,564,41
49,36,564,41
49,36,564,41
49,36,564,41
49,36,564,41
49,36,564,41
49,36,564,41
49,36,564,41
49,36,564,41
49,36,343,41
49,36,343,41
161,36,343,41
161,36,343,177
161,36,343,177
161,212,343,177
161,212,343,177
161,212,343,177
161,212,199,177
161,212,199,177
161,212,199,177
161,212,199,177
161,212,199,177
161,212,199,177
161,212,199,177
161,212,199,177
161,212,199,177
161,212,199,177
161,212,199,177
161,212,199,177
49,212,199,177
49,212,199,177
49,318,199,177
49,318,199,177
49,318,199,41
49,318,199,41
49,318,199,41
49,142,199,41
49,142,199,41
49,142,199,41
49,142,199,41
49,142,199,41
49,142,199,41
346,142,199,41
346,142,199,41
346,142,199,41
346,142,199,41
346,142,199,41
346,142,199,41
346,142,199,41
346,36,199,41
346,36,199,41
346,36,199,386
346,36,199,386
346,36,199,386
346,36,199,386
346,36,199,41
346,36,199,41
346,36,199,41
346,36,199,41
346,36,343,41
346,36,343,41
346,36,564,41
346,36,424,41
346,36,424,41
346,36,424,41
346,36,424,41
346,36,424,41
247,36,424,41
2015,36,424,41
2015,36,424,41
2015,36,424,41
2015,36,424,41
2015,36,564,41
2015,36,564,41
2015,36,564,41
2015,36,564,41
2015,36,564,41
2015,36,564,41
2015,36,564,41
2015,36,420,41
2015,36,420,41
2015,36,420,41
2015,36,420,41
2015,36,199,41
2015,36,199,41
2127,36,2379,41
2127,36,2379,41
2127,36,2379,41
2127,36,199,41
2127,142,199,41
2127,142,199,41
2127,142,199,41
2127,142,199,41
2127,142,199,41
2127,142,199,41
359,142,199,41
359,142,505,41
359,142,505,41
370,142,505,41
370,142,505,41
370,142,199,41
342,142,199,41
342,142,199,41
230,142,199,41
230,142,199,41
230,142,199,41
230,142,199,41
230,36,199,41
230,36,199,41
230,36,2379,41
230,36,2379,41
230,36,2379,41
230,36,199,41
230,36,199,41
230,36,199,41
230,36,199,41
230,212,199,41
230,212,199,41
230,212,2379,41
230,212,2379,41
230,212,2379,41
230,212,199,41
230,212,199,41
230,212,2379,41
230,212,2379,41
230,212,2379,41
230,212,199,41
230,212,199,41
230,212,420,41
230,212,420,41
230,212,420,41
230,212,420,41
230,212,420,41
230,212,420,41
2163,212,420,41
2163,212,420,41
2163,212,561,41
230,212,561,41
230,36,561,41
230,36,561,41
230,36,561,41
230,36,561,41
230,36,561,41
230,36,561,41
230,36,561,41
245,36,561,41
245,36,561,41
245,36,561,41
245,36,561,41
245,36,561,41
245,36,199,41
245,36,199,41
245,36,2379,41
245,36,2379,41
245,36,2379,41
245,36,343,41
245,36,343,41
245,36,343,41
245,36,343,41
245,36,343,41
245,36,343,41
245,142,343,41
49,142,343,41
49,142,343,41
49,142,343,41
49,142,343,41
49,142,343,41
49,142,343,41
49,142,343,41
49,142,343,41
49,142,343,41
49,142,343,41
245,142,343,41
245,142,343,41
245,142,343,41
245,142,199,41
245,142,199,41
245,142,199,41
245,142,199,41
245,36,199,41
245,36,199,41
234,36,199,41
234,36,199,41
234,36,199,41
234,36,199,41
234,36,199,41
234,36,199,41
234,36,199,41
234,36,199,41
234,36,199,41
262,36,199,41
262,36,199,41
262,36,199,41
262,36,199,41
262,36,199,41
262,36,199,41
262,36,199,41
374,36,199,41
374,36,199,41
374,36,199,41
374,36,199,41
374,36,199,41
374,36,199,41
374,36,199,41
374,36,199,41
374,36,420,41
374,36,420,41
374,36,420,41
374,36,420,41
374,36,420,41
374,36,420,41
374,36,420,41
161,155,561,41
161,331,561,41
161,331,561,41
49,331,561,41
49,331,561,41
49,331,561,41
49,331,561,41
49,331,561,41
49,331,705,41
49,331,705,41
49,331,705,41
49,7625,705,41
49,7625,705,41
49,7625,705,41
49,331,705,41
49,331,484,41
49,331,484,41
49,331,499,41
49,331,499,41
49,331,499,41
49,331,499,41
49,331,358,41
49,2277,358,41
49,2101,358,41
49,2207,358,41
49,261,358,41
49,273,358,41
49,273,358,41
49,273,214,41
49,273,214,41
49,273,214,41
49,273,214,41
49,273,214,41
49,273,214,41
49,273,214,41
49,273,214,41
49,273,335,41
49,273,335,41
49,273,335,41
49,273,335,41
49,273,335,41
49,273,335,41
49,167,335,41
49,167,195,41
49,167,195,41
49,167,1385,41
49,167,1385,41
49,167,1385,41
49,167,195,41
49,167,2690,41
262,167,2690,41
262,167,2702,41
262,167,2702,41
247,167,2702,41
359,167,2702,41
359,167,2702,41
359,167,2702,41
359,167,2702,41
359,167,2702,41
359,167,2702,41
359,167,2702,41
359,167,2702,41
359,167,2702,41
359,167,2702,41
359,167,2702,41
359,167,2702,41
359,167,2702,41
359,48,2702,41
359,224,2702,41
359,224,2702,41
359,224,2702,41
359,224,2702,41
247,224,2702,41
247,224,2702,41
247,224,2702,41
247,224,2702,41
247,224,2702,41
247,224,2702,41
247,224,2702,41
247,224,2702,41
247,224,2702,41
247,224,2702,41
247,224,2702,41
247,224,2702,41
247,224,2702,41
247,1445,2702,41
247,1433,2702,41
247,1433,2702,41
247,212,2702,41
247,212,4882,41
247,36,4867,41
247,36,4867,41
247,36,2908,41
247,36,2908,41
346,36,2908,41
346,36,2908,41
346,36,2908,41
346,36,2908,41
346,36,2908,41
346,36,2908,41
346,36,2908,41
318,36,2908,41
318,36,2908,41
318,36,2908,41
318,36,2908,41
318,36,2908,41
318,68,2908,41
318,68,2908,41
318,68,2908,41
318,68,413,41
318,68,413,41
318,68,401,41
318,68,401,41
318,68,401,41
318,68,180,41
318,68,180,41
318,68,180,41
318,68,180,41
430,68,180,41
430,68,180,41
430,68,180,41
430,68,180,41
430,68,180,41
430,68,180,41
430,68,180,41
430,68,180,41
430,68,180,41
430,68,192,41
430,68,192,41
430,2440,192,41
430,2440,59,41
430,2440,59,41
430,2440,59,41
430,3822,59,41
430,3822,59,41
430,3965,59,41
318,3965,59,41
318,4247,59,41
318,4247,59,41
318,4247,59,41
318,4247,59,41
318,4247,59,41
318,4247,203,41
318,4247,203,41
318,4247,203,41
318,4247,203,41
318,4247,203,41
318,4247,203,41
318,4247,203,41
318,4247,203,41
318,4247,203,41
318,4247,203,41
318,4247,203,41
318,4247,203,41
318,4247,203,41
318,4141,203,41
318,1769,203,41
318,1769,203,41
318,1769,203,41
318,1593,203,41
318,1593,203,41
318,1593,203,41
318,1712,59,41
318,330,59,41
318,330,280,41
318,330,280,41
318,330,280,41
318,330,280,41
318,330,280,41
318,330,280,41
318,330,280,41
318,330,280,41
318,330,280,41
318,330,280,41
318,330,280,41
318,330,280,41
318,330,280,41
430,330,280,41
430,330,280,41
430,298,280,41
430,298,280,41
260,298,280,41
260,298,280,41
260,298,280,41
260,298,280,41
260,298,280,41
260,298,59,41
260,298,59,41
260,298,59,41
260,298,59,41
260,330,59,41
275,330,59,41
275,330,59,41
275,330,59,41
275,330,59,41
163,330,59,41
163,330,59,41
163,330,59,41
163,330,59,41
163,330,59,41
163,330,59,41
163,330,59,41
163,330,59,41
163,330,59,41
163,330,59,41
163,330,59,41
163,330,59,41
163,330,59,41
163,330,59,41
163,460,59,41
163,460,59,41
163,460,59,41
163,460,59,41
163,460,59,41
163,460,59,41
163,460,59,41
163,460,59,41
163,460,59,41
163,460,59,41
163,460,59,41
163,460,59,41
163,460,59,41
163,460,59,41
163,460,59,41
163,460,59,41
163,542,59,41
163,542,59,41
163,542,59,41
163,542,59,41
163,542,59,41
163,542,59,41
278,542,59,41
278,542,59,41
278,542,59,41
278,542,59,41
278,542,59,41
278,542,59,41
278,542,59,41
278,542,59,41
278,412,59,41
278,412,59,41
278,412,59,41
278,412,59,41
278,412,59,41
278,412,59,41
390,412,59,41
390,412,59,41
390,412,59,41
390,412,59,41
390,412,59,41
161,412,59,41
161,412,59,41
161,412,280,41
161,412,280,41
161,412,280,41
161,412,280,41
161,412,280,41
161,412,280,41
161,412,280,41
161,518,280,41
291,518,413,41
276,518,413,41
276,518,413,41
164,2858,413,41
164,2858,413,41
164,2858,413,41
164,2858,413,41
164,2858,413,41
164,2858,413,41
164,2858,413,41
164,3034,413,41
164,3034,413,41
164,3034,413,41
164,3034,413,41
164,3034,192,41
164,3034,192,41
164,3034,192,41
164,2928,215,41
164,2928,215,41
164,2928,215,41
164,2928,215,41
164,2928,215,41
49,2928,215,41
219,2928,215,41
219,2928,215,41
219,2846,215,41
219,2846,215,41
219,2846,215,41
219,2846,215,41
219,2846,215,41
219,2589,215,41
219,2589,215,41
219,2413,215,41
219,2413,230,41
219,2413,230,41
219,2413,230,41
219,2413,230,41
219,2413,86,41
219,2413,86,41
219,2413,86,41
219,2413,86,41
219,2413,86,41
219,2413,86,177
219,2413,86,1176
219,4359,86,1040
219,4359,86,1040
219,4359,86,1040
219,2413,86,1040
219,2413,86,1040
219,2413,86,1040
219,298,86,1040
219,298,86,1040
219,298,86,1040
219,298,86,1040
219,298,86,1040
219,298,86,1040
219,298,86,1040
219,298,74,1040
219,298,74,1054
219,298,74,1054
219,298,74,1054
219,298,74,1054
219,298,2000,1054
219,298,2000,1054
219,298,2000,1054
219,310,2000,1054
219,310,2000,1086
219,310,2000,1086
219,310,2000,1086
219,310,2000,1086
219,310,2000,1086
219,310,2000,1086
219,310,2000,1086
219,310,2000,87
219,310,2000,87
219,310,2000,87
219,310,2000,87
219,310,2000,87
219,1531,2000,87
219,1531,2000,87
219,1531,2000,87
219,310,2000,87
219,310,74,87
219,342,74,87
219,342,295,228
219,342,295,228
219,342,2475,228
219,342,2619,228
219,342,2619,228
219,342,439,228
219,342,439,228
219,342,439,228
219,342,439,228
219,342,439,228
219,342,579,228
230,448,579,228
230,448,579,228
230,448,579,228
230,448,579,228
230,448,579,228
230,448,579,228
230,448,579,228
230,448,579,228
230,448,579,228
230,448,579,228
230,448,579,228
230,448,343,228
230,448,199,228
230,448,199,228
230,448,199,87
329,448,199,87
329,448,199,87
329,448,199,87
329,518,199,87
329,518,199,87
329,518,199,87
329,518,199,87
329,518,199,87
329,518,199,73
357,518,2210,73
357,518,2210,73
357,518,2210,73
258,518,2210,73
370,399,2210,73
370,529,2210,73
370,517,2210,73
370,517,2210,73
370,517,2210,73
370,517,2210,73
370,517,2210,73
370,517,2210,73
370,517,2210,73
370,517,2210,73
370,517,2210,73
370,7811,2210,73
370,7635,2210,73
370,7635,2210,73
370,341,2210,73
370,341,2210,73
370,341,2210,41
370,341,2210,41
258,341,2210,41
258,341,2210,41
258,460,2210,41
258,460,2210,41
258,460,2210,41
258,460,199,41
258,460,199,41
258,2287,199,41
258,2287,199,41
258,2287,199,41
258,447,199,41
258,447,420,41
258,447,420,41
258,447,420,41
258,447,420,41
258,415,420,41
258,415,420,41
258,415,420,73
258,415,420,214
258,415,420,214
258,415,420,214
258,415,420,214
258,415,420,214
258,415,2600,214
258,415,2600,214
258,415,2600,214
258,415,420,214
247,415,420,214
247,309,420,214
247,309,420,214
346,309,420,214
346,309,420,214
346,309,420,214
346,309,199,214
346,166,199,214
346,166,199,214
346,166,199,214
461,166,199,214
461,166,199,214
461,166,199,214
461,166,199,214
461,166,199,2271
461,166,320,2271
461,166,320,2271
461,166,320,2271
461,166,320,2271
461,342,320,2271
461,342,199,2271
461,342,214,2271
461,342,214,2271
461,342,214,2271
433,342,214,2271
476,342,214,2271
476,342,214,2271
476,342,214,2271
476,342,214,2271
476,342,214,2285
476,342,214,2285
588,374,214,2285
588,374,214,2285
588,374,214,2285
599,374,214,228
599,374,214,228
599,374,355,228
599,374,214,228
599,374,214,228
599,374,214,228
599,493,214,228
599,317,214,228
599,317,214,228
599,317,214,228
599,317,214,228
599,423,214,228
599,423,226,228
599,423,226,228
599,423,226,228
487,423,226,228
487,423,226,228
487,423,226,228
487,423,226,228
487,423,370,228
487,423,370,228
487,423,370,87
487,423,370,87
487,423,591,87
487,423,591,87
487,423,591,87
487,423,591,87
487,423,591,87
487,423,591,87
487,317,591,55
487,317,591,55
487,317,591,178
487,198,591,178
487,198,591,178
487,198,591,178
487,198,591,178
487,198,591,178
487,198,591,178
487,198,591,178
487,198,447,178
487,198,447,178
487,198,447,178
487,198,447,178
487,198,447,178
487,198,447,178
487,198,226,178
487,198,226,178
487,198,226,1283
487,198,226,1283
487,198,226,1283
487,198,226,178
472,198,226,178
373,198,226,178
373,198,226,178
373,198,226,178
373,198,226,164
472,198,226,164
472,198,226,164
472,198,226,164
472,198,226,164
472,317,211,164
472,317,211,164
472,317,211,164
472,317,211,164
444,317,211,164
444,317,211,164
444,317,211,164
444,317,211,164
444,317,211,164
444,317,211,164
444,285,211,164
444,461,211,164
444,604,199,164
545,604,199,164
545,636,199,164
545,636,199,164
545,636,199,164
573,636,199,164
573,636,199,164
474,636,214,164
474,636,214,164
474,2582,214,164
474,2582,214,164
474,2582,214,164
474,636,214,164
474,636,214,196
474,636,358,332
474,636,358,332
474,636,358,332
474,636,358,332
474,636,358,332
362,636,479,332
362,517,479,332
373,341,479,332
373,341,358,332
373,341,579,677
373,341,579,677
373,341,579,677
373,341,579,677
373,341,579,332
373,447,579,332
373,447,579,332
373,447,579,332
373,447,579,332
373,447,579,332
373,447,579,332
373,447,435,332
373,447,435,332
373,447,435,332
373,447,435,332
373,447,435,332
373,447,435,332
373,447,435,332
373,447,435,332
373,447,435,332
373,447,435,196
373,447,435,196
373,447,226,196
373,341,226,337
373,341,226,337
373,341,226,337
203,341,226,337
203,341,226,337
88,341,226,337
88,341,226,337
88,341,226,337
88,341,367,337
88,341,367,337
88,341,367,337
88,341,367,337
88,341,367,337
88,341,367,473
88,341,367,473
88,341,488,473
88,341,488,473
88,341,488,337
88,341,488,337
88,341,488,337
88,517,488,337
88,517,488,337
88,517,488,337
88,517,488,337
88,517,488,337
88,517,488,337
88,517,488,337
88,517,488,337
88,517,488,337
88,485,488,337
88,485,632,337
88,485,632,337
60,485,632,337
60,485,632,337
60,485,617,337
60,485,617,337
60,485,617,337
88,485,617,337
88,485,617,337
88,485,476,337
88,485,476,305
88,485,476,305
88,309,476,305
88,309,476,305
315,309,476,305
315,309,476,441
315,309,476,441
315,309,476,305
304,309,476,305
304,309,476,305
304,309,332,305
304,309,332,305
304,415,332,305
315,415,332,305
315,415,332,305
315,415,332,305
315,415,332,305
315,415,332,305
315,415,332,305
315,415,320,305
315,415,320,305
315,415,320,441
88,415,320,441
88,415,320,441
88,415,320,441
88,415,320,441
88,415,2500,441
88,415,2500,441
88,415,2500,300
7435,415,320,300
7435,309,320,300
7435,309,320,300
88,309,320,300
88,309,461,332
88,309,321,332
88,309,321,332
88,309,321,332
88,309,321,332
88,309,321,332
88,309,321,473
88,309,321,473
88,309,336,473
88,309,336,473
88,309,336,473
88,309,336,473
7435,309,336,473
7435,309,336,473
7435,309,336,473
88,309,336,473
88,309,336,473
88,36,336,473
88,36,336,473
88,36,336,473
88,36,336,473
88,36,195,337
88,36,195,337
88,36,195,337
88,36,195,337
88,36,195,337
88,36,195,337
88,36,195,337
88,36,195,337
88,36,195,337
88,36,195,337
88,36,195,337
88,36,195,337
88,36,195,337
88,36,195,337
88,36,195,337
88,36,195,337
49,36,59,337
49,36,59,337
49,36,59,196
49,36,59,196
49,36,59,196
49,36,59,196
49,36,59,210
161,36,59,210
161,36,59,210
161,36,59,346
161,36,59,41
161,36,59,41
161,36,59,41
161,36,59,41
161,36,59,41
161,142,59,41
161,142,59,41
161,142,59,41
161,142,59,41
161,142,59,41
161,142,59,41
161,142,59,41
161,142,59,41
161,142,59,41
161,142,59,41
49,142,59,41
49,142,59,41
49,142,59,41
49,142,59,41
49,142,59,41
49,142,59,41
49,142,59,41
49,142,59,41
49,36,203,41
49,36,203,41
49,36,203,41
49,36,203,41
49,36,203,41
49,36,203,41
49,36,203,41
49,36,203,41
49,36,203,41
49,36,203,41
49,36,203,41
49,36,203,41
49,36,203,41
49,36,203,41
49,36,203,41
49,36,203,41
49,36,203,41
49,309,203,41
49,309,203,41
49,309,203,41
49,309,59,41
49,309,59,41
49,309,59,41
49,309,59,41
49,2255,59,41
49,2255,59,41
49,2255,59,41
49,36,59,41
49,36,59,41
49,36,59,41
49,212,59,41
49,212,59,41
49,212,59,41
49,212,59,41
49,212,59,41
49,212,59,41
49,212,59,41
