58,51,53,49
58,51,53,49
58,51,53,49
58,51,53,49
58,51,53,49
58,51,53,49
58,51,53,49
58,51,53,49
58,51,53,49
58,51,53,49
58,51,53,49
58,51,53,49
58,51,53,49
58,51,53,49
58,51,53,49
58,51,53,49
58,51,53,49
58,51,53,49
58,51,179,49
58,51,179,49
58,51,179,49
58,51,179,49
58,51,179,49
58,51,179,49
58,51,179,49
58,51,179,49
58,51,179,49
58,51,179,49
58,51,179,49
58,51,179,49
58,51,179,49
58,51,179,49
58,51,179,49
58,51,179,49
58,51,179,49
58,51,179,49
58,51,53,49
58,51,53,49
58,51,53,49
58,51,53,49
58,51,53,49
58,51,53,49
58,51,53,49
58,51,53,49
58,51,53,49
58,51,53,49
58,51,53,49
58,51,53,49
58,51,53,49
58,51,53,49
58,51,53,49
58,51,53,49
58,51,53,49
58,51,53,49
58,51,53,49
58,51,53,49
58,51,53,49
58,51,53,49
58,51,53,49
58,51,53,49
58,51,53,49
58,176,53,49
58,176,53,49
58,176,53,49
58,176,53,49
58,176,53,49
58,176,53,49
58,176,53,49
58,176,53,49
58,176,53,49
255,176,53,49
255,176,53,49
255,176,53,49
255,176,53,49
255,176,53,49
255,176,53,49
255,176,53,49
255,176,53,49
255,176,53,49
255,51,53,49
255,51,53,49
255,51,53,49
255,51,53,49
255,51,53,49
255,51,53,49
255,51,53,49
255,51,53,49
255,51,53,49
255,51,53,49
255,51,53,49
255,51,53,49
255,51,53,49
58,51,53,49
58,51,53,49
58,51,53,49
58,51,53,49
58,51,53,49
58,51,53,49
58,51,53,49
58,51,179,49
58,51,179,49
58,51,179,49
58,51,179,49
58,51,179,49
58,51,179,49
58,51,179,49
58,51,179,49
58,51,179,49
58,51,179,49
58,51,179,49
58,51,179,49
58,51,179,49
58,51,179,49
58,51,179,49
58,51,179,49
58,51,179,49
58,51,179,49
58,51,53,49
58,51,53,49
58,51,53,49
58,51,53,49
58,51,53,49
58,51,53,49
58,51,53,49
58,51,53,49
58,51,53,49
58,51,53,49
58,51,53,49
58,51,53,49
58,51,53,49
58,51,53,49
58,51,53,49
58,51,53,49
58,51,53,49
58,51,53,49
58,51,53,49
58,51,53,49
255,51,53,49
255,51,53,49
255,51,53,49
255,51,53,49
255,51,53,49
255,51,53,49
255,51,53,49
255,51,53,49
255,51,53,49
255,51,53,49
255,51,53,49
255,51,133,49
255,51,133,49
255,51,53,49
255,51,53,49
255,51,53,49
255,51,53,49
255,51,53,49
255,51,53,49
255,51,53,49
255,51,53,49
255,176,53,49
58,176,53,49
58,176,53,49
58,176,53,49
58,176,53,49
58,176,53,49
58,176,53,49
58,176,53,49
58,176,53,49
58,176,53,49
58,176,53,49
58,176,53,49
58,176,53,49
58,176,53,49
58,176,53,49
58,176,53,49
58,176,53,49
58,176,53,49
58,51,53,49
58,51,53,49
58,51,53,49
58,51,53,49
58,51,53,49
58,51,53,49
58,51,53,49
58,51,53,49
58,51,53,49
58,51,53,49
58,51,53,49
58,51,53,49
58,51,53,49
58,51,53,49
58,51,53,49
58,51,53,49
58,51,53,49
58,51,53,49
58,51,53,49
58,51,53,49
58,51,53,49
58,51,53,49
58,51,53,49
58,51,53,49
58,51,53,49
58,51,53,49
58,51,53,49
58,51,53,49
58,51,53,49
58,51,53,49
58,51,53,49
58,51,53,49
58,51,53,49
58,51,53,49
58,51,53,49
58,51,53,49
58,51,53,49
58,51,53,49
58,51,53,49
255,51,53,49
255,51,53,49
255,51,179,49
255,51,179,49
255,51,179,49
255,51,179,49
255,51,179,49
255,51,179,49
255,51,179,49
255,51,179,49
255,51,179,49
255,51,179,49
255,51,179,49
255,51,179,49
255,51,179,49
255,51,179,49
255,51,179,49
255,51,179,49
255,176,179,49
255,176,179,49
255,176,53,49
255,176,53,49
58,176,53,49
58,176,53,49
58,176,53,49
58,176,53,49
58,176,53,49
58,176,53,49
58,176,53,49
58,176,53,49
58,176,53,49
58,176,53,49
58,176,53,49
58,176,53,49
58,176,53,49
58,176,53,49
58,51,53,49
58,51,53,49
58,51,53,49
58,51,53,49
58,51,53,49
58,51,53,49
58,51,53,49
58,51,53,49
58,51,53,49
58,51,53,49
58,51,53,49
58,51,53,49
58,51,53,49
58,51,53,49
58,51,53,49
58,51,53,49
58,51,53,49
58,51,53,49
58,51,53,49
58,51,53,49
58,51,53,49
58,51,53,49
58,51,53,49
58,51,53,49
58,51,53,49
58,51,53,49
58,51,53,49
58,51,53,49
58,51,53,49
58,51,53,49
58,51,53,49
58,51,53,49
58,51,53,49
58,51,53,49
58,51,53,49
58,51,53,49
58,51,53,49
58,51,53,49
58,51,53,49
255,176,53,49
255,176,53,49
255,1831,53,49
255,2203,53,49
255,2203,53,49
255,548,53,49
255,548,53,49
255,176,53,49
255,176,53,49
255,176,53,49
255,176,53,49
255,176,53,49
255,176,53,49
255,176,53,49
255,176,53,49
255,176,53,49
255,176,53,49
255,176,53,49
255,51,53,49
255,51,53,49
255,51,53,49
255,51,53,49
58,51,53,49
58,51,53,49
58,51,53,49
58,51,53,49
58,51,53,49
58,51,53,49
58,51,53,49
58,51,53,49
58,51,53,49
58,51,53,49
58,51,53,49
58,51,53,49
58,51,53,49
58,51,53,49
58,51,53,49
58,51,179,49
58,51,179,49
58,51,179,49
58,51,179,49
58,51,179,49
58,51,179,49
58,51,179,49
58,51,179,49
58,51,179,49
58,51,179,49
58,51,179,49
58,51,179,49
58,51,179,49
58,51,179,49
58,51,179,49
58,51,179,49
58,51,179,49
58,51,179,49
58,51,53,49
58,51,53,49
58,51,53,49
58,51,53,49
58,51,53,49
58,51,53,49
58,51,53,49
58,51,53,49
58,51,53,49
58,51,53,49
58,51,53,49
58,51,53,49
58,51,53,49
58,51,53,49
58,51,53,49
58,51,53,49
58,51,53,49
58,51,53,49
58,51,53,49
255,51,53,49
255,51,53,49
255,51,53,49
255,51,53,49
255,51,53,49
255,51,53,49
255,51,53,49
255,51,53,49
255,51,53,49
255,51,53,49
255,51,53,49
255,51,53,49
255,51,53,49
255,51,53,49
255,176,53,49
255,176,53,49
255,176,53,49
255,176,53,49
255,176,53,49
255,176,53,49
255,176,53,49
255,176,53,49
58,176,53,49
58,176,53,49
58,176,53,49
58,176,53,49
58,176,53,49
58,176,53,49
58,176,53,49
58,176,53,49
58,176,53,49
58,176,53,49
58,51,53,49
58,51,53,49
58,51,53,49
58,51,53,49
58,51,53,49
58,51,53,49
58,51,53,49
58,51,53,49
58,51,53,49
58,51,53,49
58,51,53,49
58,51,53,49
58,51,53,49
58,51,53,49
58,51,53,49
58,51,53,49
58,51,179,49
58,51,179,49
58,51,179,49
58,51,179,49
58,51,179,49
58,51,179,49
58,51,179,49
58,51,179,49
58,51,179,49
58,51,179,49
58,51,179,49
58,51,179,49
58,51,179,49
71,51,179,49
71,51,179,49
71,51,179,49
10051,51,179,49
10051,51,179,49
10051,51,53,49
71,51,53,49
71,51,53,49
71,51,53,49
71,51,53,49
71,51,53,49
71,51,53,49
71,51,53,49
71,51,53,49
71,51,53,49
71,51,53,49
71,51,53,49
71,51,53,49
268,51,53,49
268,51,53,49
268,51,53,49
268,2119,53,49
268,2119,53,49
268,2119,53,49
268,2119,53,49
268,2119,53,49
268,2119,53,49
268,2119,53,49
268,2119,53,49
268,2119,53,49
268,2119,53,49
268,2119,53,49
268,2119,53,49
268,2119,53,49
268,2119,53,49
268,2119,53,49
268,2119,53,49
268,62,53,49
268,62,53,49
268,62,53,49
71,62,53,49
71,62,53,49
71,62,53,49
71,62,53,49
71,62,53,49
71,62,53,49
2884,62,179,49
2884,62,179,49
2884,62,179,49
2884,62,179,49
2884,62,179,49
2884,62,179,163
2884,62,179,163
2884,62,179,163
2884,62,179,163
2884,62,290,163
2884,62,290,163
2884,62,290,174
2884,62,290,174
2884,62,424,174
2871,62,424,174
2871,62,424,174
2871,62,424,174
2871,62,424,174
2871,62,298,174
2871,62,298,174
58,62,298,174
58,62,298,174
58,62,298,174
58,62,298,174
58,62,298,174
58,62,298,174
58,62,298,174
58,62,298,174
58,62,298,174
58,62,298,174
58,62,298,174
58,62,298,174
58,62,298,174
58,62,298,174
58,62,298,174
58,51,298,174
58,51,298,174
58,51,298,1185
255,176,298,1185
255,176,298,1185
255,176,298,174
255,176,308,174
255,548,308,174
255,11010,308,174
255,11010,308,174
255,11010,308,174
255,176,308,174
255,176,308,174
255,176,308,174
255,176,308,174
255,176,308,174
255,176,308,174
255,176,308,174
255,176,308,174
255,176,308,174
255,176,308,174
255,51,308,174
255,51,308,174
255,51,308,174
255,51,308,174
58,51,308,174
58,51,308,174
58,51,308,174
58,51,308,174
58,174,308,174
58,174,308,174
58,174,308,174
58,174,228,174
58,174,228,174
58,174,228,174
58,174,228,174
58,174,228,174
58,174,228,174
58,174,228,174
58,174,228,174
58,185,228,174
58,185,228,174
58,185,228,174
58,185,228,174
58,185,53,174
58,185,53,174
58,185,53,174
58,185,53,174
58,185,53,174
58,185,53,163
58,185,53,163
58,185,53,163
58,185,53,163
58,185,53,163
58,185,53,163
58,185,53,163
58,185,53,163
58,185,53,163
58,185,53,163
58,62,53,163
58,62,53,163
58,62,53,163
2871,62,53,163
2871,62,53,163
2871,62,53,163
2871,62,53,163
2871,62,53,163
2871,62,53,163
2871,62,179,163
2871,62,179,163
2871,62,179,163
2871,62,179,163
2871,62,179,163
2871,187,179,163
2871,187,179,163
2871,187,179,163
2871,187,179,163
2871,187,179,163
2871,187,179,163
2871,187,179,163
2871,187,179,163
2871,187,179,163
58,187,179,163
58,187,179,163
58,187,179,163
255,187,179,163
255,187,53,163
255,187,53,163
255,187,53,163
255,187,53,163
255,187,53,163
255,62,53,163
255,62,53,163
255,62,53,163
255,62,53,163
255,62,53,163
255,62,53,163
255,62,53,163
255,62,53,163
255,62,53,163
255,51,53,163
255,51,53,163
255,51,53,163
255,51,53,1992
255,62,53,1992
255,62,53,1992
255,62,53,163
58,62,53,163
58,62,53,163
58,62,53,163
2871,62,53,163
2871,62,53,163
2871,62,53,163
2871,62,53,163
2871,62,53,163
2871,62,53,163
2871,62,53,163
2871,62,53,163
2871,62,53,163
2871,62,53,163
2871,62,53,163
2871,62,53,163
2871,62,53,163
2871,62,53,163
2871,62,53,163
2871,62,53,163
4804,62,53,163
4804,62,53,163
4804,62,53,163
2871,62,53,163
58,62,53,163
58,62,53,262
58,1717,53,262
58,1717,53,262
58,1717,53,262
58,62,53,262
58,62,53,262
58,62,53,262
58,434,53,262
58,434,53,262
58,434,53,262
58,434,53,262
58,62,53,262
58,62,53,262
58,62,53,262
58,62,53,262
58,62,53,262
58,62,53,262
58,62,53,273
58,62,53,273
58,62,179,273
58,62,179,273
58,62,179,273
58,62,179,273
58,62,179,273
58,62,179,273
58,62,179,273
3068,62,179,273
3068,62,179,273
3068,62,179,383
3068,62,179,383
3068,62,179,383
3068,62,179,383
3068,62,179,383
3068,51,179,383
3068,51,179,284
3068,51,179,284
3068,51,179,284
3068,51,53,284
3068,51,53,284
3068,51,53,284
3068,51,53,284
3068,51,53,284
3068,51,53,284
3068,51,53,284
3068,51,53,284
3068,176,53,284
255,176,53,284
255,176,53,284
58,176,53,284
58,176,53,284
58,176,53,284
58,176,53,284
58,176,53,284
58,176,53,284
58,176,53,284
58,176,53,284
58,176,53,284
58,176,53,284
58,176,53,284
58,176,53,284
58,176,53,284
58,176,53,284
58,176,53,284
58,51,53,284
58,51,53,284
58,51,53,284
58,51,53,284
58,51,53,284
58,51,53,284
58,51,53,284
58,51,53,284
58,51,53,284
58,51,53,284
58,51,53,284
58,51,53,284
58,51,53,284
58,51,53,284
58,51,53,284
318,51,53,284
318,51,53,284
448,51,53,284
448,51,53,284
188,51,53,284
188,51,53,284
188,51,53,284
188,51,53,284
188,51,53,284
188,51,53,284
188,51,53,284
188,51,53,284
188,51,53,273
188,51,179,273
188,51,179,273
188,51,179,163
385,51,179,163
385,51,179,163
385,51,179,163
385,51,179,163
385,51,179,163
385,51,179,163
385,51,179,2892
385,51,179,2892
385,51,179,2892
385,51,179,2892
385,51,179,2892
545,51,179,2892
545,51,179,2892
545,51,179,2892
545,51,179,2892
545,51,53,2892
545,51,53,2892
545,51,53,2892
545,51,53,2892
545,51,53,2892
545,51,53,2892
545,51,53,2892
348,51,53,2892
348,51,53,2892
348,51,53,2892
3174,51,53,2892
3174,51,53,2892
3174,176,53,2892
3174,176,53,2892
58,176,53,2892
58,176,53,2892
58,176,53,2892
58,176,53,2892
58,176,53,2892
58,176,53,2892
58,176,53,2892
58,176,53,2892
58,176,53,2892
58,176,53,2892
58,176,53,2892
58,176,53,2892
58,176,53,2892
58,176,53,2892
58,176,53,2892
58,176,53,2892
58,51,53,2778
58,51,53,2778
58,51,53,2778
58,51,53,2778
58,51,53,2778
58,51,53,2778
58,51,53,2778
58,51,53,2778
58,51,53,2778
58,51,53,2778
58,51,53,2778
58,51,53,2778
58,51,53,2778
58,51,53,2778
58,51,53,2778
58,51,53,2778
58,51,53,2778
58,51,53,2778
58,51,53,2778
58,51,53,2778
58,51,53,2778
58,51,53,49
58,51,53,49
58,51,53,49
58,51,53,49
58,51,53,49
58,51,53,49
58,51,53,49
58,51,53,49
58,51,53,49
58,51,53,49
58,51,53,49
58,51,53,49
58,51,53,49
58,51,53,49
255,51,53,49
255,51,53,49
255,51,53,49
255,176,53,49
255,176,53,49
255,176,53,49
255,176,53,49
255,176,53,49
255,176,53,49
255,176,53,49
255,176,53,49
255,176,53,49
255,176,53,1878
255,176,53,1878
255,176,53,1878
255,176,53,49
255,176,53,49
255,176,53,49
255,176,53,49
255,176,53,49
255,176,53,49
255,51,53,49
58,51,53,49
58,51,53,49
58,51,53,49
58,51,53,49
58,51,53,49
58,51,53,49
58,51,53,49
58,51,53,49
58,51,53,49
58,51,53,49
58,51,53,49
58,51,179,49
58,51,179,49
58,51,179,49
58,51,179,49
58,51,179,49
58,51,179,49
58,51,179,49
58,51,179,49
58,51,179,49
58,51,179,49
58,51,179,49
58,51,179,49
58,51,179,49
58,51,179,49
58,51,179,49
58,51,179,49
58,51,179,159
58,51,179,159
58,51,53,159
58,51,53,159
58,51,53,159
58,51,53,159
58,51,53,159
58,51,53,159
58,51,53,159
58,51,53,159
58,51,53,159
58,51,53,159
58,51,53,159
58,51,53,159
58,51,53,159
58,51,53,159
58,51,53,159
58,51,53,159
58,176,53,159
58,176,53,159
58,176,53,159
58,176,53,159
58,176,53,159
58,176,53,159
58,176,53,159
58,176,53,159
58,176,53,159
255,176,53,159
255,176,53,159
255,176,53,159
255,176,53,159
255,176,53,159
255,176,53,159
255,176,53,159
255,176,53,159
255,176,53,159
255,51,53,159
255,51,53,159
255,51,53,159
255,51,53,159
255,51,53,159
255,51,53,159
255,51,53,159
255,51,53,159
255,51,53,159
255,51,53,159
255,51,53,159
255,51,53,159
255,51,53,159
58,51,53,159
58,51,53,159
58,51,53,159
58,51,53,159
58,51,53,159
58,51,53,159
58,51,53,159
58,51,53,159
58,51,53,159
58,51,53,159
58,51,53,159
58,51,53,159
58,51,53,159
58,51,53,159
58,51,53,159
58,51,53,159
58,51,53,159
58,51,53,159
58,51,53,159
58,51,53,159
58,51,53,159
58,51,179,159
58,51,179,159
58,51,179,159
58,51,179,159
58,51,179,159
58,51,179,159
58,51,179,159
58,51,179,159
58,51,179,159
58,51,179,159
58,51,179,49
58,51,179,49
58,51,179,49
58,51,179,49
58,51,179,49
58,51,179,49
58,51,179,49
58,51,179,49
58,51,53,49
58,51,53,49
58,51,53,49
58,51,53,49
58,51,53,49
58,51,53,49
58,51,53,49
58,51,53,49
255,51,53,49
255,51,53,49
255,51,53,49
255,51,53,49
255,51,53,49
255,51,53,49
255,51,53,49
255,51,53,49
255,51,53,49
255,51,53,49
255,51,53,49
255,51,53,49
255,51,53,49
255,51,53,49
255,51,53,49
255,51,53,49
255,51,53,49
255,51,53,49
255,51,53,49
255,51,53,49
255,51,53,49
255,51,53,49
58,51,53,49
58,51,53,49
58,51,53,49
58,176,53,49
58,176,53,49
58,176,53,49
58,176,53,49
58,176,53,85
58,176,53,85
58,176,53,85
58,176,53,85
58,176,53,85
58,176,53,85
58,176,53,85
58,176,53,85
58,176,53,85
58,176,53,85
58,176,53,85
58,176,53,85
58,176,53,85
58,176,53,85
58,51,53,85
3174,51,179,85
3174,51,179,85
3174,51,179,85
3174,51,179,85
3174,51,179,85
3174,51,179,85
3174,51,179,85
3174,51,179,85
3174,51,179,85
3174,51,179,85
3174,51,179,85
3174,51,179,85
3174,51,179,85
3174,51,179,85
3174,51,179,85
3174,51,179,85
371,51,179,85
371,51,179,85
371,51,53,85
211,51,53,85
211,51,53,85
211,51,53,85
211,51,53,85
211,51,53,85
211,51,53,85
211,51,53,85
211,51,53,85
81,51,53,85
81,51,53,85
81,51,53,85
278,51,53,85
278,51,53,85
278,51,53,85
278,51,53,85
278,51,53,85
278,51,53,85
278,51,53,85
278,51,53,85
278,51,53,85
278,51,53,85
278,51,53,85
278,51,53,85
278,51,53,85
278,51,53,195
278,51,53,195
278,51,53,195
278,51,53,195
278,10513,53,195
278,10638,53,195
278,10638,53,195
278,176,53,195
278,176,53,195
81,176,53,195
81,176,53,195
81,176,53,195
81,176,53,294
68,176,53,294
68,176,53,294
68,176,53,258
68,176,53,258
68,176,53,258
68,176,53,258
68,176,53,258
68,187,53,258
68,187,53,258
68,187,53,258
100,62,53,258
100,62,53,258
100,62,53,258
100,62,53,258
100,62,53,258
100,62,53,258
100,62,53,258
100,62,179,258
100,62,179,258
100,62,179,258
100,62,179,258
100,62,179,258
100,62,179,258
100,62,179,258
100,62,179,2987
100,62,179,2987
242,62,179,2987
242,62,179,5514
242,62,179,5404
242,62,179,5404
242,62,179,5404
242,62,179,5404
242,62,179,5404
232,62,179,5404
232,62,179,5404
232,62,53,5404
232,62,53,5404
232,62,53,5404
232,62,53,5404
232,62,53,5404
232,62,53,5404
429,62,53,5404
429,62,53,5404
429,62,53,2877
429,188,53,2877
429,188,53,2877
429,188,53,2877
429,188,53,2877
429,188,53,2877
429,188,53,2877
429,313,53,2877
429,313,53,2877
429,313,53,2877
429,313,53,2877
429,313,53,2877
3242,313,53,2877
3242,313,53,2877
3242,313,53,2877
3242,313,53,2877
3242,313,53,2877
3242,313,53,2877
3242,313,53,2877
3242,313,53,2877
3045,313,53,2877
3045,313,228,2877
3045,313,228,2877
3045,313,228,2877
3045,302,197,2877
3045,177,197,2877
3045,177,197,2877
3045,177,197,2877
3045,177,197,2913
3045,177,197,2913
3045,177,197,2913
3045,177,197,2913
232,211,197,2913
362,211,197,2924
362,211,197,2924
362,211,197,2924
362,211,197,2924
362,211,197,2924
362,211,197,2924
362,211,339,5451
330,211,339,5451
58,211,339,49
58,211,339,49
58,211,2769,49
58,211,2769,49
58,211,2769,49
58,211,2769,49
58,211,2769,49
58,211,2769,49
58,211,2769,49
58,211,2769,49
58,211,2769,49
58,334,2627,49
58,334,2627,49
58,334,2627,49
58,334,2627,49
58,334,2627,49
58,334,2751,49
58,334,2767,49
58,334,327,49
58,334,327,49
58,334,327,49
58,334,327,49
58,334,327,49
58,211,327,49
255,211,327,49
255,211,327,49
255,211,327,49
255,211,327,49
255,211,327,49
255,211,327,49
255,211,453,49
255,211,453,49
255,211,329,49
255,222,329,49
255,222,329,49
255,222,329,49
255,222,329,49
255,222,329,49
255,222,329,49
255,222,329,49
527,222,329,49
527,222,329,49
527,222,329,49
527,222,329,49
527,222,329,49
527,222,329,49
330,222,329,49
330,222,329,49
330,222,203,49
330,222,203,49
58,222,203,49
58,222,203,49
58,222,203,49
58,222,203,49
58,222,203,49
58,222,203,49
58,222,203,49
58,222,203,49
58,222,203,49
58,222,203,49
58,347,203,49
58,347,203,49
58,347,203,49
58,347,203,49
58,313,203,49
58,313,327,49
58,313,327,49
58,313,327,49
58,313,327,49
58,313,327,49
58,313,327,49
58,313,327,49
58,313,327,49
58,313,327,49
58,313,327,49
58,313,327,49
58,321,327,49
58,321,327,49
58,196,327,49
58,196,327,49
58,196,327,49
58,196,327,49
58,196,327,49
58,196,327,49
58,196,327,49
58,196,453,49
58,196,453,49
58,196,453,49
58,196,453,49
58,196,453,49
58,196,437,49
58,196,437,49
58,196,437,49
58,185,437,49
58,185,437,49
58,185,437,49
58,185,437,49
58,185,453,49
58,185,453,49
58,196,453,49
58,196,453,49
58,196,453,49
58,196,453,49
58,196,327,49
58,196,327,49
58,196,327,49
58,196,327,49
58,196,327,49
255,196,327,49
255,196,1437,49
255,196,1437,49
255,196,1437,49
255,196,1437,49
255,196,1437,49
255,196,1437,49
255,196,1437,49
255,196,1437,49
255,196,1437,49
255,196,1437,49
255,196,1437,49
255,196,1437,49
255,196,1437,49
255,196,1437,49
255,196,1437,49
255,196,1437,49
255,196,1437,49
255,196,1437,49
255,196,1437,49
255,196,1437,49
255,196,1437,49
58,196,1437,49
58,196,1437,49
58,196,1437,49
58,196,1437,49
58,196,1437,49
58,196,1437,49
58,196,1437,49
58,196,1437,49
58,196,1437,49
58,196,1437,49
58,196,1437,49
58,196,1437,49
58,196,1437,49
58,196,1563,49
58,196,1563,49
58,319,1563,49
58,319,1563,49
58,319,1563,49
58,319,1563,49
58,311,1563,49
58,311,1573,49
58,311,1573,49
58,311,1573,49
58,311,1573,49
58,311,1573,49
58,311,1573,49
58,311,1573,49
58,311,1573,49
58,311,1573,49
58,300,1573,49
58,300,1573,49
58,300,1447,49
58,300,1447,49
58,300,1447,49
58,300,1447,49
58,300,1447,49
58,300,1447,49
58,300,1447,49
58,308,1447,49
58,308,337,49
58,308,321,49
58,308,321,49
58,308,321,49
58,308,321,49
58,308,321,49
58,308,321,49
58,308,321,49
58,308,321,49
58,308,321,49
58,308,321,49
58,308,321,2722
58,308,321,2722
58,308,321,2722
58,433,321,2722
255,433,321,2722
255,433,321,2722
255,433,321,2722
255,433,337,2722
255,2088,337,2722
255,2088,337,2722
255,2088,337,2722
255,433,337,2722
255,433,337,2722
255,2088,337,2722
255,2088,337,195
255,2088,213,195
255,433,213,195
255,433,213,195
255,433,244,195
255,433,244,195
255,433,244,195
255,308,244,195
255,308,244,195
255,308,244,195
255,308,244,195
255,308,244,195
58,308,244,195
58,308,244,195
58,308,244,195
58,308,244,195
58,308,376,49
58,308,376,49
58,308,376,49
58,308,376,49
58,308,242,49
58,308,242,49
58,308,242,49
58,308,242,49
58,308,242,49
58,308,242,49
58,308,242,49
58,185,242,49
58,185,242,49
58,185,242,49
58,185,242,49
58,185,368,49
58,185,368,49
58,185,368,49
58,185,368,49
58,185,368,49
58,185,368,49
58,185,368,49
58,185,368,49
58,185,368,49
58,185,368,49
58,185,492,49
58,185,492,49
58,185,492,49
58,185,492,49
58,185,492,49
58,185,492,49
58,177,492,49
58,177,492,49
58,177,366,49
58,177,366,49
58,177,366,49
58,177,366,49
58,177,366,49
58,177,366,49
58,177,366,49
58,185,366,49
58,185,366,49
58,185,366,49
58,308,366,49
58,308,366,49
58,308,366,49
58,308,366,49
58,308,366,49
58,308,366,49
58,308,366,49
58,51,53,49
58,51,53,49
58,51,53,49
58,51,53,49
58,51,53,49
58,51,53,49
58,51,53,49
58,51,53,49
58,51,53,49
58,51,53,49
58,51,53,49
58,51,53,49
58,51,53,49
58,51,53,49
58,51,53,49
58,51,53,49
58,51,53,49
255,51,53,49
255,51,53,49
255,51,53,49
255,51,53,49
255,51,53,49
255,51,53,49
255,176,53,49
255,176,179,49
255,176,179,49
255,176,179,49
255,176,179,49
255,176,179,49
255,176,179,49
255,176,179,49
255,176,179,49
255,176,179,49
255,176,179,49
255,176,179,49
255,176,179,49
255,176,179,49
255,176,179,49
255,176,179,49
58,176,179,49
