55,54,54,53
55,54,54,53
55,54,54,53
55,54,54,53
55,54,54,53
55,54,54,53
55,54,54,53
55,54,54,53
55,54,54,53
55,54,54,53
55,54,54,53
55,54,54,53
55,54,54,53
55,54,54,53
55,54,54,53
55,54,54,53
210,54,54,53
210,54,54,53
210,54,54,53
210,54,54,53
210,54,54,53
210,54,54,53
210,54,54,53
210,54,54,53
210,54,54,53
210,54,54,53
210,54,54,53
210,54,54,53
210,54,54,53
210,54,54,53
210,54,54,53
210,54,54,53
210,54,54,53
210,54,54,53
210,54,54,53
210,54,54,53
210,54,54,53
210,54,54,53
55,54,54,53
55,54,54,53
55,54,54,53
55,54,54,53
55,54,54,53
55,54,54,53
55,54,54,53
55,54,54,53
55,54,54,53
55,54,54,53
55,54,54,211
55,54,54,211
55,54,54,211
55,54,54,211
55,54,54,211
167,54,54,211
167,54,54,211
167,54,54,211
167,54,54,211
167,54,54,211
167,54,54,211
167,54,54,211
167,54,54,211
167,54,54,211
167,54,54,211
167,54,54,211
167,54,54,211
167,54,54,211
167,54,54,211
167,54,54,211
167,54,54,53
167,54,54,53
167,54,276,53
55,54,276,53
55,54,276,53
55,54,276,53
55,54,276,53
55,54,276,53
55,54,276,53
55,54,276,53
55,54,276,53
55,54,276,53
55,54,276,53
55,54,276,53
55,54,276,53
55,54,276,53
210,54,276,53
210,54,276,53
210,54,276,64
210,54,276,64
210,54,276,64
210,54,276,64
210,54,276,64
210,54,276,64
210,54,54,64
210,54,54,189
210,54,54,189
210,54,54,304
416,54,54,304
416,54,54,304
416,54,54,304
416,54,54,304
416,54,54,304
416,54,54,304
416,54,54,304
416,54,54,304
416,54,54,672
416,54,54,672
261,54,54,672
261,54,54,672
261,54,54,304
261,54,54,304
55,54,54,304
55,54,54,304
55,54,54,304
55,54,54,316
55,54,54,316
55,54,54,316
55,54,54,316
55,54,54,316
55,54,54,316
55,54,54,316
55,54,54,53
55,54,54,53
55,54,54,53
55,54,54,53
55,54,54,53
55,54,54,53
55,54,54,53
55,54,54,53
55,54,54,53
55,54,54,53
55,54,54,53
55,54,54,211
55,54,54,211
55,54,54,211
55,54,54,211
55,54,54,211
55,54,54,211
55,54,54,211
55,54,54,211
55,54,54,211
55,54,54,211
55,54,54,211
55,54,54,211
55,54,54,211
167,54,276,211
167,54,276,211
167,54,276,211
167,54,276,211
167,54,276,211
167,54,276,211
167,54,276,211
167,54,276,53
322,54,276,53
322,54,276,53
322,54,276,53
322,54,276,53
322,54,276,53
322,54,276,53
322,54,276,53
322,54,276,53
322,54,276,53
322,54,276,53
210,54,276,53
210,54,276,53
210,54,276,53
210,54,276,53
210,54,54,53
210,54,54,53
210,54,54,53
210,54,54,53
210,54,54,53
210,54,54,53
210,54,54,53
416,54,54,53
261,54,54,53
261,54,54,53
261,54,54,53
261,54,54,53
261,54,54,53
261,54,54,53
261,54,54,53
261,54,54,53
261,54,54,53
261,54,54,53
261,54,54,53
261,54,54,53
261,54,54,53
55,54,54,53
55,54,54,53
55,54,54,53
55,54,54,53
55,54,54,53
55,54,54,53
55,54,54,53
55,54,54,53
55,54,54,211
55,54,54,211
55,54,54,211
55,54,54,211
55,54,54,211
55,54,54,211
55,54,54,211
55,54,54,211
55,54,54,211
55,54,54,211
55,54,54,211
55,54,54,211
55,54,54,211
55,54,54,211
55,54,54,211
55,54,54,211
55,54,54,211
55,54,54,211
55,54,54,211
55,54,54,211
55,54,54,53
55,54,54,53
55,54,54,53
55,54,276,53
55,54,276,53
55,54,276,53
210,54,276,53
210,54,276,53
210,54,276,53
210,54,276,53
210,54,276,53
210,54,276,53
210,54,276,53
210,54,276,53
210,54,276,53
210,54,276,53
210,54,276,53
210,54,276,53
210,54,276,53
210,54,276,53
210,54,276,53
210,54,276,53
210,54,276,53
210,54,276,53
210,54,276,53
210,54,54,53
210,54,54,53
210,54,54,53
55,54,54,53
55,54,54,53
261,54,54,53
261,54,54,53
261,54,54,53
261,54,54,53
261,54,54,53
261,54,54,53
261,54,54,53
261,54,54,53
261,54,54,53
261,54,54,53
373,54,54,53
373,54,54,53
373,54,54,53
373,54,54,53
167,54,54,53
167,54,54,53
167,54,54,211
167,54,54,211
167,54,54,211
167,54,54,211
167,54,54,211
167,54,54,211
167,54,54,211
167,54,54,211
167,54,54,211
167,54,54,211
167,54,54,211
167,54,54,211
55,54,54,211
55,54,54,211
55,54,54,211
55,54,54,211
55,54,54,211
55,54,54,211
55,54,54,211
55,54,54,211
55,54,54,53
55,54,54,53
55,54,54,53
55,54,54,53
55,54,276,53
55,54,276,53
55,54,276,53
55,54,276,53
55,54,276,53
55,54,276,53
55,54,276,53
55,54,276,53
55,54,276,53
55,54,276,53
55,54,276,53
55,54,276,53
55,54,276,53
55,54,276,53
55,54,276,53
55,54,276,53
55,54,276,53
55,54,276,53
55,54,276,53
55,54,276,53
55,54,276,53
55,54,276,53
55,54,54,53
55,54,54,53
55,54,54,53
55,54,54,53
55,54,54,53
55,54,54,53
55,54,54,53
55,54,54,53
55,54,54,53
55,54,54,53
261,54,54,53
261,54,54,53
261,54,54,53
261,54,54,53
261,54,54,53
261,54,54,53
261,54,54,53
261,54,54,53
261,54,54,211
261,54,54,211
261,54,54,211
261,54,54,211
261,54,54,211
261,54,54,211
55,54,54,211
55,54,54,211
55,54,54,211
55,54,54,211
55,54,54,211
55,54,54,211
167,54,54,211
167,54,54,211
167,54,54,211
167,54,54,211
167,54,54,211
322,54,54,211
322,54,54,211
322,54,54,211
322,54,54,53
322,54,54,53
322,54,54,53
322,54,54,53
322,54,54,53
322,54,54,53
322,54,54,53
322,54,54,53
322,54,54,53
322,54,54,53
210,54,54,53
210,54,276,53
210,54,276,53
210,54,276,53
210,54,276,53
210,54,276,53
210,54,276,53
210,54,276,53
210,54,276,53
55,54,276,53
55,54,276,53
55,54,276,53
55,54,276,53
55,54,276,53
55,54,276,53
55,54,276,53
55,54,276,53
55,54,276,53
55,54,276,53
55,54,276,53
55,54,276,53
55,54,276,53
55,54,276,53
55,54,54,53
55,54,54,53
55,54,54,53
55,54,54,53
55,54,54,53
55,54,54,53
55,54,54,53
55,54,54,53
55,54,54,53
55,54,54,53
55,54,54,53
55,54,54,53
55,54,54,53
55,54,54,53
55,54,54,53
55,54,54,53
55,54,54,53
55,54,54,53
55,54,54,53
55,54,54,53
55,54,54,53
167,54,54,53
167,54,54,53
167,54,54,53
167,54,54,53
167,54,54,53
167,54,54,53
167,54,54,53
167,54,54,53
373,54,54,53
528,54,54,53
528,54,54,53
528,54,54,53
528,54,54,53
528,54,54,53
528,54,54,53
528,54,54,53
528,54,54,53
528,54,54,53
416,54,54,53
416,54,54,53
416,54,54,53
416,54,54,316
210,54,54,316
210,54,54,316
210,54,54,201
210,54,54,201
210,177,54,201
210,177,54,201
210,177,54,201
210,177,54,201
210,177,54,201
55,177,54,201
55,177,54,201
55,177,54,201
55,177,54,201
55,177,54,201
55,177,54,201
55,177,54,76
55,177,54,76
55,177,54,76
55,177,54,76
55,177,54,76
55,177,54,76
55,177,54,76
55,177,54,76
55,177,54,76
55,177,54,76
55,177,54,76
55,177,54,76
55,177,54,76
55,177,54,76
55,177,54,53
55,177,54,53
55,177,54,53
55,177,54,53
55,177,54,53
55,177,54,53
55,177,54,53
55,177,54,53
55,177,54,53
55,177,54,53
55,177,54,76
55,177,54,76
55,177,54,76
55,177,54,76
55,177,54,76
55,177,54,201
55,177,54,201
55,177,54,323
55,177,54,323
55,177,54,312
55,177,54,470
55,177,54,470
55,177,54,470
55,177,54,470
55,177,54,2698
55,177,54,2698
55,177,54,2698
1267,177,276,470
1267,177,276,470
1267,177,276,470
1400,177,276,211
2399,1151,276,211
2399,1151,276,211
2399,1151,276,211
1400,1151,276,211
1400,1151,276,211
1400,1151,276,211
1400,1287,276,211
1400,1287,276,211
1400,1164,276,211
1761,1164,276,53
1761,1164,276,53
1761,1164,276,53
1761,1164,276,53
1761,1164,276,53
1761,1164,276,53
1761,1164,276,53
1761,1164,276,53
1761,1164,276,53
1873,1164,54,53
1873,1164,54,53
1873,1164,54,53
1873,1164,54,53
1903,1164,54,53
1697,1164,54,53
1697,1164,54,53
1697,1164,54,53
485,1164,54,53
485,1028,54,53
485,1028,54,53
485,1028,54,53
485,1028,54,53
330,1028,54,53
330,1028,54,53
330,1028,54,53
330,1028,54,53
330,1028,54,53
218,1028,54,53
218,1028,54,53
218,1028,54,53
218,1028,54,53
218,1028,54,53
218,1028,54,53
218,1028,54,53
218,1028,54,53
218,1028,54,53
218,1028,54,53
218,1028,54,53
85,1028,54,53
85,1028,54,53
85,1028,54,53
2585,1028,54,53
2585,1028,54,53
2585,1028,54,53
2585,1028,54,53
2585,3108,54,53
2585,3108,54,53
2585,3108,54,53
2585,1028,54,53
2585,1028,54,211
2585,1028,54,211
2585,54,54,211
2585,54,54,211
2585,54,54,211
2585,54,276,211
2585,54,276,211
2585,54,276,211
85,54,276,211
85,54,276,211
85,54,276,211
85,54,276,211
85,54,276,211
85,54,276,211
85,54,276,211
85,54,276,211
85,54,276,211
85,54,276,211
100,54,276,211
100,54,276,211
100,54,276,53
100,54,276,53
100,54,276,53
100,54,276,53
100,54,276,53
100,54,276,53
100,54,276,53
100,54,54,53
100,54,54,53
100,54,54,53
100,54,54,53
1990,54,54,312
1990,54,54,312
1990,54,54,312
100,54,54,300
100,54,54,300
306,54,54,300
276,54,54,300
276,54,54,300
276,54,54,300
276,54,54,300
276,54,54,300
276,54,54,300
276,54,54,300
276,54,54,300
276,54,54,300
276,54,54,300
276,54,54,300
276,54,54,300
276,54,54,300
70,54,54,300
70,54,54,53
70,54,54,53
70,54,54,53
70,54,54,53
70,54,54,53
225,54,54,53
225,54,54,53
225,54,54,53
225,54,54,53
225,54,54,53
225,54,54,53
225,54,54,53
225,54,54,53
225,54,54,53
225,54,54,53
225,54,54,53
225,54,54,53
225,54,54,53
225,54,54,53
225,54,54,53
238,54,54,53
238,54,54,53
238,54,54,53
238,54,54,53
238,54,54,53
238,54,54,53
238,54,54,211
83,54,54,211
83,54,54,211
83,126,54,211
83,126,54,211
83,126,54,211
83,126,54,211
195,126,54,211
195,126,54,211
195,126,54,211
195,126,54,211
195,2109,54,211
195,2109,54,211
195,2109,54,211
180,2109,54,211
180,2109,54,211
180,2109,54,211
180,2109,54,211
180,2109,54,211
180,2109,54,211
180,2109,54,53
180,2109,54,53
180,2109,54,53
180,2109,54,53
180,2109,54,53
68,2109,276,53
68,2109,276,53
68,2109,276,53
68,2224,276,53
68,2224,276,53
68,2224,276,53
68,2224,276,53
68,241,276,53
68,241,276,53
68,241,276,53
68,241,276,53
68,241,276,53
68,241,276,53
68,2321,276,53
68,2321,276,53
68,2321,276,53
68,241,276,53
68,241,276,53
68,241,276,53
55,241,276,53
55,241,276,53
210,241,276,53
210,241,54,53
210,241,54,53
210,241,54,53
210,241,54,53
210,241,54,53
210,241,54,53
210,241,54,53
210,241,54,53
416,241,54,53
416,241,54,53
416,241,54,53
416,241,54,53
416,241,54,53
416,253,54,53
416,253,54,53
416,253,54,53
416,389,54,53
429,389,54,53
429,389,54,211
429,389,54,211
429,389,54,211
274,389,54,211
68,389,54,211
68,389,54,211
98,389,54,211
1988,389,54,211
1988,389,54,211
1975,389,54,211
85,389,54,211
85,389,54,211
85,389,54,211
85,389,54,211
85,389,54,211
85,389,54,211
85,389,54,211
85,389,54,211
197,389,54,211
167,389,54,211
167,389,54,53
167,389,54,53
167,389,54,53
167,389,54,53
167,389,54,53
167,389,54,53
167,389,54,53
167,389,54,53
167,389,54,53
167,389,276,53
167,566,276,53
167,566,276,53
167,389,276,53
167,253,276,53
167,253,276,53
167,253,276,53
55,253,276,53
55,253,276,53
55,253,276,53
55,253,276,53
55,253,276,53
55,253,276,53
55,253,276,53
55,430,276,53
55,430,276,53
55,253,276,53
55,253,276,53
55,253,276,53
55,253,276,53
55,253,276,53
55,253,276,53
55,253,54,53
55,376,54,53
55,376,54,53
55,376,54,53
55,376,54,53
55,553,54,53
55,553,54,53
55,376,54,53
55,376,54,53
55,376,54,53
55,376,54,53
55,376,54,53
55,376,54,53
55,376,54,53
55,376,54,53
55,2649,54,211
55,2649,54,211
55,2637,54,211
55,2814,54,211
55,2814,54,211
55,3132,54,211
55,3132,54,211
55,3132,54,211
55,3132,54,211
55,3132,54,211
55,2565,54,211
55,2565,54,211
55,2565,54,211
261,2565,54,211
261,2565,54,211
261,2565,54,211
416,292,54,211
416,292,54,211
416,292,54,211
416,292,54,211
416,292,54,53
416,292,54,53
416,292,54,53
416,292,54,53
416,292,54,53
416,292,54,53
416,292,54,53
210,169,54,53
210,169,54,53
210,169,54,53
210,181,54,53
210,181,54,53
210,181,54,53
210,181,54,53
210,1155,54,53
210,1155,276,53
210,1155,276,53
210,1155,276,53
55,1155,276,53
55,1155,276,53
55,1155,276,53
55,1155,276,53
55,1155,276,53
85,1155,276,53
85,1227,276,53
85,1227,276,53
197,1227,276,53
197,1227,276,53
197,1350,276,53
197,1350,276,53
197,1350,276,53
197,1350,276,53
197,3333,276,53
197,3333,276,53
197,3361,276,53
197,3361,276,53
197,3361,276,53
197,3361,54,53
197,3361,54,53
197,3361,54,53
197,3361,54,53
197,3361,54,53
9726,3361,54,53
10725,3361,54,53
10626,3361,54,53
1097,3361,54,53
98,3361,54,53
98,3361,54,53
98,3361,54,53
98,3361,54,53
98,3361,54,53
98,3361,54,53
98,3361,54,53
98,1378,54,53
98,1378,54,53
98,1378,54,53
98,1378,54,53
98,1378,54,211
98,1378,54,211
98,1378,54,211
98,1378,54,211
98,1378,54,211
98,1378,54,211
253,1378,54,211
253,1378,54,211
253,1378,54,211
253,1378,54,211
253,1378,54,211
253,1378,54,211
253,1378,54,211
253,1378,54,211
253,1378,54,211
253,1378,54,211
253,1255,54,211
253,281,54,211
253,281,54,211
253,281,54,211
459,281,54,53
459,281,54,53
2214,281,54,53
2214,281,54,53
2214,281,54,53
2214,281,54,53
2184,269,276,53
2184,269,276,53
2029,269,276,53
2029,269,276,53
2029,269,276,53
2029,269,276,53
2029,269,276,53
4529,269,276,53
4323,269,276,53
4323,269,276,53
4323,269,276,53
4323,269,276,53
4323,269,276,53
4323,269,276,53
4323,269,276,53
4323,269,276,53
5352,269,276,53
5352,269,276,53
5352,269,276,53
4353,269,276,53
4353,269,276,53
4340,269,276,53
4340,269,54,53
85,269,54,53
85,241,54,53
85,241,54,53
85,241,54,53
85,241,54,53
85,241,54,53
85,241,54,53
100,241,54,53
100,241,54,53
100,241,54,53
100,418,54,53
100,418,54,53
100,253,54,53
100,253,54,53
100,253,54,53
100,253,54,53
100,253,54,53
100,253,54,53
100,253,54,53
100,253,54,53
100,253,54,53
100,253,54,53
100,253,54,53
212,430,54,53
212,430,54,53
212,253,54,53
212,253,54,53
212,253,54,53
212,253,54,53
367,253,54,53
367,253,54,53
367,253,54,53
367,253,54,53
367,253,54,53
367,253,54,53
367,253,54,53
367,430,54,53
367,566,54,53
367,253,54,53
367,253,54,53
367,253,54,53
255,253,54,53
255,253,54,53
255,253,54,211
461,253,54,211
461,253,54,211
461,253,54,211
461,253,54,211
461,253,54,211
461,430,54,211
461,430,54,211
306,748,54,211
306,748,54,211
306,776,54,211
306,776,54,211
306,776,54,211
306,209,54,211
306,209,54,211
100,209,54,211
100,209,54,211
100,209,54,211
100,209,54,211
100,209,54,211
100,209,54,53
100,209,54,53
100,209,54,53
70,209,54,53
70,209,54,53
70,209,54,53
70,209,54,53
70,209,54,53
70,94,54,53
203,94,54,53
70,94,54,53
70,94,54,53
70,94,54,53
70,94,54,53
70,94,54,53
70,94,54,53
70,94,54,53
182,94,54,53
182,94,54,53
182,94,54,53
182,94,54,53
182,94,54,53
182,82,54,53
182,82,54,53
182,82,54,53
182,82,54,53
182,82,54,53
182,82,172,53
182,82,54,53
182,82,54,53
182,82,54,53
182,82,54,53
182,82,84,53
182,82,84,53
182,82,84,53
70,82,84,53
70,82,84,53
70,82,84,53
70,82,84,53
70,82,84,53
70,82,84,53
70,82,84,53
70,82,84,53
70,82,84,53
70,94,84,300
70,94,84,300
70,94,84,300
225,94,84,300
225,230,84,300
2115,230,84,300
2115,230,84,300
2115,230,84,300
225,230,306,300
2115,230,306,300
2115,230,306,300
2115,230,306,2528
225,230,306,2528
444,230,306,2528
444,230,306,300
444,230,306,300
444,230,306,300
444,230,306,300
444,230,306,300
444,202,306,300
444,202,306,300
444,202,306,300
444,202,306,300
474,202,306,300
474,202,306,300
319,202,306,300
319,202,306,300
2003,202,306,300
2151,202,306,300
2151,202,306,300
261,202,84,300
261,202,84,300
261,202,84,300
261,202,84,300
261,202,84,458
261,2397,84,458
261,2397,84,458
261,2397,202,494
261,317,202,494
261,317,202,494
261,317,202,494
261,317,202,494
261,317,84,494
261,317,2234,494
261,317,2234,494
261,317,2234,494
246,317,84,494
246,317,84,494
246,317,84,494
246,317,84,494
246,317,84,494
358,317,84,494
358,317,84,494
358,317,84,494
358,317,84,336
358,317,84,336
358,317,84,336
2113,317,84,336
2113,317,84,336
2113,317,84,336
2113,317,202,336
2113,317,172,336
2113,317,172,336
1965,317,172,336
1965,317,172,2564
1965,317,172,2564
1965,317,172,2564
1965,317,172,336
1965,317,172,336
1853,317,172,336
1853,317,172,336
1853,317,172,336
1853,317,2349,336
1840,305,2349,336
1995,305,2349,336
1995,305,2349,336
1995,305,2349,336
1995,305,2349,336
1995,305,2349,336
1995,305,2349,336
1995,305,2349,336
1995,305,2349,336
1995,305,2349,336
1995,305,2349,336
240,305,2349,336
1995,305,2349,704
1995,305,2349,704
1995,305,2349,704
1995,305,172,704
1995,305,172,336
1995,305,172,336
1995,305,172,336
1995,333,172,336
1995,333,172,336
1995,333,172,348
2010,333,54,348
2031,333,54,348
2031,333,2231,348
2031,333,2231,348
2338,333,2231,348
2338,333,2231,348
2338,333,2231,348
2338,333,2231,506
2031,333,2453,506
2031,456,2453,506
2031,456,2453,506
2031,456,2453,506
2031,456,2453,506
2031,456,2453,506
2031,456,2453,2734
1825,456,2453,2698
1825,456,2453,2698
70,456,2453,470
70,456,276,506
70,456,2426,506
70,456,2426,506
70,468,2426,392
70,468,276,392
70,468,276,392
70,468,276,392
70,468,276,392
70,468,276,392
70,468,276,234
70,468,276,234
70,468,276,234
70,468,54,234
182,468,54,234
182,468,84,234
182,468,84,234
182,468,84,349
182,468,84,349
182,468,84,349
182,468,84,349
182,468,2234,349
182,468,2234,349
182,468,2234,349
182,468,84,349
182,468,84,349
182,468,84,349
182,468,84,349
182,345,84,349
182,345,84,349
182,345,84,349
182,345,84,349
70,345,84,349
1282,345,84,349
1282,345,84,349
1282,345,84,349
1282,345,84,349
1282,345,84,349
1295,345,84,349
1295,345,84,349
1428,345,84,349
1428,345,202,349
1428,345,202,337
1428,345,84,337
1428,345,84,337
1428,345,84,337
1428,345,84,337
1428,345,84,337
1428,345,84,337
1428,345,84,337
1428,345,84,337
1428,345,84,337
1428,345,84,337
1428,317,84,337
1428,317,84,337
1428,317,84,337
1619,317,84,337
1619,317,84,337
1619,317,84,337
1619,2397,84,337
1619,2397,84,337
1619,2397,84,337
1619,317,84,337
407,317,84,337
555,317,84,337
555,181,84,337
555,2415,84,337
555,2415,84,337
555,2443,306,337
555,2443,306,337
349,2443,306,337
349,2443,306,337
349,2443,306,337
349,2443,306,495
349,2443,306,459
349,2443,306,459
504,2443,306,459
616,2431,306,573
616,2443,306,573
616,2443,306,573
616,2443,424,573
616,2443,424,573
616,2443,424,573
616,2566,424,573
616,2566,424,573
616,2566,424,573
616,2566,424,573
616,2566,424,573
616,2566,394,573
616,2443,394,573
616,2443,172,573
616,2443,172,573
616,2443,172,573
616,209,172,415
616,209,172,415
504,209,302,415
504,209,302,415
504,209,302,300
336,2289,302,300
336,2289,302,300
336,2289,302,300
351,209,302,300
351,209,302,300
351,209,302,300
351,209,302,300
351,209,302,300
351,209,302,300
351,209,302,300
9880,209,302,300
9880,209,302,300
9747,209,302,300
218,209,172,311
218,209,172,311
218,209,172,311
218,209,172,311
218,209,172,311
218,209,302,311
218,209,302,311
218,209,302,186
218,209,302,186
218,209,302,186
218,209,302,186
70,209,302,186
70,209,302,186
70,209,302,186
70,209,302,186
70,209,302,186
70,209,302,186
70,209,302,186
70,2289,302,186
70,2289,302,186
70,2289,302,186
70,209,302,186
70,209,302,186
70,209,2141,186
70,2289,2141,186
70,2289,2141,186
276,2289,2141,301
276,209,2141,301
276,209,2363,301
276,209,2363,301
276,181,2363,301
276,181,2363,301
276,181,2233,301
276,181,2233,301
276,181,2233,301
276,317,2233,301
9805,317,2233,301
9805,317,2233,301
9805,317,2233,301
306,317,2233,301
100,305,4410,301
233,305,4410,301
233,305,4410,301
233,305,2571,301
233,305,2571,179
100,305,2571,179
100,305,2571,179
100,305,2571,179
100,305,2571,179
100,305,2601,179
100,305,4529,179
9629,305,4529,337
9629,305,4529,337
9629,305,2379,337
100,305,2379,337
100,2385,2379,337
100,2385,202,337
100,54,202,337
100,54,202,337
100,54,202,337
100,54,202,337
100,54,202,337
100,54,485,337
85,54,485,337
85,54,485,337
240,54,485,337
352,54,202,337
352,54,202,373
352,54,202,373
485,54,202,258
485,54,202,258
485,54,202,215
485,54,202,215
633,54,202,329
633,54,202,329
633,54,202,329
633,54,202,329
633,54,202,329
633,54,202,329
633,54,202,329
633,54,202,329
633,54,202,329
485,54,202,329
485,54,202,329
373,54,202,329
373,54,202,329
373,54,202,329
218,54,202,53
218,54,202,53
218,54,202,53
218,54,202,53
233,54,202,53
233,54,202,53
233,54,202,53
233,54,202,53
233,54,424,53
233,54,424,53
233,54,424,53
233,54,424,53
233,54,424,53
233,54,424,53
233,54,424,53
233,54,424,53
233,54,424,53
233,54,424,53
233,54,424,53
233,54,424,53
233,54,424,53
233,54,424,53
439,54,424,53
439,54,424,53
439,54,424,53
409,54,424,53
409,54,439,53
409,54,439,53
409,54,439,53
409,54,439,53
409,54,217,329
409,54,217,329
409,54,217,329
409,54,217,329
409,54,217,329
409,54,187,329
216,54,187,329
216,54,187,329
216,54,187,329
216,54,187,451
216,2385,187,451
216,305,187,451
216,305,187,451
216,305,187,451
216,305,187,451
371,305,187,451
519,305,187,451
519,305,317,609
519,305,317,609
519,305,317,609
519,305,317,609
519,305,317,609
519,305,2467,609
519,305,2467,609
519,305,2467,609
519,305,317,609
519,305,317,609
519,305,317,609
519,305,317,609
519,305,317,609
519,305,317,609
519,305,317,609
519,305,317,609
519,305,317,609
519,305,317,609
519,305,317,609
519,305,347,609
364,305,363,451
364,305,363,451
364,305,363,451
476,305,363,451
476,305,363,451
476,305,363,451
476,305,363,451
506,2385,363,451
506,2385,363,451
506,2385,363,451
491,305,363,451
491,305,363,451
491,305,363,451
491,305,363,451
491,305,363,451
491,305,363,451
2381,169,363,415
2381,169,363,415
2381,169,585,415
491,169,585,415
491,169,585,427
379,305,585,427
379,305,585,427
379,305,455,427
379,305,455,427
379,305,455,427
379,305,455,427
379,305,455,427
246,190,455,427
233,190,455,427
233,190,455,427
233,190,455,427
248,190,440,427
248,190,440,53
248,190,440,53
2138,305,440,53
2138,305,440,53
2138,305,440,53
248,305,440,53
248,305,2590,53
248,305,2368,53
248,305,2368,53
248,305,218,53
55,305,218,53
261,305,218,53
261,305,218,53
261,305,218,53
261,305,218,53
261,333,218,211
261,333,233,211
261,333,233,211
261,333,233,211
261,333,233,211
416,333,54,585
416,333,54,585
416,333,54,585
416,333,54,585
416,333,54,585
210,333,54,585
210,333,54,585
210,333,54,585
210,333,54,585
210,333,54,585
403,333,54,621
403,333,54,621
403,333,54,621
403,333,54,621
403,333,54,621
403,333,54,463
403,333,54,463
403,333,54,831
403,333,54,831
403,333,54,831
403,333,54,53
403,333,54,53
248,333,54,53
248,333,54,53
248,333,54,53
248,333,54,53
248,333,54,53
248,333,54,53
248,333,54,53
248,333,54,53
