43,57,41,52,49,49,49,49
43,57,41,52,49,49,49,49
43,57,41,52,49,49,49,49
43,57,41,60,49,49,49,49
43,57,41,60,49,49,49,49
43,57,41,60,49,49,49,49
43,57,41,60,228,49,49,49
43,57,41,60,228,49,49,49
43,57,41,60,228,49,49,49
43,57,41,60,228,49,49,49
43,57,41,60,228,49,49,49
43,57,41,60,228,49,49,49
43,57,41,60,228,49,49,49
43,57,41,60,228,49,49,49
43,57,41,60,228,49,49,49
43,57,41,60,228,49,49,49
43,57,41,60,228,49,49,49
43,57,41,60,228,49,49,229
43,57,41,60,228,49,49,229
43,57,41,60,228,49,49,229
252,57,41,60,228,49,49,229
252,57,41,60,228,49,49,229
252,57,41,60,228,49,49,229
252,57,41,60,228,49,49,229
252,57,41,60,228,49,49,229
252,57,41,60,228,49,49,229
252,57,41,60,49,49,49,229
252,57,41,60,49,49,49,229
252,57,41,60,49,49,49,229
399,57,41,60,49,49,49,229
399,57,41,52,49,49,49,229
399,57,41,52,49,49,49,229
399,57,41,52,49,49,49,229
399,57,41,52,49,49,49,229
399,57,41,52,49,49,49,229
399,57,41,52,49,49,49,229
399,57,41,52,49,49,49,229
399,57,41,52,49,49,49,229
399,57,41,52,49,49,49,229
399,57,41,52,49,49,49,49
399,57,41,52,49,49,49,49
399,57,41,52,49,49,49,49
190,57,41,52,49,49,49,49
190,57,41,52,49,49,49,49
190,57,41,52,49,49,49,49
190,57,41,52,49,49,49,49
190,57,41,52,49,49,49,49
190,57,41,52,49,49,49,49
190,57,41,52,49,49,49,49
43,57,41,52,49,49,273,49
43,57,41,52,49,196,273,184
43,57,41,52,49,196,273,184
43,57,41,52,49,196,273,184
43,57,41,52,49,196,273,184
43,57,41,52,49,196,273,184
43,57,41,52,49,196,273,184
43,57,41,52,49,196,273,184
43,57,41,52,49,196,273,184
43,57,41,52,49,196,273,184
43,57,41,52,49,196,273,184
43,57,225,230,49,196,273,184
43,57,225,230,49,196,273,184
43,57,225,230,49,196,273,184
43,57,225,230,49,196,273,184
43,57,225,230,49,196,273,184
43,57,225,230,49,196,273,184
43,57,225,230,49,196,419,184
43,57,225,230,49,196,419,184
43,57,225,230,49,196,419,184
43,57,225,230,49,196,419,184
43,57,225,230,49,49,419,49
43,57,225,230,49,49,195,49
43,57,225,230,49,49,195,49
43,57,225,230,49,49,195,49
43,57,225,230,49,49,195,49
43,57,225,230,49,49,195,49
43,57,225,230,49,49,195,49
43,57,225,230,49,49,195,49
43,57,225,230,49,49,195,49
43,57,225,230,49,49,195,49
43,57,225,230,49,49,195,49
43,57,225,230,49,241,195,49
43,57,41,52,49,241,195,49
43,57,41,52,49,241,195,49
43,57,41,52,287,241,195,49
43,57,41,52,287,241,195,49
43,57,41,52,287,241,49,49
43,57,41,52,287,241,49,229
43,57,41,52,287,241,49,229
43,184,41,52,287,241,49,229
43,184,41,52,287,241,49,229
43,184,41,52,287,241,49,229
43,184,41,52,287,241,49,229
43,184,41,52,287,241,49,229
43,184,41,52,287,241,49,229
43,184,41,52,287,241,49,229
43,184,41,52,287,241,49,229
43,184,41,52,287,241,49,229
43,184,41,52,287,241,49,229
43,184,41,52,287,241,49,229
43,336,41,52,466,241,49,229
43,336,41,52,466,241,49,229
43,336,41,52,466,241,49,229
43,336,41,52,466,49,49,229
43,336,41,52,466,49,49,229
43,336,41,52,466,49,49,229
43,336,41,52,228,49,49,229
43,209,41,52,228,49,49,229
43,209,41,52,228,49,49,229
43,209,41,52,228,49,49,49
43,209,41,52,228,49,49,49
43,209,41,52,228,49,49,49
43,209,41,52,228,49,49,49
43,209,41,52,228,49,49,184
43,209,41,52,228,49,49,184
43,209,41,52,228,49,49,184
43,209,41,52,228,196,49,184
43,209,41,52,228,196,49,184
43,209,41,52,228,196,49,184
43,209,41,52,228,196,49,184
43,209,41,52,49,196,49,184
43,209,41,52,49,196,49,184
43,57,41,52,49,196,49,184
43,57,41,52,49,196,49,184
43,57,41,52,49,196,49,184
43,57,41,52,49,196,49,184
43,57,41,52,49,196,49,184
43,57,41,52,49,196,49,184
43,57,41,52,49,196,49,184
43,57,41,52,49,196,49,184
43,57,41,52,49,196,49,184
43,57,41,52,49,196,49,184
43,57,41,52,49,196,49,184
43,57,41,52,49,196,49,49
43,57,41,52,49,196,49,49
43,57,41,52,49,196,49,49
43,57,41,52,49,49,49,49
43,57,41,52,49,49,49,49
43,57,41,52,49,49,49,49
43,57,41,52,49,49,49,49
43,57,41,52,49,49,49,49
43,57,41,52,49,49,49,49
43,57,41,52,49,49,49,49
43,57,41,52,49,49,195,49
43,57,41,52,49,49,419,49
43,57,225,52,49,49,419,49
43,57,225,52,49,49,419,49
43,57,225,52,49,49,419,49
43,57,225,52,49,49,419,49
43,57,225,52,49,49,419,49
43,57,225,52,49,49,419,49
43,57,225,52,287,49,419,49
43,57,225,52,287,49,419,49
43,57,225,52,287,49,419,49
43,57,225,52,287,49,419,49
43,57,225,52,287,49,419,49
43,57,225,52,287,49,419,49
43,57,225,52,287,49,419,49
43,57,225,52,287,49,419,49
190,57,225,52,287,49,419,49
399,57,225,52,287,49,419,49
399,57,225,230,287,49,419,49
399,57,225,230,287,49,419,49
399,57,225,230,287,49,273,49
399,57,225,230,287,49,273,49
399,57,225,230,466,49,273,49
399,57,225,230,466,49,49,229
399,57,41,230,466,49,49,229
399,57,41,230,466,49,49,229
399,57,41,230,466,241,49,229
399,57,41,230,466,241,49,229
399,57,41,230,466,241,49,229
399,57,41,230,466,241,49,229
399,57,41,230,228,241,49,229
399,57,41,230,228,241,49,229
399,57,41,230,228,241,49,229
399,184,41,230,228,388,49,229
399,184,41,230,228,388,49,229
399,184,41,230,228,388,49,229
252,336,41,230,228,388,49,229
252,336,41,230,228,388,49,229
252,336,41,230,228,388,49,229
43,336,41,230,228,388,49,229
43,336,41,52,228,388,49,229
43,336,41,52,228,388,49,229
43,336,41,52,49,388,49,229
43,336,41,52,49,388,49,229
43,336,41,52,49,388,49,229
43,336,41,52,49,388,49,49
43,336,41,52,49,388,49,49
43,336,41,52,49,388,49,49
43,336,41,52,49,196,49,49
43,336,41,52,49,196,49,49
43,336,41,52,49,196,49,49
43,209,41,52,49,196,49,49
43,209,41,52,49,196,49,49
43,209,41,52,49,49,49,49
43,209,41,52,49,49,49,49
43,209,41,52,49,49,49,49
43,209,41,52,49,49,49,49
43,209,41,52,49,49,49,49
43,57,41,52,49,49,49,49
43,57,41,52,49,49,49,49
43,57,41,52,49,49,49,49
43,57,41,52,49,49,49,49
43,57,41,52,49,49,49,49
43,57,41,52,49,49,49,49
43,57,41,52,49,49,49,49
43,57,41,52,49,49,49,49
43,57,41,52,49,49,49,49
43,57,41,52,49,49,49,49
43,57,41,52,49,49,49,49
43,57,41,52,49,49,49,49
43,57,41,52,49,49,49,49
43,57,41,52,49,49,49,49
43,57,41,52,49,49,49,49
43,57,41,52,49,49,49,49
43,57,41,52,49,49,49,49
43,57,41,52,49,49,49,184
43,57,41,52,49,49,49,184
43,57,41,52,49,49,49,184
43,57,41,52,49,49,49,184
43,57,41,52,49,49,49,184
43,57,41,52,49,49,49,184
43,57,41,52,49,49,49,184
43,57,41,52,49,49,49,184
43,57,41,52,228,49,49,184
43,57,41,52,228,49,49,184
43,57,41,52,466,49,49,184
43,57,41,52,466,49,49,184
43,57,41,52,466,49,49,184
43,57,41,52,466,49,49,184
43,57,41,52,466,49,195,184
190,57,41,52,466,49,195,184
190,57,41,52,466,49,195,184
190,184,41,52,466,49,195,364
190,184,41,52,466,196,195,364
190,184,41,52,466,196,195,364
399,184,41,52,466,196,195,229
399,184,41,52,466,196,195,229
399,184,41,230,466,196,195,229
399,184,41,230,466,196,195,229
399,184,41,230,466,388,195,229
399,184,225,230,466,388,195,229
399,184,225,230,466,388,195,229
399,184,225,230,466,388,195,229
399,184,225,230,287,388,195,229
399,184,225,230,287,388,195,229
399,184,225,230,287,388,195,229
399,184,225,230,287,388,195,229
399,184,225,230,49,388,195,229
399,336,225,230,49,388,195,229
399,336,225,230,49,388,49,229
252,209,225,230,49,388,49,229
252,209,225,230,49,388,273,229
252,209,225,230,49,388,273,229
252,209,2511,230,49,241,273,229
252,209,2511,230,49,241,273,49
252,209,2511,230,49,241,273,49
252,209,225,230,49,241,273,49
43,209,225,230,49,241,273,49
43,209,225,230,49,241,273,49
43,209,225,52,49,241,273,49
43,209,225,52,49,241,273,49
43,209,225,52,49,49,273,49
43,209,41,52,49,49,273,49
43,209,41,52,49,49,273,49
43,209,41,52,49,49,273,49
43,209,41,52,49,49,273,49
43,209,41,52,49,49,273,49
43,209,41,52,49,49,273,49
43,209,41,52,49,49,273,49
43,209,41,52,49,49,273,49
43,57,162,52,49,49,273,49
43,57,162,52,49,49,273,49
43,57,162,52,49,49,273,49
43,57,162,52,49,49,49,49
43,57,162,52,49,49,49,49
43,57,162,52,49,49,49,49
43,57,162,52,49,49,49,49
43,57,162,52,49,49,49,49
43,57,162,52,49,49,49,49
43,57,177,52,49,49,49,49
43,57,177,52,49,49,49,49
43,57,177,52,49,49,49,49
43,57,177,52,49,49,49,49
43,57,177,52,49,49,49,49
43,57,177,52,49,49,49,49
43,57,177,52,49,49,49,49
43,57,177,52,49,49,49,49
43,57,41,52,49,49,49,184
43,57,41,52,49,49,49,184
43,57,41,52,49,49,49,184
43,57,41,52,49,49,49,184
43,57,41,52,49,49,49,184
43,57,41,52,49,49,49,184
43,57,41,52,287,49,49,184
43,57,41,52,287,49,49,184
43,57,41,52,287,49,49,184
43,57,41,52,287,49,49,184
43,57,41,52,287,2608,49,184
43,57,41,52,287,2608,49,184
190,57,41,52,287,2608,49,184
190,57,41,52,287,2608,49,184
190,57,41,52,287,2608,49,184
190,57,41,52,287,2608,49,184
190,57,41,52,287,2608,49,184
190,57,41,52,287,2608,49,184
190,57,41,52,287,2608,49,184
190,57,225,52,287,2608,49,184
190,57,225,52,287,2608,49,49
190,57,225,52,287,2608,49,49
190,57,225,52,287,4181,2124,49
190,57,225,52,466,4181,2124,49
190,57,225,52,466,4181,2124,49
190,57,225,52,466,2608,2270,49
190,57,225,52,466,49,2363,49
190,57,225,52,466,49,2363,49
190,209,225,52,228,49,2363,49
190,209,225,52,228,49,2363,49
190,209,225,52,228,49,2363,229
190,209,225,230,228,49,2363,229
43,209,225,230,228,49,2363,229
43,209,225,230,228,49,2363,229
43,209,225,230,228,49,2363,229
43,209,225,230,228,49,2587,229
43,209,225,230,228,49,2587,229
43,209,225,230,228,49,2587,229
43,209,225,230,228,49,512,229
43,209,225,230,228,49,512,229
43,209,225,230,228,49,512,229
43,209,41,230,228,49,512,229
43,209,41,230,228,49,512,229
43,209,41,230,49,49,787,229
43,209,41,230,49,49,787,229
43,209,41,230,49,49,641,229
43,209,41,230,49,49,641,229
43,209,41,230,49,49,366,229
43,209,41,230,49,49,366,229
43,209,41,230,57,49,366,229
43,184,41,230,57,49,366,229
43,184,41,230,57,49,366,229
43,184,41,230,57,49,366,49
43,184,41,52,57,49,379,49
43,184,41,52,57,49,379,49
43,184,41,52,57,49,379,49
43,184,41,52,57,49,379,49
43,184,41,52,57,49,155,49
43,184,41,52,57,49,155,49
43,184,41,52,57,49,155,49
43,184,41,52,57,49,155,49
43,184,41,52,57,49,155,49
43,184,41,52,57,49,155,49
43,184,41,52,57,49,155,49
43,184,41,52,57,49,155,49
43,184,41,52,57,49,155,49
43,184,41,52,57,49,155,49
43,184,41,52,57,49,155,49
43,57,41,52,57,49,155,49
43,57,41,52,57,49,155,49
43,57,41,52,57,49,155,49
43,57,41,52,57,196,155,49
43,57,41,52,57,196,155,49
43,57,41,52,57,196,155,49
43,57,41,52,57,196,155,49
43,57,41,52,57,196,155,49
43,57,41,52,57,196,155,49
43,57,41,52,57,196,155,49
43,57,41,52,57,388,155,49
43,57,41,52,57,388,155,49
43,57,41,60,57,388,155,49
43,57,41,60,57,388,155,49
43,57,41,60,57,388,155,49
43,57,41,60,57,388,155,184
43,57,41,60,57,388,155,184
43,57,41,60,57,388,155,184
252,57,41,60,57,388,155,184
252,57,41,60,57,388,155,184
252,57,41,60,57,388,155,184
252,57,41,60,57,388,62,184
252,57,41,60,57,388,62,184
252,57,41,60,57,349,62,184
252,57,41,60,57,349,62,184
252,57,41,60,57,349,62,184
252,57,41,60,57,349,62,184
252,57,41,60,57,349,62,184
252,57,41,60,57,349,62,184
252,57,41,60,57,349,62,184
252,57,41,60,57,349,62,184
252,57,41,60,57,349,62,184
252,57,41,60,57,157,62,184
252,57,41,238,57,157,286,184
252,57,41,238,57,157,286,184
252,57,41,238,57,157,286,49
252,57,41,238,57,157,286,49
399,57,41,238,57,157,286,49
399,57,41,238,57,157,286,49
399,57,41,238,2242,157,286,49
190,57,41,238,2242,157,286,49
190,57,41,238,2480,157,286,49
190,57,41,238,295,157,286,49
190,57,41,238,295,157,286,49
190,57,41,238,295,157,286,49
190,57,41,238,295,157,392,49
190,57,41,238,295,157,392,49
190,57,41,238,295,157,392,49
190,57,41,238,295,157,392,49
190,57,41,238,295,157,392,49
190,57,225,238,295,157,392,229
190,57,225,238,295,157,392,229
190,57,225,238,287,49,273,229
190,57,225,238,287,49,273,229
190,57,225,238,287,49,273,229
190,57,225,60,287,49,49,229
190,57,225,60,287,49,49,229
43,57,225,60,287,49,49,229
43,57,225,52,287,49,49,229
43,57,225,52,287,49,49,229
43,57,225,52,287,49,49,229
43,57,225,52,287,49,49,229
43,57,225,52,287,49,49,229
43,57,225,52,49,49,49,229
43,57,225,52,49,49,49,229
43,57,225,52,49,49,49,229
43,57,225,52,49,49,49,229
43,57,225,52,49,49,49,229
43,57,225,52,49,49,49,229
43,57,225,52,49,49,49,229
43,57,225,52,228,49,49,229
43,57,225,52,228,49,49,229
43,57,41,52,228,49,49,49
43,57,41,52,228,49,195,49
43,57,41,52,228,49,195,49
43,57,41,52,228,49,195,49
43,57,41,52,228,49,195,49
43,57,41,52,228,49,195,49
43,57,41,52,228,49,195,49
43,57,41,52,228,49,195,49
43,57,41,52,228,49,195,49
43,57,41,52,228,49,195,49
43,57,41,52,228,49,195,184
43,57,41,52,228,49,195,184
43,57,41,52,228,49,195,184
43,57,41,52,228,49,195,2746
43,57,41,52,228,49,195,2746
43,57,41,52,228,49,195,2746
43,57,41,52,228,49,195,2746
43,57,41,52,228,49,195,2746
43,57,41,52,49,49,195,2746
43,57,41,1387,49,49,195,2746
43,57,41,1387,49,49,195,2746
43,57,41,1387,49,49,49,2746
43,57,41,1387,49,49,49,2746
43,209,41,1387,49,196,49,2746
43,209,41,1387,49,196,49,2746
43,209,41,1387,49,196,49,2746
43,209,41,1387,49,196,49,2746
43,209,41,1387,49,196,49,2746
43,209,41,1565,49,196,49,2746
43,209,41,1565,49,196,49,184
43,209,41,1565,49,196,273,49
43,209,41,1565,49,196,273,49
43,209,41,1565,49,196,273,49
43,209,41,1565,49,196,273,49
43,209,41,1565,49,196,273,49
43,209,41,1565,49,196,273,49
43,209,41,1565,49,196,273,2611
43,209,41,1565,49,196,273,2611
43,209,41,1565,49,196,273,2611
43,209,41,1565,49,196,273,2611
43,209,177,1565,49,196,273,49
43,209,177,1565,49,196,273,49
43,209,177,1565,49,196,273,49
43,209,177,1565,49,49,273,49
252,209,177,1565,49,49,273,49
252,57,177,1565,49,49,273,49
252,57,177,1565,49,49,273,49
252,57,177,1565,49,49,273,49
252,57,177,1565,49,49,273,49
252,57,177,1565,49,49,273,49
252,57,177,1387,49,49,273,49
353,57,56,1387,49,49,273,49
353,57,56,1387,49,49,49,49
353,57,56,1387,287,49,49,49
353,57,56,1387,287,49,49,49
353,57,56,1387,287,49,49,49
353,57,56,1387,287,49,49,49
353,57,56,1387,287,49,49,49
353,57,56,1387,287,49,49,229
353,57,56,1387,287,49,49,229
353,57,56,1387,287,49,49,229
353,57,56,1387,287,49,49,229
353,57,56,1387,287,49,49,229
353,57,56,1387,287,49,49,229
353,57,56,1387,287,49,49,229
353,57,240,1387,287,49,49,229
144,57,240,1387,287,49,49,229
144,57,240,1387,287,49,49,229
144,57,240,1387,287,49,49,229
144,57,240,1397,287,49,49,229
291,57,225,1397,287,49,49,364
291,57,225,1397,287,49,49,364
291,184,225,1397,287,49,49,364
291,184,225,1397,287,49,49,364
291,184,225,1397,287,49,49,364
317,184,225,1397,49,49,49,364
317,184,225,1397,49,49,49,364
317,184,225,1397,49,49,49,364
317,184,225,1397,49,49,49,364
317,184,225,62,49,49,49,364
317,184,240,62,49,49,49,184
317,184,240,62,49,49,49,184
317,184,240,62,228,49,49,184
317,184,240,62,228,49,49,184
317,184,240,62,228,196,49,184
317,184,240,62,228,196,49,184
317,184,240,62,228,196,49,184
317,184,56,62,228,196,49,184
317,184,56,62,228,196,49,184
216,184,56,62,228,196,49,184
69,57,56,62,228,196,49,49
69,57,56,62,228,196,49,49
69,57,56,62,228,196,49,49
69,209,56,62,228,388,49,49
69,209,56,62,228,388,49,49
69,209,56,62,228,388,49,49
69,209,56,240,228,388,49,49
69,209,56,240,228,388,49,49
69,209,56,240,228,388,49,49
69,209,56,240,228,388,49,49
69,209,41,240,228,388,49,49
69,209,41,240,228,388,49,49
69,209,41,240,49,388,49,49
69,209,41,240,49,388,49,49
69,209,41,240,49,241,49,49
69,209,41,240,49,241,49,49
69,209,41,240,49,241,273,49
69,209,41,240,49,241,419,49
69,209,41,240,49,241,419,49
69,209,41,240,49,241,419,49
69,209,41,240,49,241,419,49
69,209,41,327,49,241,419,49
69,209,41,327,49,241,419,49
69,209,41,327,49,241,419,49
2175,209,41,327,49,241,419,49
2175,57,41,327,49,49,419,49
2175,57,41,327,49,49,419,49
69,57,41,327,49,49,419,49
69,57,41,149,49,49,419,49
69,57,41,149,49,49,419,49
69,57,41,52,49,49,419,49
69,57,41,52,49,49,419,49
69,57,41,52,49,49,419,49
69,57,41,52,49,49,419,49
69,57,41,52,49,49,419,49
69,57,41,52,49,49,419,49
69,57,41,52,49,49,419,229
69,57,41,52,49,49,273,229
69,57,41,52,49,49,49,229
69,57,41,52,49,49,49,229
69,57,41,52,49,49,49,229
69,57,41,52,49,49,49,364
69,57,41,52,49,49,49,364
69,57,41,52,49,49,49,364
69,57,41,52,49,49,49,364
69,57,41,52,49,49,49,364
69,57,41,52,49,49,49,364
69,57,41,52,49,49,49,364
69,57,41,52,49,49,49,364
69,57,41,52,49,49,49,364
69,57,41,52,287,49,49,364
69,57,41,52,287,49,49,364
69,57,41,52,287,49,49,364
69,57,41,52,287,49,49,364
69,57,41,52,287,49,49,364
69,57,41,52,287,49,49,364
69,57,225,52,287,49,49,364
69,57,225,52,287,49,49,364
43,57,225,52,287,49,49,184
43,57,225,52,287,49,49,184
43,57,225,52,287,49,49,184
252,57,225,52,287,49,49,49
252,57,225,52,287,49,49,49
252,57,225,52,287,49,49,49
252,57,225,52,287,49,49,49
252,57,225,52,287,49,49,49
252,57,225,52,287,196,49,49
252,57,225,52,287,196,49,49
252,57,225,52,287,196,49,49
390,57,225,52,287,196,49,49
390,184,225,52,287,196,49,49
390,184,225,52,287,196,49,49
390,184,225,52,49,196,49,49
390,184,225,52,49,196,49,49
390,184,225,52,49,196,49,49
390,336,225,52,49,196,49,49
390,336,225,52,49,196,49,49
390,336,225,52,49,196,49,49
390,336,41,52,49,196,49,49
537,336,41,52,49,196,49,49
537,336,41,52,49,388,49,49
537,336,41,52,49,388,49,49
537,336,41,52,49,388,49,49
328,336,41,52,49,388,49,49
328,336,41,52,49,388,49,49
328,336,41,52,49,388,49,49
328,336,41,52,49,241,49,49
328,336,41,52,49,241,49,49
328,209,41,52,228,241,49,49
328,209,41,52,228,241,49,49
328,209,41,52,228,241,49,49
354,209,41,52,228,241,49,49
354,209,41,52,228,241,49,49
354,209,41,52,228,241,49,49
354,209,41,52,228,241,49,49
354,209,41,52,228,241,49,49
354,209,41,52,228,241,273,49
354,57,41,230,228,241,273,49
354,57,41,230,228,241,273,49
207,57,41,230,228,241,273,49
207,57,41,230,228,241,273,49
207,57,41,230,228,241,273,49
207,57,41,230,228,49,273,49
207,57,41,230,228,49,273,49
207,57,41,230,228,49,273,49
207,57,41,230,228,49,273,49
207,57,41,230,228,49,273,49
207,57,41,230,228,49,273,229
207,57,41,230,49,49,273,229
207,57,41,230,49,49,273,229
207,57,41,327,49,49,273,229
207,57,41,327,49,49,419,229
207,57,41,327,49,49,419,229
207,57,41,327,49,49,419,364
207,57,41,327,49,49,419,364
207,57,41,327,49,49,419,364
207,57,41,327,49,49,419,364
207,57,41,327,49,49,419,364
207,57,41,327,49,49,195,364
207,57,41,139,49,49,195,364
207,57,41,139,49,49,195,364
207,57,41,139,49,49,195,364
207,57,41,139,49,49,195,364
207,57,41,139,49,49,195,364
207,57,41,139,49,49,195,364
207,57,41,139,49,49,195,364
207,57,41,139,49,49,195,364
207,57,41,139,287,49,195,364
207,57,41,139,287,49,195,364
207,57,41,139,287,49,195,184
207,57,41,139,287,49,195,184
207,57,41,139,287,49,49,184
207,57,41,139,287,49,49,184
207,57,41,139,287,49,49,49
207,57,41,139,287,49,49,49
207,57,41,139,287,49,49,49
207,57,41,139,287,49,49,49
207,57,41,139,287,49,49,49
207,57,41,139,287,49,49,49
207,57,41,139,287,49,49,49
207,57,41,139,287,49,49,49
207,57,41,139,287,49,49,49
207,57,41,139,287,49,49,49
207,57,41,139,287,49,49,49
207,57,225,139,287,49,49,49
207,57,225,139,287,49,49,49
207,184,225,139,287,49,49,49
276,184,225,139,287,241,49,49
276,184,225,139,287,241,49,49
276,184,225,139,49,241,49,49
276,184,225,139,49,241,49,49
276,336,225,139,49,241,49,49
276,336,225,139,49,241,49,49
276,336,225,139,49,241,49,49
276,336,225,139,49,241,49,49
276,336,225,149,49,388,49,49
138,336,225,149,49,388,49,49
138,336,225,149,228,388,49,49
138,336,225,149,228,388,49,49
138,336,225,149,228,388,49,49
138,336,225,149,228,388,49,49
347,336,225,62,228,388,49,49
347,336,225,62,228,388,49,49
347,336,225,2221,228,388,49,49
321,209,225,2221,228,388,49,49
321,209,225,2221,228,388,49,49
321,209,41,240,228,388,49,49
321,209,41,240,228,388,49,49
321,209,41,364,228,388,49,49
321,209,41,364,228,196,273,49
321,209,41,364,228,196,273,49
321,209,41,364,228,196,273,49
321,209,41,364,228,196,273,49
321,57,41,364,228,196,273,49
321,57,41,364,228,196,273,49
321,57,41,364,228,49,273,49
321,57,41,364,228,49,273,49
321,57,41,364,49,49,273,49
321,57,41,364,49,49,273,49
321,57,41,364,49,49,419,49
321,57,41,364,49,49,419,49
321,57,41,364,49,49,419,49
321,57,41,364,49,49,419,49
112,57,41,364,49,49,419,49
112,57,41,364,49,49,419,49
112,57,41,186,49,49,419,49
259,57,41,186,49,49,419,49
259,57,41,186,49,49,419,49
259,57,41,186,49,49,419,49
259,57,41,186,49,49,419,49
259,57,41,186,57,157,538,49
259,57,41,186,57,157,314,49
259,57,41,186,992,157,314,49
259,57,41,186,992,157,314,49
259,57,41,186,992,157,314,49
259,57,41,186,992,157,314,49
259,57,41,186,992,157,314,49
259,57,41,186,992,157,314,49
259,57,41,186,992,157,314,49
259,57,41,186,992,157,168,49
259,57,41,186,992,49,168,2611
259,57,41,186,992,49,168,2791
259,57,41,186,992,49,168,2908
259,57,41,186,992,49,168,2908
259,57,41,186,992,49,168,2908
259,57,41,186,992,49,168,2908
112,57,41,186,992,49,168,2908
43,57,41,186,992,49,168,2908
43,57,41,186,992,49,168,2908
43,57,41,186,992,49,168,2908
43,57,41,186,992,49,1068,2908
43,57,41,186,992,49,1068,2908
43,57,41,186,992,49,1068,346
43,57,41,186,992,49,168,229
43,57,41,186,992,49,168,229
43,57,41,176,992,49,168,237
43,57,41,176,1230,49,168,237
43,57,41,176,1230,49,168,237
43,57,41,2157,1230,49,168,237
43,57,41,2157,1230,49,168,237
43,57,41,2157,1230,49,168,237
43,57,41,176,1230,49,168,237
43,57,225,176,287,49,168,237
2149,57,225,176,287,49,168,57
2149,57,225,176,287,49,2243,57
2149,57,225,176,287,49,2243,192
43,57,225,176,287,196,2243,192
252,57,225,176,287,196,2243,192
1452,57,225,176,287,196,2243,192
1452,57,225,176,287,196,2243,192
1452,57,225,176,287,196,2243,192
1452,57,225,176,287,196,2243,192
1452,57,225,176,287,196,2243,192
1452,57,225,176,287,196,2243,519
1452,57,225,176,287,196,2243,519
1452,57,225,176,287,196,2124,519
1452,57,225,248,287,196,2124,519
1452,57,225,248,287,196,2124,192
1452,57,225,248,49,196,2124,192
1452,57,225,248,49,196,2124,192
1452,57,225,426,49,196,49,192
1452,184,225,426,49,196,49,192
1452,184,225,434,49,196,273,192
1452,184,225,434,79,196,273,192
1452,184,41,2417,258,196,273,192
1452,184,41,2417,258,196,273,57
1452,184,41,2417,258,49,273,57
1452,184,41,2417,258,49,273,1058
1452,184,41,2417,258,49,273,1058
1243,184,41,2417,258,49,273,1058
1243,184,41,2417,258,49,273,57
1243,184,41,2417,258,241,273,57
1243,184,41,2417,258,241,273,57
1243,184,41,2417,258,241,273,57
1243,184,41,2417,258,241,273,57
1243,184,41,2417,258,241,273,57
1243,184,41,2417,266,241,273,57
1243,184,41,2417,266,241,273,57
1243,184,41,2417,266,1814,273,57
1269,57,41,2417,266,1814,273,57
1269,57,41,2417,266,1814,273,57
1269,57,41,2417,266,241,273,57
1269,57,41,2239,266,241,273,57
1269,57,41,2239,266,241,273,57
1269,57,41,2239,87,241,168,57
1269,57,41,256,87,241,49,57
1269,176,41,256,87,241,49,57
1269,176,41,256,87,241,49,57
1269,176,41,256,87,241,49,57
1269,328,41,256,87,241,49,57
1269,328,41,256,87,241,49,237
1269,328,41,256,87,241,49,237
1269,328,41,256,87,241,49,237
1269,328,41,256,87,49,49,237
1269,328,41,256,87,49,49,237
1269,328,41,256,87,49,49,237
1269,328,41,256,87,49,1265,237
1269,328,41,256,87,49,1278,237
1269,328,41,256,87,49,1278,237
1269,328,41,256,87,49,1278,237
43,328,41,256,87,49,1278,237
43,328,41,256,87,49,1278,237
43,328,41,256,87,49,1278,237
43,328,41,256,87,49,1278,237
43,328,41,256,87,49,1278,237
43,452,41,256,87,49,1278,237
190,452,41,256,87,49,1278,237
190,452,41,256,87,49,1278,237
190,452,41,256,87,49,1278,229
190,2496,41,256,87,49,1278,229
190,4922,41,256,87,49,1278,237
190,4770,41,256,87,49,3353,237
190,2726,41,256,87,49,3353,74
190,2726,41,256,87,49,3353,74
190,2726,41,256,87,55,3353,74
190,2607,41,256,87,55,3353,209
190,2607,41,256,325,55,3353,209
190,2607,41,256,325,55,5578,209
190,2607,41,256,325,55,5578,209
399,2607,41,256,325,55,5578,209
399,2607,41,256,325,55,3353,209
399,2607,41,256,325,55,3353,209
399,2607,41,256,325,202,3384,209
399,2607,41,256,325,202,3384,209
399,2607,41,256,325,202,3384,209
399,2607,41,256,325,202,3384,209
252,2607,41,256,504,202,3384,209
252,2607,41,256,504,202,1309,209
252,2607,41,256,504,202,1309,209
252,2607,41,256,504,202,1309,209
252,2607,41,434,504,202,1309,209
252,2607,41,434,2689,202,1455,209
252,2607,41,434,2689,202,1455,209
252,2607,41,434,2689,202,1455,209
252,2607,41,434,504,202,1455,209
252,2607,41,426,504,202,1455,74
252,2607,41,426,474,202,1455,74
252,181,41,426,474,202,1455,74
252,57,41,426,236,202,1455,74
252,57,41,426,236,202,1455,74
252,57,41,426,236,202,1455,74
43,57,41,426,236,202,1455,74
43,57,41,426,236,55,1455,1075
43,57,41,426,236,55,1455,1075
43,57,41,426,236,55,1455,1075
43,57,41,426,236,55,1455,74
43,57,41,426,57,55,1455,74
43,57,41,426,57,55,1455,74
43,57,41,603,57,55,1455,74
43,57,41,603,49,55,1455,74
43,57,41,426,49,55,1455,74
43,57,41,426,49,55,1309,74
43,57,41,248,49,55,1309,74
43,57,41,248,49,55,1309,74
43,181,41,248,49,55,1309,74
43,181,41,248,49,55,1309,74
43,181,41,248,49,247,93,254
43,206,41,248,49,247,93,371
43,206,225,248,155,247,93,371
43,206,225,248,49,247,93,371
43,206,225,248,49,247,93,371
43,325,225,425,49,247,93,371
43,325,225,425,49,247,368,371
43,325,225,248,49,247,368,371
43,325,225,248,49,247,368,371
43,325,225,248,49,247,368,371
43,325,225,248,49,247,93,371
43,325,225,248,57,247,93,371
43,325,225,248,57,247,93,371
43,325,225,248,57,247,93,371
43,325,225,248,57,247,304,371
43,325,225,248,57,247,304,371
43,325,225,248,57,360,304,354
43,325,225,248,57,360,304,354
43,325,225,425,57,360,304,354
43,325,225,425,57,360,304,354
43,452,225,248,57,360,304,489
43,452,225,248,57,360,304,489
43,452,225,248,57,168,304,309
43,452,225,248,57,168,304,309
43,600,41,124,57,168,304,309
43,600,41,124,57,168,304,309
43,600,41,124,57,168,304,309
43,600,41,124,57,168,423,301
43,600,41,124,57,168,423,301
43,600,41,124,57,168,423,301
43,600,41,124,57,168,423,301
43,600,41,301,57,162,423,301
43,600,41,301,57,162,423,301
252,600,41,619,57,162,423,301
252,600,41,619,57,162,423,301
252,752,41,619,72,162,423,301
252,752,41,619,72,168,199,301
252,752,41,619,72,168,199,301
252,625,41,52,72,168,199,301
252,625,41,52,72,168,168,301
252,625,41,52,72,168,261,166
252,625,41,52,72,168,261,166
252,625,41,52,72,168,261,166
252,625,41,52,72,168,261,166
252,625,41,52,310,168,261,166
252,625,41,52,489,168,261,166
252,625,41,52,634,168,261,166
252,625,41,52,634,168,261,166
252,625,41,52,634,168,261,166
252,625,41,52,634,168,261,166
252,625,41,52,634,179,261,166
252,625,41,52,634,287,261,166
252,625,41,52,634,287,261,166
252,625,41,52,634,434,261,166
252,625,56,52,634,434,261,166
43,625,56,52,634,434,261,166
43,625,56,52,634,434,261,166
43,473,56,52,634,434,261,166
43,473,56,230,634,434,261,166
43,473,56,230,634,434,261,166
43,473,415,230,634,434,261,166
43,473,415,230,634,434,261,166
43,473,415,230,634,434,261,166
43,473,415,230,634,434,407,166
43,473,56,230,634,434,407,166
43,354,56,230,455,434,407,166
43,230,56,230,217,434,407,166
43,230,56,230,217,434,407,166
43,230,56,230,217,434,407,166
43,230,41,230,217,434,407,166
43,230,41,230,217,434,407,166
43,230,41,230,217,434,407,166
190,230,41,230,217,434,407,2008
190,230,41,230,217,287,407,2008
190,205,41,230,217,287,407,2008
190,205,41,230,217,287,407,346
190,205,41,230,217,287,407,346
190,2249,41,230,217,287,407,346
190,2249,41,230,217,287,407,346
190,2249,41,230,217,287,407,346
190,205,41,52,217,287,407,346
190,205,41,52,217,287,407,363
190,217,41,52,217,287,407,363
190,217,41,52,217,287,261,363
190,344,41,52,209,287,261,363
190,344,41,52,2394,287,261,363
190,344,41,52,2394,287,261,363
190,344,41,52,2394,287,261,363
190,344,41,52,209,479,261,363
190,344,41,52,209,479,261,363
190,344,41,52,209,479,261,363
190,344,41,52,209,479,485,363
43,468,41,52,209,479,485,363
43,468,41,52,209,479,485,363
43,468,41,52,49,241,273,363
43,468,41,52,49,241,273,363
43,468,41,52,49,241,273,363
43,468,225,52,49,241,273,183
43,468,225,52,49,241,273,183
43,468,225,52,49,241,273,183
43,468,225,52,49,241,273,183
43,468,225,52,49,241,273,183
43,341,225,52,49,241,273,318
43,1233,225,52,49,241,273,318
43,1233,225,52,49,241,273,318
43,1233,225,52,49,241,273,318
43,341,225,52,49,241,273,318
43,341,225,52,49,241,273,318
43,341,225,52,49,241,273,318
43,341,225,52,49,241,273,318
43,341,225,52,49,49,273,318
43,341,584,52,49,49,273,318
43,341,584,52,49,49,273,318
43,341,584,52,49,49,49,318
43,341,584,52,49,49,49,318
43,341,225,52,49,49,49,318
43,493,225,52,287,49,49,318
43,493,225,52,287,49,49,318
43,493,225,52,287,49,49,318
43,493,41,52,287,49,49,318
43,493,41,52,287,49,49,2168
43,493,41,52,287,49,49,2168
43,493,41,52,287,49,49,2033
43,493,41,52,287,49,49,2033
43,493,41,52,287,49,49,2033
43,493,41,52,287,49,49,2033
43,493,41,52,287,49,49,2033
43,518,41,52,287,49,49,2033
43,518,41,52,287,49,49,2033
43,518,41,52,287,49,49,2033
43,518,41,52,287,49,49,2033
43,518,41,52,287,49,49,2033
43,518,41,52,287,49,49,2033
43,518,41,52,287,49,49,2033
43,518,41,52,287,49,49,2033
43,518,41,52,287,49,49,2033
43,518,41,52,287,49,49,2033
252,518,41,52,287,49,195,2033
252,366,41,52,49,49,195,2033
252,366,41,52,49,49,195,2033
252,366,41,52,49,49,195,2033
252,366,41,52,49,49,195,2016
252,366,41,52,49,49,195,2016
252,242,41,52,49,49,195,2016
252,369,41,52,49,49,195,2016
252,369,41,52,49,49,195,2016
252,369,41,52,49,49,195,2196
252,369,1279,52,49,49,195,346
252,369,1279,52,49,49,195,346
252,369,1279,52,49,49,195,2188
252,369,1279,52,49,49,195,2188
252,369,1279,52,49,49,195,2188
252,369,3859,52,228,49,195,346
252,666,3859,230,228,49,195,346
252,666,3859,230,228,49,195,346
399,654,3859,230,228,49,195,346
399,654,3859,230,228,49,195,346
399,357,3859,230,228,49,49,346
399,357,3859,230,228,49,49,346
190,357,3859,230,228,49,49,346
190,357,3859,230,228,49,49,346
190,357,3859,230,228,49,49,346
190,230,3859,230,228,49,49,346
190,230,3859,230,228,49,49,346
190,230,3859,230,228,49,49,346
190,230,3859,230,228,49,49,346
190,230,3859,230,228,49,49,346
190,230,3859,230,228,49,273,346
190,230,1279,230,228,49,273,166
190,230,1279,230,228,241,273,166
190,230,1279,230,228,241,273,166
190,230,1279,230,228,241,273,166
190,230,1279,230,49,241,273,166
190,230,1279,230,49,241,273,166
190,230,1279,230,49,241,273,166
43,354,1279,52,49,241,273,166
43,354,1293,52,49,241,273,166
43,354,55,52,49,241,273,166
43,354,55,52,49,241,273,166
43,354,55,52,49,241,273,166
43,354,176,52,49,241,273,166
43,354,176,52,49,241,273,166
43,354,176,52,287,241,273,166
43,354,176,52,287,241,273,166
43,354,176,52,287,241,273,49
43,506,360,52,287,241,273,49
43,506,360,52,287,241,273,49
43,506,360,52,287,241,273,49
43,506,360,52,287,241,273,49
43,506,360,52,287,241,49,49
43,506,360,52,287,241,49,49
43,506,360,52,287,49,49,49
43,506,360,52,287,49,49,49
43,506,360,52,287,49,49,49
43,382,360,52,447,287,261,49
43,382,360,52,432,287,261,49
43,382,360,52,432,287,261,49
43,382,360,52,432,287,261,49
43,382,360,52,432,287,261,49
43,382,360,52,432,287,261,49
43,357,360,52,432,287,261,184
43,357,360,52,432,174,168,184
43,357,360,52,432,174,168,184
43,357,360,52,432,174,168,184
43,357,360,52,194,174,168,184
252,357,360,52,194,174,168,184
252,357,360,52,194,321,168,184
252,205,176,52,194,321,168,184
252,205,176,52,194,321,168,184
252,205,205,52,194,315,195,184
252,205,205,52,194,304,195,184
252,205,205,52,194,304,226,184
252,205,205,52,194,304,226,184
252,205,205,52,194,196,226,184
252,230,205,52,194,196,226,184
252,230,205,52,194,196,226,184
252,230,205,52,194,196,226,184
252,230,205,52,194,196,226,184
252,230,205,52,194,196,226,184
252,527,205,52,194,196,226,184
252,527,205,52,194,196,226,49
252,527,205,52,194,196,226,49
252,527,205,230,194,196,226,49
252,230,205,230,202,196,226,49
252,230,205,354,202,196,226,49
252,349,205,489,217,196,226,49
252,349,205,489,217,49,226,49
43,349,205,489,217,49,226,49
43,349,205,489,217,49,226,49
43,349,205,489,217,49,80,49
43,349,205,1824,217,49,80,49
43,361,205,1824,396,49,80,49
43,361,205,1824,396,49,80,49
43,361,205,1824,396,49,80,49
43,361,205,1824,396,1622,80,49
43,361,2785,1824,396,1622,80,49
43,361,2771,1824,396,1622,80,229
43,361,2771,1824,396,49,80,229
43,361,2771,1824,396,49,80,229
43,361,2771,1824,396,49,2305,229
43,361,2771,1824,396,49,2305,229
43,361,2771,1824,396,49,2529,246
43,361,2771,1824,396,49,304,246
43,361,2771,1824,396,49,304,246
43,361,2771,1646,396,49,304,2088
43,361,2771,1761,396,49,304,2088
43,372,2771,1761,396,49,304,2088
190,372,2771,1761,396,49,304,246
190,372,2771,1761,396,49,304,246
190,372,2771,1761,396,49,304,246
190,372,2771,1761,396,49,304,246
190,372,191,1761,217,49,304,246
190,372,191,1761,217,49,304,368
190,372,191,1761,217,49,304,368
1416,372,375,1761,217,49,304,368
1416,372,375,1761,217,49,304,368
1416,372,375,1761,217,49,304,368
1416,372,375,1761,217,49,304,368
1416,372,375,1761,217,1622,304,188
1416,372,375,1761,217,1622,304,188
1416,372,375,1761,217,1622,304,188
1416,372,375,1761,217,49,304,188
216,372,375,1761,455,49,304,188
216,372,389,1761,455,49,80,188
216,496,389,1761,2912,49,80,188
216,496,404,1761,2912,49,80,188
216,496,404,1761,2912,49,80,188
69,496,404,1761,2912,2608,186,188
69,496,404,1761,2912,2608,186,188
69,496,404,1761,2912,2608,186,2030
69,377,404,1761,2912,2608,186,2030
69,377,404,1761,2912,2608,186,2030
69,377,404,1761,2912,2608,186,188
69,377,2582,1761,2912,2608,186,188
69,377,2582,1626,2912,2608,186,2030
69,377,2582,1626,2912,2608,186,2030
69,377,2398,1626,2912,2608,186,2030
69,377,2398,1626,2912,2608,332,188
69,504,2398,1626,2912,2608,332,188
69,504,2398,1626,2912,2608,332,188
69,504,2398,1626,455,2755,332,188
69,504,2398,1626,455,2755,332,188
69,504,2369,1626,455,2953,332,188
278,504,2369,1626,455,394,332,188
278,504,2369,1626,2402,394,301,323
278,504,2369,1626,2387,394,301,323
278,504,2369,1626,2387,394,301,323
278,479,2369,1626,202,394,301,323
278,479,2369,1626,202,394,301,323
278,479,2369,1626,202,394,301,323
278,479,2369,291,202,394,301,323
278,479,2369,176,202,394,301,323
1478,355,2369,176,202,394,301,323
1478,355,2369,176,202,394,301,323
1478,355,2369,176,202,394,301,323
1478,355,2369,176,202,394,301,323
1478,228,2369,176,194,394,420,323
1478,228,2369,176,49,394,274,323
1478,228,2369,176,49,394,274,323
1478,228,2369,176,49,394,274,358
1478,228,70,176,49,247,274,358
1579,228,70,176,49,247,274,341
1579,352,70,176,49,247,274,521
1579,352,70,176,49,247,274,521
1579,340,70,176,992,55,274,386
1370,340,70,176,992,55,274,386
1344,329,70,176,992,55,274,386
1344,329,70,176,992,55,274,386
1243,329,70,184,992,55,274,386
1243,329,70,184,992,55,274,264
3349,448,70,184,992,55,274,264
3349,448,70,184,992,1628,274,264
3349,448,70,184,992,1741,274,264
1243,448,70,184,992,1741,274,264
1243,448,70,184,992,168,274,264
1243,448,70,184,992,168,274,264
1243,460,70,184,992,168,274,264
1253,460,70,184,992,168,274,264
1253,460,70,184,992,168,274,264
1253,460,70,184,992,168,274,264
2451,460,191,271,1098,168,274,264
2451,460,191,271,992,168,498,264
2451,460,191,271,992,168,498,264
2451,460,177,271,992,55,498,264
2451,312,177,271,992,55,379,84
2451,312,177,271,992,55,379,84
2552,312,177,271,992,55,379,84
2552,312,177,271,992,1054,366,84
2552,312,177,271,1007,1054,366,84
2699,312,177,449,1007,1054,366,84
2699,464,361,449,1007,1054,366,84
2699,464,361,449,1186,1054,286,84
2699,464,361,325,1186,1054,286,84
2699,786,361,325,1424,1054,286,84
2699,786,361,325,626,1054,286,84
2699,786,361,325,626,1054,286,84
2699,786,361,325,626,1081,286,84
2699,489,361,325,626,1189,286,84
2699,489,346,325,626,1189,379,411
2699,489,346,325,626,1189,379,411
2699,489,346,325,626,1189,379,411
2699,489,346,325,626,1189,379,411
2699,489,346,325,626,1189,379,84
4805,370,346,325,626,1189,155,84
4805,370,346,325,626,1189,155,84
4805,370,346,325,626,1189,155,84
2699,370,361,325,626,1189,155,84
2699,370,361,325,2811,1189,155,84
2699,370,361,325,2811,1189,155,101
2552,370,361,325,2811,1189,155,101
1354,370,361,325,626,1189,155,101
1354,370,361,147,447,1392,274,236
154,218,177,147,447,1392,420,236
154,218,177,147,768,1392,420,236
154,345,177,147,768,1392,420,236
154,464,177,147,530,1386,420,236
154,464,177,147,530,1386,420,236
154,464,177,147,209,1386,420,236
154,464,177,147,209,1386,420,236
154,464,177,147,209,1386,420,236
154,464,177,147,209,1386,420,236
292,464,177,147,2424,1386,420,236
292,464,177,2128,2424,1278,420,236
292,464,206,2128,2424,1278,420,236
292,464,206,2128,239,1278,420,236
292,464,206,147,239,1278,420,236
292,464,206,147,239,1278,420,236
292,464,206,147,239,1278,420,236
292,464,206,147,239,1278,420,236
292,464,206,147,239,1278,420,236
292,464,206,147,239,1386,420,236
501,464,206,147,239,1386,420,101
527,337,206,147,239,1386,274,66
527,337,206,147,239,1307,274,183
527,337,206,52,239,1307,274,183
527,337,206,52,239,1307,274,183
527,337,206,52,239,1307,274,183
527,337,206,52,239,1307,274,183
527,337,206,52,239,1307,274,183
527,337,206,52,239,1307,274,183
527,337,206,52,239,1307,274,183
527,337,206,52,239,1307,274,183
527,337,206,52,239,1307,181,183
527,2763,206,52,239,1307,181,183
527,2763,206,52,239,1307,212,183
527,2763,206,52,239,1307,212,183
527,2639,206,52,239,1307,225,363
527,2763,206,52,345,308,225,363
527,2763,206,52,330,308,225,363
527,2751,206,52,330,308,225,363
517,2751,206,52,330,308,225,363
517,2751,206,52,330,308,212,398
517,2751,206,52,330,308,212,406
308,2751,206,52,330,308,212,406
308,2751,206,52,330,308,212,406
308,2751,206,52,330,308,212,406
318,2751,206,52,330,308,212,406
180,2751,206,52,330,308,212,406
180,2751,206,52,330,195,212,406
180,2751,390,52,330,195,212,406
180,2751,390,52,509,195,212,406
180,2751,390,52,509,195,212,406
180,2751,390,52,509,195,212,406
180,2751,390,52,403,195,212,406
180,2751,390,52,411,195,212,406
180,2751,390,52,411,195,212,406
180,2726,390,52,649,195,212,406
180,2726,390,52,649,195,212,406
180,2726,390,52,649,195,212,209
180,2726,390,52,649,168,212,209
180,300,390,52,649,168,2437,209
180,452,390,52,649,157,2437,209
180,452,390,52,649,157,2437,209
180,452,390,52,649,157,212,209
180,452,390,52,649,157,212,209
180,452,390,52,649,157,212,209
180,452,390,52,649,157,212,344
180,452,390,52,649,157,212,344
180,452,390,230,649,157,212,344
180,452,375,230,649,157,358,344
180,452,375,230,470,157,358,344
180,333,191,230,470,157,358,344
180,333,191,230,791,157,358,344
192,333,191,230,791,157,358,344
339,333,206,230,791,157,358,344
477,333,206,230,791,163,358,344
477,333,206,230,470,163,358,344
477,333,206,230,470,163,358,344
477,333,206,230,232,163,358,344
477,333,565,230,232,55,358,344
376,333,565,230,232,55,358,344
477,345,565,230,232,55,358,344
477,345,565,230,232,55,358,344
477,193,206,230,232,55,358,344
477,193,206,230,202,55,358,344
477,193,206,230,308,55,239,344
477,312,177,230,308,55,239,209
477,439,177,230,163,168,239,209
477,439,177,230,163,168,239,209
477,439,177,230,163,168,93,209
477,439,177,52,163,168,93,209
477,439,177,52,163,168,436,209
477,439,177,52,163,168,436,209
477,439,177,52,163,168,436,209
330,439,177,52,163,168,436,209
304,439,2463,52,163,168,436,209
304,439,2463,52,163,168,436,209
304,439,2463,52,163,168,436,209
304,439,177,52,163,195,436,209
513,439,177,52,163,195,436,209
513,439,177,52,163,195,436,209
513,439,177,52,163,195,436,209
513,439,177,52,308,195,436,92
513,439,177,52,308,195,436,92
412,439,177,52,308,195,436,92
412,312,177,52,308,195,436,92
412,312,177,52,308,195,436,272
412,312,2463,52,308,195,405,272
412,312,2463,52,308,195,405,272
412,188,2463,52,308,195,392,272
513,188,177,52,308,195,392,272
513,188,177,52,308,195,392,272
375,188,177,52,308,195,423,272
375,188,177,52,308,195,199,289
375,188,177,52,308,195,199,254
375,188,177,52,308,195,199,246
375,188,177,52,308,195,199,368
375,188,177,52,308,195,199,368
375,188,177,52,308,195,199,368
365,188,177,52,308,195,199,368
365,188,177,52,308,195,199,368
156,188,177,52,308,195,199,368
156,188,177,52,308,195,199,368
156,188,177,52,308,195,199,368
156,188,56,52,487,195,199,368
156,312,56,52,487,195,199,368
182,312,56,52,487,195,199,368
182,312,56,52,479,195,199,368
182,312,56,52,479,195,199,188
182,312,56,52,479,195,199,188
182,464,56,52,479,195,212,188
182,464,56,52,479,195,212,188
182,464,56,52,479,303,212,188
170,464,56,52,479,303,212,188
170,464,56,52,479,303,212,188
170,340,56,52,479,495,212,188
170,340,56,52,479,495,212,196
170,340,56,230,479,495,212,196
170,340,85,230,479,495,212,196
170,340,85,230,479,495,212,196
170,340,85,230,479,495,212,196
170,340,85,230,479,495,212,331
170,340,85,230,479,495,212,331
170,340,85,230,479,495,212,331
170,340,269,230,300,495,212,331
170,340,269,230,300,495,212,331
170,340,269,230,300,495,212,331
170,340,254,230,300,495,212,331
170,340,254,230,300,489,212,331
170,340,254,230,300,2062,212,331
170,340,254,230,300,2062,212,331
170,340,254,230,300,1949,212,448
170,188,375,230,300,376,212,448
170,188,375,230,300,376,212,448
170,57,2661,230,300,376,212,448
170,57,2676,230,300,376,212,448
170,57,2676,230,300,376,212,448
170,57,390,230,300,184,212,448
170,57,390,230,300,184,212,448
180,57,390,52,300,184,212,448
180,57,390,52,300,184,212,448
180,57,390,52,300,184,212,313
180,57,390,52,300,1757,212,313
318,57,390,52,300,1757,212,313
318,184,390,52,300,1757,212,313
318,184,390,52,300,184,212,313
318,184,206,52,300,184,212,313
318,184,206,52,300,184,212,313
318,184,206,52,315,184,212,313
318,184,206,52,315,184,212,313
318,184,206,52,315,184,212,313
318,184,206,52,315,157,212,313
318,184,206,52,315,157,2437,313
318,184,206,52,315,157,2437,296
318,303,41,52,315,157,2437,296
318,303,41,52,315,163,358,296
318,303,41,52,315,163,358,296
217,184,41,52,315,163,582,296
318,184,41,52,315,163,675,296
318,184,41,52,315,163,675,476
318,209,41,52,315,163,675,476
465,209,41,52,315,163,675,476
465,82,41,52,315,163,675,476
465,82,41,52,315,163,675,476
465,82,41,52,315,163,675,476
465,82,41,52,315,163,644,476
465,82,41,52,315,55,644,476
465,82,41,52,315,55,644,476
465,82,41,52,315,55,644,476
465,82,41,52,315,55,644,476
465,82,41,52,315,55,644,476
465,82,41,52,315,55,644,476
465,82,41,52,209,55,644,476
465,82,41,52,388,55,644,476
465,82,41,52,388,55,644,476
465,82,41,52,388,55,498,476
465,10078,41,52,388,55,511,476
465,10197,41,52,388,55,392,476
465,10349,41,52,388,55,392,476
439,353,41,52,388,55,168,476
439,353,41,52,626,55,168,476
292,353,41,52,626,55,168,296
292,353,41,52,626,55,168,296
292,353,41,52,481,55,155,296
43,353,41,52,481,55,155,296
43,353,41,52,481,55,155,296
43,353,41,52,481,55,155,296
43,353,41,52,481,247,155,296
43,353,41,52,481,247,155,296
43,353,41,52,481,247,155,288
43,353,41,52,481,247,155,288
43,353,41,52,481,247,155,288
43,353,41,52,489,247,155,288
43,353,41,52,310,247,155,288
43,353,41,230,310,247,155,423
43,353,41,230,310,247,155,423
43,353,41,230,310,247,62,423
43,353,41,230,310,247,62,458
43,353,41,230,310,247,62,458
43,353,41,230,310,258,62,458
43,201,41,230,310,258,62,458
43,201,41,230,310,258,62,458
43,201,41,230,72,258,62,458
43,201,41,230,72,258,62,458
43,201,41,230,72,258,62,458
43,201,41,230,72,258,62,458
43,201,41,230,72,258,62,458
43,201,41,230,72,258,62,458
43,325,41,230,57,258,62,458
43,325,41,230,57,66,62,458
43,325,41,230,2242,66,62,458
43,325,41,230,2242,66,62,458
43,325,41,230,2387,66,62,458
43,325,41,230,202,66,62,458
