0,0,0,0,0,0,0,0,0,0,0
0,0,0,0,0,0,0,0,0,0,0
0,0,0,0,0,0,0,0,0,0,0
0,0,0,0,0,0,0,0,0,0,0
0,0,0,0,0,0,0,0,0,0,0
0,0,0,0,0,0,0,0,0,0,0
0,0,0,0,0,0,0,0,0,0,0
0,0,0,0,0,0,0,0,0,0,0
0,0,0,0,0,0,0,0,0,0,0
0,0,0,0,0,0,0,0,0,0,0
0,0,0,0,0,0,0,0,0,0,0
0,0,0,0,0,0,0,0,0,0,0
0,0,0,0,0,0,0,0,0,0,0
0,0,0,0,0,0,0,0,0,0,0
0,0,0,0,0,0,0,0,0,0,0
0,0,0,0,0,0,0,0,0,0,0
0,0,0,0,0,0,0,0,0,0,0
0,0,0,0,0,0,0,0,0,0,0
0,0,0,0,0,0,0,0,0,0,0
0,0,0,0,0,0,0,0,0,0,0
0,0,0,0,0,0,0,0,0,0,0
0,0,0,0,0,0,0,0,0,0,0
0,0,0,0,0,0,0,0,0,0,0
0,0,0,0,0,0,0,0,0,0,0
0,0,0,0,0,0,0,0,0,0,0
0,0,0,0,0,0,0,0,0,0,0
0,0,0,0,0,0,0,0,0,0,0
0,0,0,0,0,0,0,0,0,0,0
0,0,0,0,0,0,0,0,0,0,0
0,0,0,0,0,0,0,0,0,0,0
0,0,0,0,0,0,0,0,0,0,0
0,0,0,0,0,0,0,0,0,0,0
0,0,0,0,0,0,0,0,0,0,0
0,0,0,0,0,0,0,0,0,0,0
0,0,0,0,0,0,0,0,0,0,0
0,0,0,0,0,0,0,0,0,0,0
0,0,0,0,0,0,0,0,0,0,0
0,0,0,0,0,0,0,0,0,0,0
0,0,0,0,0,0,0,0,0,0,0
0,0,0,0,0,0,0,0,0,0,0
0,0,0,0,0,0,0,0,0,0,0
0,0,0,0,0,0,0,0,0,0,0
0,0,0,0,0,0,0,0,0,0,0
0,0,0,0,0,0,0,0,0,0,0
0,0,0,0,0,0,0,0,0,0,0
0,0,0,0,0,0,0,0,0,0,0
0,0,0,0,0,0,0,0,0,0,0
0,0,0,0,0,0,0,0,0,0,0
0,0,0,0,0,0,0,0,0,0,0
0,0,0,0,0,0,0,0,0,0,0
0,0,0,0,0,0,0,0,0,0,0
0,0,0,0,0,0,0,0,0,0,0
0,0,0,0,0,0,0,0,0,0,0
0,0,0,0,0,0,0,0,0,0,0
0,0,0,0,0,0,0,0,0,0,0
0,0,0,0,0,0,0,0,0,0,0
0,0,0,0,0,0,0,0,0,0,0
0,0,0,0,0,0,0,0,0,0,0
0,0,0,0,0,0,0,0,0,0,0
0,0,0,0,0,0,0,0,0,0,0
0,0,0,0,0,0,0,0,0,0,0
0,0,0,0,0,0,0,0,0,0,0
0,0,0,0,0,0,0,0,0,0,0
0,0,0,0,0,0,0,0,0,0,0
0,0,0,0,0,0,0,0,0,0,0
0,0,0,0,0,0,0,0,0,0,0
0,0,0,0,0,0,0,0,0,0,0
0,0,0,0,0,0,0,0,0,0,0
0,0,0,0,0,0,0,0,0,0,0
0,0,0,0,0,0,0,0,0,0,0
0,0,0,0,0,0,0,0,0,0,0
0,0,0,0,0,0,0,0,0,0,0
0,0,0,0,0,0,0,0,0,0,0
0,0,0,0,0,0,0,0,0,0,0
0,0,0,0,0,0,0,0,0,0,0
0,0,0,0,0,0,0,0,0,0,0
0,0,0,0,0,0,0,0,0,0,0
0,0,0,0,0,0,0,0,0,0,0
0,0,0,0,0,0,0,0,0,0,0
0,0,0,0,0,0,0,0,0,0,0
0,0,0,0,0,0,0,0,0,0,0
0,0,0,0,0,0,0,0,0,0,0
0,0,0,0,0,0,0,0,0,0,0
0,0,0,0,0,0,0,0,0,0,0
0,0,0,0,0,0,0,0,0,0,0
0,0,0,0,0,0,0,0,0,0,0
0,0,0,0,0,0,0,0,0,0,0
0,0,0,0,0,0,0,0,0,0,0
0,0,0,0,0,0,0,0,0,0,0
0,0,0,0,0,0,0,0,0,0,0
0,0,0,0,0,0,0,0,0,0,0
0,0,0,0,0,0,0,0,0,0,0
0,0,0,0,0,0,0,0,0,0,0
0,0,0,0,0,0,0,0,0,0,0
0,0,0,0,0,0,0,0,0,0,0
0,0,0,0,0,0,0,0,0,0,0
0,0,0,0,0,0,0,0,0,0,0
0,0,0,0,0,0,0,0,0,0,0
0,0,0,0,0,0,0,0,0,0,0
0,0,0,0,0,0,0,0,0,0,0
0,0,0,0,0,0,0,0,0,0,0
0,0,0,0,0,0,0,0,0,0,0
0,0,0,0,0,0,0,0,0,0,0
0,0,0,0,0,0,0,0,0,0,0
0,0,0,0,0,0,0,0,0,0,0
0,0,0,0,0,0,0,0,0,0,0
0,0,0,0,0,0,0,0,0,0,0
0,0,0,0,0,0,0,0,0,0,0
0,0,0,0,0,0,0,0,0,0,0
0,0,0,0,0,0,0,0,0,0,0
0,0,0,0,0,0,0,0,0,0,0
0,0,0,0,0,0,0,0,0,0,0
0,0,0,0,0,0,0,0,0,0,0
0,0,0,0,0,0,0,0,0,0,0
0,0,0,0,0,0,0,0,0,0,0
0,0,0,0,0,0,0,0,0,0,0
0,0,0,0,0,0,0,0,0,0,0
0,0,0,0,0,0,0,0,0,0,0
0,0,0,0,0,0,0,0,0,0,0
0,0,0,0,0,0,0,0,0,0,0
0,0,0,0,0,0,0,0,0,0,0
0,0,0,0,0,0,0,0,0,0,0
0,0,0,0,0,0,0,0,0,0,0
0,0,0,0,0,0,0,0,0,0,0
0,0,0,0,0,0,0,0,0,0,0
0,0,0,0,0,0,0,0,0,0,0
0,0,0,0,0,0,0,0,0,0,0
0,0,0,0,0,0,0,0,0,0,0
0,0,0,0,0,0,0,0,0,0,0
0,0,0,0,0,0,0,0,0,0,0
0,0,0,0,0,0,0,0,0,0,0
0,0,0,0,0,0,0,0,0,0,0
0,0,0,0,0,0,0,0,0,0,0
0,0,0,0,0,0,0,0,0,0,0
0,0,0,0,0,0,0,0,0,0,0
0,0,0,0,0,0,0,0,0,0,0
0,0,0,0,0,0,0,0,0,0,0
0,0,0,0,0,0,0,0,0,0,0
0,0,0,0,0,0,0,0,0,0,0
0,0,0,0,0,0,0,0,0,0,0
0,0,0,0,0,0,0,0,0,0,0
0,0,0,0,0,0,0,0,0,0,0
0,0,0,0,0,0,0,0,0,0,0
0,0,0,0,0,0,0,0,0,0,0
0,0,0,0,0,0,0,0,0,0,0
0,0,0,0,0,0,0,0,0,0,0
0,0,0,0,0,0,0,0,0,0,0
0,0,0,0,0,0,0,0,0,0,0
0,0,0,0,0,0,0,0,0,0,0
0,0,0,0,0,0,0,0,0,0,0
0,0,0,0,0,0,0,0,0,0,0
0,0,0,0,0,0,0,0,0,0,0
0,0,0,0,0,0,0,0,0,0,0
0,0,0,0,0,0,0,0,0,0,0
0,0,0,0,0,0,0,0,0,0,0
0,0,0,0,0,0,0,0,0,0,0
0,0,0,0,0,0,0,0,0,0,0
0,0,0,0,0,0,0,0,0,0,0
0,0,0,0,0,0,0,0,0,0,0
0,0,0,0,0,0,0,0,0,0,0
0,0,0,0,0,0,0,0,0,0,0
0,0,0,0,0,0,0,0,0,0,0
0,0,0,0,0,0,0,0,0,0,0
0,0,0,0,0,0,0,0,0,0,0
0,0,0,0,0,0,0,0,0,0,0
0,0,0,0,0,0,0,0,0,0,0
0,0,0,0,0,0,0,0,0,0,0
0,0,0,0,0,0,0,0,0,0,0
0,0,0,0,0,0,0,0,0,0,0
0,0,0,0,0,0,0,0,0,0,0
0,0,0,0,0,0,0,0,0,0,0
0,0,0,0,0,0,0,0,0,0,0
0,0,0,0,0,0,0,0,0,0,0
0,0,0,0,0,0,0,0,0,0,0
0,0,0,0,0,0,0,0,0,0,0
0,0,0,0,0,0,0,0,0,0,0
0,0,0,0,0,0,0,0,0,0,0
0,0,0,0,0,0,0,0,0,0,0
0,0,0,0,0,0,0,0,0,0,0
0,0,0,0,0,0,0,0,0,0,0
0,0,0,0,0,0,0,0,0,0,0
0,0,0,0,0,0,0,0,0,0,0
0,0,0,0,0,0,0,0,0,0,0
0,0,0,0,0,0,0,0,0,0,0
0,0,0,0,0,0,0,0,0,0,0
0,0,0,0,0,0,0,0,0,0,0
0,0,0,0,0,0,0,0,0,0,0
0,0,0,0,0,0,0,0,0,0,0
0,0,0,0,0,0,0,0,0,0,0
0,0,0,0,0,0,0,0,0,0,0
0,0,0,0,0,0,0,0,0,0,0
0,0,0,0,0,0,0,0,0,0,0
0,0,0,0,0,0,0,0,0,0,0
0,0,0,0,0,0,0,0,0,0,0
0,0,0,0,0,0,0,0,0,0,0
0,0,0,0,0,0,0,0,0,0,0
0,0,0,0,0,0,0,0,0,0,0
0,0,0,0,0,0,0,0,0,0,0
0,0,0,0,0,0,0,0,0,0,0
0,0,0,0,0,0,0,0,0,0,0
0,0,0,0,0,0,0,0,0,0,0
0,0,0,0,0,0,0,0,0,0,0
0,0,0,0,0,0,0,0,0,0,0
0,0,0,0,0,0,0,0,0,0,0
0,0,0,0,0,0,0,0,0,0,0
0,0,0,0,0,0,0,0,0,0,0
0,0,0,0,0,0,0,0,0,0,0
0,0,0,0,0,0,0,0,0,0,0
0,0,0,0,0,0,0,0,0,0,0
0,0,0,0,0,0,0,0,0,0,0
0,0,0,0,0,0,0,0,0,0,0
0,0,0,0,0,0,0,0,0,0,0
0,0,0,0,0,0,0,0,0,0,0
0,0,0,0,0,0,0,0,0,0,0
0,0,0,0,0,0,0,0,0,0,0
0,0,0,0,0,0,0,0,0,0,0
0,0,0,0,0,0,0,0,0,0,0
0,0,0,0,0,0,0,0,0,0,0
0,0,0,0,0,0,0,0,0,0,0
0,0,0,0,0,0,0,0,0,0,0
0,0,0,0,0,0,0,0,0,0,0
0,0,0,0,0,0,0,0,0,0,0
0,0,0,0,0,0,0,0,0,0,0
0,0,0,0,0,0,0,0,0,0,0
0,0,0,0,0,0,0,0,0,0,0
0,0,0,0,0,0,0,0,0,0,0
0,0,0,0,0,0,0,0,0,0,0
0,0,0,0,0,0,0,0,0,0,0
0,0,0,0,0,0,0,0,0,0,0
0,0,0,0,0,0,0,0,0,0,0
0,0,0,0,0,0,0,0,0,0,0
0,0,0,0,0,0,0,0,0,0,0
0,0,0,0,0,0,0,0,0,0,0
0,0,0,0,0,0,0,0,0,0,0
0,0,0,0,0,0,0,0,0,0,0
0,0,0,0,0,0,0,0,0,0,0
0,0,0,0,0,0,0,0,0,0,0
0,0,0,0,0,0,0,0,0,0,0
0,0,0,0,0,0,0,0,0,0,0
0.001,0,0,0,0,0,0,0,0,0,0
0.002,0,0,0,0,0,0,0,0,0,0
0.004,0.001,0,0,0,0,0,0,0,0,0
0.009,0.002,0.01,0.01,0,0,0,0.01,0,0.01,0.01
0.018,0.004,0.02,0.02,0,0.01,0.01,0.01,0.01,0.01,0.02
0.03,0.007,0.03,0.03,0.01,0.01,0.01,0.02,0.01,0.02,0.03
0.047,0.012,0.05,0.04,0.01,0.02,0.02,0.03,0.01,0.04,0.04
0.069,0.018,0.07,0.06,0.01,0.02,0.04,0.04,0.02,0.06,0.07
0.097,0.031,0.1,0.09,0.02,0.04,0.05,0.06,0.03,0.08,0.1
0.066,0.042,0.13,0.12,0.03,0.05,0.07,0.09,0.03,0.11,0.13
0.085,0.057,0.17,0.16,0.03,0.07,0.09,0.12,0.04,0.15,0.17
0.106,0.075,0.22,0.19,0.04,0.1,0.12,0.15,0.06,0.19,0.22
0.126,0.096,0.27,0.19,0.05,0.13,0.14,0.18,0.08,0.24,0.27
0.136,0.106,0.33,0.23,0.06,0.14,0.17,0.22,0.1,0.3,0.33
0.163,0.131,0.4,0.32,0.08,0.14,0.2,0.32,0.19,0.36,0.4
0.206,0.159,0.47,0.38,0.1,0.16,0.22,0.26,0.23,0.42,0.47
0.348,0.185,0.54,0.45,0.12,0.18,0.26,0.17,0.26,0.49,0.54
0.386,0.218,0.62,0.51,0.14,0.21,0.29,0.19,0.32,0.6,0.62
0.403,0.304,0.71,0.59,0.16,0.25,0.38,0.21,0.35,0.65,0.71
0.199,0.342,0.8,0.63,0.18,0.64,0.71,0.22,0.38,0.53,0.8
0.204,0.364,0.89,0.67,0.2,0.72,0.67,0.26,0.4,0.56,0.89
0.216,0.599,0.98,0.76,0.23,0.51,0.82,0.33,0.43,0.57,0.98
0.248,0.637,1.08,1.05,0.24,0.59,0.91,0.38,0.46,0.67,1.08
0.272,0.685,1.18,1.11,0.26,0.65,1,0.42,0.5,0.76,1.18
0.295,0.757,1.28,1.27,0.26,1.09,1.08,0.45,0.54,0.94,1.1
0.333,0.583,1.39,0.72,0.28,1.25,1.15,0.5,0.58,1.05,1.18
0.358,0.672,1.49,0.78,0.3,1.05,1.25,0.54,0.63,1.45,1.34
0.368,1.441,1.6,0.94,0.32,1.18,1.41,0.77,0.7,1.6,1.42
0.359,1.658,1.71,1.08,0.32,1.33,1.52,0.75,0.73,1.71,1.54
0.437,1.819,1.82,1.05,0.31,1.35,1.25,0.71,0.82,1.82,1.64
0.463,1.929,1.93,1.12,0.33,1.35,1.22,0.71,0.73,1.93,1.77
0.51,2.04,2.04,1.57,0.37,1.47,1.29,0.78,0.75,2.04,1.94
0.516,2.151,2.15,1.61,0.41,1.96,1.38,0.82,0.8,2.15,2.02
0.543,2.262,2.26,1.79,0.48,1.72,1.52,0.75,0.75,2.26,2.06
0.546,2.374,2.37,1.88,0.47,1.83,1.4,0.78,0.78,2.37,2.07
0.522,2.485,2.49,1.81,0.45,1.79,1.39,0.92,0.82,2.49,2.11
0.493,2.596,2.6,1.87,0.52,1.97,1.66,0.8,0.86,2.6,2.26
0.542,2.708,2.71,2,0.51,1.95,2.11,0.84,0.92,2.71,2.3
0.564,2.001,2.82,2.11,0.56,1.69,2.09,0.87,1.13,2.82,2.4
0.586,2.314,2.93,2.11,0.59,1.79,2.37,0.94,1.17,2.93,2.49
0.638,2.431,3.04,2.16,0.58,1.94,2.43,0.94,1.25,2.7,2.55
0.724,2.361,3.15,2.08,0.6,2.01,1.32,1.01,1.79,3.15,2.68
0.749,2.344,3.26,2.21,0.65,2.18,1.37,0.91,1.86,3.26,2.57
0.774,2.456,3.36,1.85,0.61,2.09,1.51,0.94,1.98,3.36,2.62
0.729,2.395,3.47,2.46,0.62,1.94,1.6,1.01,1.46,3.47,3.12
0.751,2.469,3.58,2.93,0.57,2.04,1.22,0.82,1.65,3.58,3.22
0.737,2.689,3.68,3.06,0.63,2.03,0.96,0.85,2.03,3.68,3.31
0.758,2.727,3.79,3.14,0.64,1.82,0.95,0.87,2.2,3.79,2.2
0.778,2.724,3.66,3.35,0.7,1.87,0.97,0.9,2.3,3.89,3.81
0.719,3.555,2.56,3.48,0.76,1.76,1,1,2.32,3.99,3.99
0.737,3.605,3.44,3.89,0.74,1.56,1.07,0.98,2.29,4.1,4.1
1.133,2.687,3.44,2.6,0.76,1.51,1.18,1.09,2.1,3.53,4.2
1.204,3.353,3.48,2.58,0.77,1.81,1.2,0.9,2.19,3.7,4.3
1.187,2.726,3.52,2.73,0.75,1.8,1.23,0.88,2.29,3.17,4.4
1.214,3.507,3.64,1.53,0.81,1.84,1.26,0.76,2.34,3.24,4.5
1.24,2.067,3.63,1.61,0.87,1.88,1.33,0.69,2.48,3.22,4.59
1.266,2.251,3.75,1.5,0.8,2.02,1.45,0.7,3.99,2.67,3.99
1.292,2.201,3.83,1.48,0.81,2.06,1.53,0.72,3.88,2.87,4.07
1.269,2.147,3.9,1.46,0.73,2.1,2.73,0.78,3.9,2.98,3.9
1.392,2.437,3.88,1.54,0.8,2.49,2.98,0.8,4.08,2.98,4.38
1.773,2.634,3.9,1.67,0.86,2.53,2.23,0.91,4.15,2.33,4.51
1.805,2.578,4.02,1.7,0.93,2.48,2.32,0.98,4.23,2.42,4.69
1.784,2.676,3.99,1.68,0.79,2.99,1.73,1.1,4.25,2.83,4.77
1.654,2.988,4.27,1.87,0.8,4.48,1.71,1.12,4.22,3.15,4.48
1.736,2.821,4.34,1.9,0.76,4.5,1.95,1.19,5.26,3.25,4.61
1.764,2.26,4.41,1.93,0.77,4.47,1.93,1.49,5.4,3.31,4.8
1.736,1.96,4.54,1.74,0.78,4.54,2.13,1.51,5.43,3.36,4.82
1.705,1.023,4.6,1.76,0.85,4.6,2.16,1.65,5.57,3.98,4.83
2.942,0.981,4.67,1.9,0.75,4.79,2.25,1.38,5.71,2.83,4.85
2.81,0.878,4.68,1.81,0.76,4.86,2.34,1.4,5.79,2.81,5.5
2.968,0.831,5.94,1.72,0.83,4.87,2.55,1.6,5.88,2.73,5.28
4.333,0.843,6.02,1.87,0.78,4.93,2.41,1.69,5.9,3.01,5.48
4.94,0.854,6.1,1.77,0.79,4.88,2.56,1.83,5.55,3.05,5.86
5.005,0.803,6.18,1.85,0.93,4.94,2.66,1.79,3.09,3.28,5.93
4.657,0.841,6.47,1.88,1.16,5.17,2.78,1.94,3.1,3.43,6.08
4.87,0.812,6.76,1.89,1.22,5.41,2.84,2.03,3.25,6.76,6.29
5.156,0.777,7.06,1.77,1.41,5.65,2.97,2.33,3.32,7.06,6.57
5.083,0.81,7.37,1.92,1.47,5.67,3.39,2.36,3.46,7.37,7.07
5.064,0.844,7.67,2,1.84,6.06,3.76,2.53,3.45,7.67,7.14
5.988,1.038,7.98,1.92,1.76,6.31,3.67,2.55,3.83,7.98,7.11
6.224,0.913,8.3,1.99,1.83,6.47,3.9,1.91,4.23,8.3,8.13
6.205,0.776,8.62,2.07,1.98,6.64,4.14,2.07,6.55,8.62,8.45
8.045,0.894,8.94,2.06,2.15,7.15,4.2,2.06,6.97,8.94,8.94
8.06,0.834,9.26,2.22,2.96,7.69,4.45,2.32,7.32,9.26,9.26
8.73,0.863,9.59,2.21,3.17,7.96,4.6,2.49,7.58,9.59,9.59
8.338,0.893,9.93,2.38,4.37,8.34,3.47,2.68,4.67,9.93,9.93
8.722,0.924,10.26,2.26,4.1,8.62,3.39,2.57,4.82,10.26,10.16
6.148,0.954,10.6,2.23,4.13,10.07,5.19,2.65,5.09,10.6,10.49
7.44,1.094,10.94,2.63,4.38,9.85,5.03,2.74,5.03,10.94,10.94
7.562,1.354,11.29,2.93,4.29,10.05,5.53,2.93,5.42,11.29,11.29
8.028,1.28,11.63,3.02,3.96,10.12,4.07,2.09,5.82,11.63,11.63
8.27,1.318,11.75,2.64,3.72,10.43,4.07,2.16,5.87,11.99,11.99
8.267,1.604,11.85,2.59,3.82,12.34,4.32,2.34,5.68,12.34,12.34
9.013,1.65,12.19,2.41,7.11,12.69,4.44,2.41,5.59,12.69,12.69
9.529,2.089,10.57,2.61,7.96,13.05,4.18,2.48,5.35,13.05,13.05
9.659,2.147,10.33,2.95,8.18,13.42,4.29,2.55,5.5,13.42,13.42
10.059,2.205,10.61,3.03,8.54,13.78,3.86,2.62,5.79,13.78,13.78
11.742,1.981,6.37,3.25,9.34,14.15,3.96,2.26,5.94,14.15,14.15
11.613,2.177,6.97,3.05,9.58,14.52,4.35,2.32,5.95,14.52,14.52
10.124,2.233,7,3.28,11.02,14.89,4.47,2.38,6.25,14.89,14.89
11.751,2.137,9,3.36,11.45,15.26,4.88,1.68,6.72,15.26,15.26
10.634,2.189,8.6,3.28,12.2,15.64,4.85,1.88,6.1,15.64,15.64
11.692,2.402,8.81,3.2,9.29,16.02,4.8,2.08,6.25,16.02,16.02
13.446,2.46,9.02,3.44,8.53,13.61,4.92,2.13,6.56,16.4,16.4
16.109,2.181,9.73,3.36,12.58,13.76,5.03,2.18,6.54,16.78,16.78
15.792,3.261,10.13,3.09,12.36,11.16,4.46,2.06,6.87,17.16,17.16
16.323,14.217,12.81,3.51,11.94,16.5,4.56,2.11,7.02,17.55,17.55
16.505,14.353,14.17,3.59,16.15,14.89,4.66,1.97,6.46,17.94,17.94
17.048,14.665,14.48,3.67,16.5,15.22,4.77,2.02,6.78,18.33,18.33
17.413,16.477,14.79,3.93,17.41,14.23,4.68,1.87,6.74,18.72,18.72
17.78,17.398,15.1,4.21,19.12,13.77,3.63,1.91,6.88,19.12,19.12
17.954,17.954,15.22,4.1,19.51,14.05,3.12,1.95,7.42,19.51,19.51
17.722,18.121,14.34,3.98,19.91,13.54,3.19,1.99,7.37,19.91,19.91
18.078,18.484,12.19,3.86,19.7,14.22,3.86,2.03,7.92,20.31,20.31
20.507,12.221,12.84,3.94,20.71,14.29,3.94,2.28,8.08,20.71,20.71
21.117,12.881,20.69,3.38,21.12,14.36,4.22,2.11,8.24,21.12,21.12
21.521,13.343,21.52,3.66,21.52,12.7,4.52,1.94,8.61,21.52,21.52
21.927,16.884,21.93,3.95,21.93,12.94,4.39,1.97,8.77,21.93,21.93
22.334,22.334,22.33,4.02,22.33,13.85,4.24,2.01,9.38,22.33,20.1
22.743,22.061,22.74,3.87,14.33,14.56,3.87,2.05,8.64,22.74,20.24
23.153,22.459,23.15,4.4,14.82,14.36,3.24,1.85,9.26,23.15,23.15
23.565,23.565,23.56,4.24,15.32,14.61,3.53,1.89,9.43,23.56,23.56
23.978,23.978,23.98,4.32,16.07,14.87,3.84,1.92,9.59,23.98,23.98
24.392,24.392,24.39,4.63,16.83,20,4.15,2.2,11.22,24.39,16.1
24.807,24.807,24.81,4.47,16.87,20.34,4.47,4.22,11.91,24.81,16.37
25.223,25.223,25.22,4.79,16.65,20.68,4.54,4.29,11.35,25.22,10.09
25.641,25.641,25.64,4.62,15.9,21.03,4.87,4.62,13.59,22.31,8.21
23.975,26.06,26.06,4.43,16.68,22.41,5.47,4.43,13.55,23.97,8.6
24.096,26.48,26.48,4.77,17.74,23.04,5.83,4.24,14.83,24.1,9.27
12.912,26.9,26.9,4.3,18.83,23.13,5.92,4.84,15.87,24.48,9.42
13.115,27.322,27.32,4.37,17.49,23.22,6.56,6.01,22.13,25.14,9.84
13.872,27.745,27.74,4.16,18.31,14.7,6.38,6.38,22.47,25.8,10.54
14.084,28.169,28.17,4.23,28.17,14.08,6.76,6.2,22.82,25.92,12.96
14.868,28.593,28.59,4.29,28.59,14.58,6.58,6.29,28.59,26.31,11.44
17.701,29.019,29.02,4.35,29.02,15.09,6.96,6.67,29.02,20.02,20.31
19.434,29.445,29.44,4.12,29.44,14.13,7.07,6.48,29.44,18.55,24.44
19.716,29.872,29.87,3.88,21.81,13.44,7.77,6.87,29.87,15.23,24.5
19.089,30.3,30.3,4.54,22.42,13.94,7.57,6.67,30.3,15.45,24.85
18.437,30.728,30.73,4.61,23.66,22.74,8.6,7.37,22.43,15.98,25.2
17.76,31.158,31.16,4.05,31.16,25.55,26.8,8.1,15.58,15.89,25.86
16.426,31.588,31.59,4.11,31.59,29.38,25.9,7.58,14.21,17.69,25.59
20.171,32.018,32.02,4.16,32.02,31.06,26.58,8,12.81,23.05,25.93
20.443,19.794,32.45,3.89,32.45,31.15,24.66,8.11,13.3,21.09,27.58
21.373,15.125,32.88,3.95,32.88,31.24,24.99,8.22,25.32,20.06,27.95
29.649,27.983,33.31,4.33,33.31,30.65,25.65,7.33,25.65,32.31,28.65
33.071,26.997,33.75,3.37,33.75,20.25,25.98,7.09,25.65,20.59,14.51
32.813,27.344,34.18,3.42,34.18,17.09,26.32,7.18,25.98,20.17,15.38
33.229,27.691,34.61,3.46,34.61,19.73,25.96,7.27,24.92,20.77,16.61
32.244,26.987,35.05,3.15,35.05,18.93,30.49,7.01,24.53,17.52,35.05
32.644,29.805,35.48,3.19,35.48,14.9,30.87,7.1,27.68,17.74,35.48
33.762,30.171,35.92,3.23,35.92,15.44,30.89,7.18,28.02,15.8,35.92
34.172,30.173,36.35,3.64,32.35,14.9,33.08,7.27,28.36,16.36,36.35
36.421,30.903,36.79,3.68,36.05,13.98,36.79,7.73,27.59,18.03,36.79
35.364,31.641,37.22,4.09,31.27,14.89,37.22,8.19,23.82,18.61,37.22
35.778,12.428,37.66,3.77,29.75,15.06,37.66,8.29,24.1,15.06,37.66
35.812,12.953,38.1,3.81,21.72,14.1,38.1,8.38,21.72,16,38.1
36.223,13.487,38.53,3.85,17.73,35.07,38.53,8.86,20.81,21.96,38.53
36.633,13.64,38.97,3.9,18.32,35.46,38.97,10.13,19.49,21.43,38.97
37.044,12.611,30.34,3.55,15.37,35.47,39.41,9.06,22.07,27.19,39.41
37.854,13.149,28.29,3.19,19.52,37.46,39.85,18.73,27.49,27.49,39.85
37.867,13.696,28.6,3.22,20.14,38.27,40.28,24.57,22.16,15.31,40.28
38.278,13.845,24.84,3.66,21.99,36.24,40.72,22.8,30.13,15.07,40.72
19.756,16.464,21.4,4.12,28.4,37.04,41.16,23.05,16.05,15.64,40.75
19.551,16.639,37.02,4.58,33.28,32.03,41.6,24.13,15.39,17.05,41.6
37.831,18.495,37.83,5.46,33.63,32.37,42.03,20.6,15.55,13.03,42.03
37.376,23.36,37.8,5.52,33.98,31.85,41.2,21.24,15.29,16.99,42.47
36.903,22.313,36.04,6.01,33.9,32.18,42.48,20.6,15.88,18.45,42.91
35.546,22.108,35.98,5.2,39.01,32.51,42.48,21.67,16.04,19.51,43.35
35.905,22.769,38.53,5.25,38.97,33.72,43.35,22.33,15.76,18.83,43.79
35.821,19.459,38.03,5.75,37.15,33.61,43.78,18.13,15.92,20.79,40.24
35.283,17.865,37.96,5.81,37.52,37.52,37.07,18.31,16.52,19.2,41.09
31.569,20.295,38.33,4.51,34.73,27.06,37.88,20.75,14.88,22.1,32.47
14.572,13.661,37.8,5.46,35.97,27.32,37.34,21.86,15.48,22.31,36.88
14.712,13.792,38.62,5.52,39.54,39.08,21.61,21.61,18.85,23.45,34.94
13.459,13.923,35.27,4.64,39.45,46.41,21.81,20.42,17.64,23.67,38.99
12.649,14.054,35.6,4.68,46.85,46.85,21.55,35.6,17.8,25.3,39.35
12.294,15.131,37.83,4.73,47.28,47.28,24.11,33.1,17.5,25.53,37.35
10.976,15.271,38.18,4.77,47.72,47.72,24.34,45.33,13.84,24.34,36.27
11.076,15.41,39.97,5.3,47.68,48.16,25.52,47.19,13.48,24.56,36.12
12.148,15.55,39.85,5.35,47.62,48.59,26.24,48.59,13.61,26.24,38.87
11.767,15.199,36.77,5.39,46.58,49.03,31.38,49.03,13.73,22.55,39.22
11.871,15.334,37.59,4.95,46,49.46,32.15,49.46,10.88,18.3,40.07
12.475,15.968,37.42,4.49,48.9,45.91,32.93,48.9,8.98,18.96,36.43
12.08,16.107,37.75,5.03,48.82,45.3,30.7,49.33,9.56,33.72,36.24
12.184,15.738,38.08,5.08,49.24,45.69,32.49,49.75,17.26,33,30.46
12.288,14.848,34.82,5.63,39.43,37.38,30.72,43.01,18.43,36.35,27.14
11.876,16.007,35.11,5.68,39.76,38.73,30.46,43.89,18.59,43.89,45.96
13.538,16.141,33.32,5.73,41.13,38.01,30.72,30.72,20.31,44.26,46.34
13.125,17.325,32.55,5.25,46.73,38.85,35.7,30.98,26.25,44.63,47.78
15.35,20.114,33.88,5.82,47.64,51.87,37.05,37.05,23.29,44.99,43.93
14.408,22.947,33.09,5.87,50.16,53.36,47.49,45.89,22.41,45.36,44.29
16.677,25.284,39.81,5.92,50.57,53.8,47.88,45.73,22.06,44.65,44.65
15.726,24.944,36.87,5.42,42.84,54.23,46.09,46.09,19.52,45.01,44.47
15.304,23.502,37.17,4.92,42.63,54.66,47,46.46,19.68,43.73,44.82
14.873,22.585,40.21,4.41,43.52,53.98,55.09,16.53,19.83,43.52,44.62
15.544,20.541,43.3,5,46.63,53.85,55.52,34.97,19.43,55.52,37.2
14.545,20.14,29.65,5.03,50.35,54.27,55.94,37.48,19.58,55.94,55.94
14.093,16.911,27.06,5.07,49.04,55.81,56.37,37.21,21.42,56.37,56.37
12.496,19.88,27.83,5.11,49.41,56.8,56.8,40.9,19.88,56.8,56.8
12.59,19.457,25.75,5.15,51.5,57.23,57.23,35.48,20.03,57.23,57.23
12.107,19.025,25.94,4.61,22.48,57.65,57.65,38.63,19.02,57.65,57.65
14.519,19.165,24.97,4.65,22.07,49.37,58.08,36.59,18.58,58.08,58.08
14.04,19.89,33.93,4.68,20.48,36.86,58.5,32.76,16.97,58.5,58.5
15.91,18.856,38.3,5.3,22.39,40.66,58.34,42.43,18.27,47.73,58.93
14.837,19.585,45.7,5.93,21.96,41.54,58.76,41.54,17.8,48.07,59.35
14.943,22.713,46.02,5.98,21.52,43.04,58.58,37.66,18.53,48.41,59.77
15.048,14.446,46.95,6.02,23.48,54.17,58.99,38.52,18.06,49.36,60.19
15.154,13.941,47.89,6.06,23.03,50.92,59.4,29.09,18.18,49.7,60.61
14.648,14.038,48.22,7.32,24.41,51.27,59.81,28.69,19.53,32.96,61.03
15.363,13.52,48.55,7.99,25.81,51.62,60.22,30.11,19.05,34.41,61.45
15.468,14.849,47.64,8.04,25.99,58.16,60.02,30.94,19.18,25.37,61.87
15.573,15.573,46.72,8.1,19.31,52.95,38.62,28.65,18.06,24.92,62.29
15.677,15.05,48.28,8.15,18.81,57.06,45.78,30.1,17.56,23.83,62.71
15.15,17.043,48.61,8.21,17.67,55.55,49.24,29.04,20.83,23.99,63.12
14.614,17.156,22.24,7.62,19.7,57.82,49.56,28.59,20.97,24.78,63.54
16.628,15.988,18.55,8.95,18.55,57.56,51.16,28.78,19.19,26.22,63.95
18.667,16.736,19.95,8.37,18.67,64.37,54.07,29.61,19.95,27.03,64.37
18.138,17.491,25.91,9.72,19.43,64.78,55.71,27.21,22.67,29.15,64.78
18.254,16.95,25.42,8.47,17.6,65.19,65.19,24.12,20.21,30.64,65.19
18.369,17.057,24.93,7.87,17.71,65.6,65.6,24.93,20.34,32.15,65.6
14.523,17.163,21.12,7.92,17.82,64.03,66.01,25.08,21.12,54.13,66.01
15.941,16.605,21.25,7.31,17.27,63.1,66.42,25.24,22.58,54.47,66.42
15.371,18.712,20.05,7.35,17.38,58.14,66.83,28.07,22.72,54.8,66.16
14.792,19.499,20.17,7.4,16.81,53.79,67.24,28.24,23.53,20.84,59.17
54.791,18.94,20.29,6.09,15.56,54.79,67.64,27.73,22.32,20.29,59.53
55.799,17.692,19.05,6.8,14.97,39.47,68.05,29.94,23.14,20.41,55.12
41.756,15.744,21.9,6.16,16.43,42.44,68.45,30.12,25.33,21.22,52.71
59.904,15.148,22.03,6.2,16.53,56.46,68.85,31.67,25.48,22.72,60.59
60.946,15.237,22.16,6.23,15.93,57.48,69.26,31.86,25.63,22.85,59.56
61.299,21.594,23.68,6.27,15.32,57.82,69.66,30.65,26.47,25.77,59.21
60.95,21.017,24.52,5.6,15.41,57.45,70.06,16.81,25.92,24.52,59.55
61.297,20.432,24.66,5.64,14.8,57.77,70.46,42.27,26.77,26.07,62.71
57.392,21.256,21.96,4.96,15.59,50.31,70.85,58.1,28.34,26.22,63.06
54.863,22.088,19.24,4.99,15.68,52.01,71.25,58.43,27.79,26.36,60.56
61.615,23.643,19.34,4.3,15.05,53.73,71.65,63.05,25.79,24.36,66.63
62.675,24.494,18.01,4.32,15.85,52.59,72.04,67,29.54,23.77,62.67
62.293,22.454,17.38,3.62,15.94,55.77,72.43,66.64,21.73,22.45,61.57
43.695,22.576,16.75,2.91,16.02,56.08,72.83,65.54,20.39,21.85,48.06
46.126,27.822,16.11,2.93,18.3,66.63,73.22,65.89,19.77,23.43,62.23
28.706,49.316,13.25,2.21,18.4,64.77,73.61,64.77,21.35,22.08,72.13
30.338,40.697,13.32,2.22,17.76,73.99,73.99,65.11,23.68,22.2,73.25
31.24,35.703,11.9,2.23,17.85,74.38,63.22,23.8,23.8,23.06,73.64
32.898,35.141,12.71,2.24,16.45,74.77,63.55,24.67,23.93,18.69,74.77
33.067,60.873,12.78,2.25,18.04,75.15,65.38,24.05,24.05,19.54,75.15
33.991,60.428,14.35,2.27,15.86,75.54,30.97,24.17,24.17,20.39,75.54
33.404,59.975,12.91,2.28,18.22,75.92,32.64,27.33,24.29,21.26,75.92
32.045,47.305,12.97,2.29,17.55,76.3,32.81,25.18,24.42,19.84,76.3
36.806,48.307,13.8,3.07,16.87,76.68,32.97,25.3,25.3,14.57,76.68
37.758,69.351,15.41,2.31,16.18,73.97,31.59,26.2,27.74,15.41,77.06
37.943,54.204,15.49,2.32,16.26,74.34,31.75,26.33,43.36,16.26,77.43
39.683,54.467,14.78,3.11,17.9,73.14,55.24,26.46,41.24,17.12,77.81
46.129,56.293,14.07,3.13,17.98,72.71,53.95,25.8,60.2,17.98,78.18
68.345,64.417,14.14,3.14,18.85,74.63,56.56,27.5,62.06,15.71,78.56
68.668,63.933,14.21,3.16,18.15,76.56,60.78,24.47,62.35,15.79,78.93
69.784,64.233,14.27,3.96,17.45,79.3,61.06,24.58,62.65,15.86,79.3
35.054,64.532,14.34,3.98,16.73,79.67,62.94,23.1,62.94,17.53,79.67
34.416,64.029,17.61,4,16.81,80.04,63.23,23.21,80.04,18.41,80.04
30.553,77.187,18.49,3.22,16.88,80.4,62.71,23.32,76.38,19.3,80.4
33.922,76.729,17.77,3.23,16.96,78.34,63,25.04,66.23,18.58,80.77
32.452,54.358,17.85,3.25,17.85,81.13,64.09,25.96,66.53,19.47,81.13
38.302,40.747,19.56,2.44,16.3,61.93,64.38,26.89,66.82,18.74,81.49
45.02,61.39,20.46,3.27,13.92,61.39,64.66,22.92,67.12,17.19,81.85
45.217,78.103,20.55,4.11,13.98,66.59,64.95,23.02,67.41,16.44,82.21
46.24,79.268,20.64,5.78,14.86,64.41,67.71,23.95,65.23,15.69,82.57
41.464,82.927,19.9,4.98,14.93,73.81,68,35.66,65.51,15.76,82.93
42.474,83.282,19.99,5,14.99,58.3,68.29,35.81,72.46,13.33,83.28
33.454,83.636,19.24,6.69,14.22,51.85,68.58,39.31,72.76,14.22,83.64
34.435,83.987,18.48,5.88,14.28,53.75,69.71,42.83,34.43,14.28,83.99
35.422,84.338,17.71,7.59,16.02,53.98,63.25,49.76,55.66,13.49,84.34
38.109,84.687,17.78,7.62,16.09,55.89,70.29,55.89,54.2,13.55,84.69
36.565,85.034,13.61,10.2,15.31,62.07,70.58,51.02,52.72,12.76,64.63
36.713,85.38,11.1,9.39,15.37,31.59,70.87,39.27,47.81,17.08,64.03
44.577,85.724,11.14,8.57,16.29,31.72,74.58,37.72,58.29,17.14,65.15
47.337,86.067,10.33,7.75,18.07,30.12,76.6,38.73,65.41,18.07,58.53
59.622,86.408,10.37,7.78,17.28,31.11,76.9,38.88,65.67,18.15,44.93
66.796,86.748,11.28,7.81,17.35,50.31,75.47,35.57,66.8,19.08,45.11
67.927,87.086,11.32,7.84,21.77,70.54,75.76,33.96,60.96,19.16,44.41
72.561,87.422,11.36,6.99,21.86,70.81,81.3,34.97,62.07,19.23,46.33
66.695,87.757,11.41,7.02,21.94,71.96,86.88,35.98,74.59,19.31,46.51
67.83,88.091,14.09,6.17,22.9,88.09,88.09,40.52,76.64,20.26,46.69
88.422,88.422,13.26,7.07,22.11,88.42,88.42,39.79,41.56,20.34,44.21
88.752,88.752,13.31,7.1,22.19,88.75,53.25,77.21,40.83,19.53,50.59
89.081,89.081,15.14,7.13,20.49,89.08,50.78,68.59,42.76,21.38,48.1
89.407,89.407,16.99,7.15,20.56,89.41,51.86,69.74,44.7,20.56,49.17
89.733,89.733,17.05,7.18,20.64,89.73,51.15,73.58,62.81,17.05,61.92
90.056,90.056,16.21,8.11,19.81,88.25,59.44,73.85,63.04,20.71,61.24
90.378,90.378,17.17,8.13,17.17,90.38,63.26,73.21,85.86,19.88,75.92
90.698,90.698,17.23,8.16,17.23,90.7,55.33,73.47,85.26,17.23,87.98
91.016,91.016,19.11,12.74,17.29,91.02,59.16,74.63,66.44,18.2,91.02
91.333,91.333,18.27,12.79,17.35,91.33,55.71,70.33,90.42,19.18,91.33
91.648,91.648,18.33,11.91,17.41,91.65,60.49,69.65,45.82,21.08,91.65
91.962,91.962,18.39,11.96,17.47,91.96,38.62,77.25,48.74,21.15,91.96
92.273,92.273,17.53,13.84,18.45,92.27,41.52,77.51,48.9,17.53,92.27
92.583,89.806,21.29,12.96,18.52,92.58,38.88,52.77,47.22,15.74,92.58
92.891,89.176,21.37,13.93,18.58,92.89,41.8,52.02,52.02,17.65,92.89
93.198,79.218,20.5,14.91,21.44,93.2,45.67,52.19,45.67,19.57,93.2
93.503,79.477,20.57,15.9,20.57,93.5,28.99,53.3,43.95,19.64,93.5
93.806,82.549,19.7,15.95,18.76,93.81,28.14,60.97,45.03,20.64,90.05
94.107,82.814,18.82,16,17.88,94.11,27.29,71.52,44.23,21.64,77.17
94.406,84.022,18.88,16.99,16.99,79.3,28.32,71.75,48.15,21.71,77.41
76.71,89.022,20.83,17.05,19.89,79.55,28.41,71.03,43.56,22.73,76.71
78.85,86.45,19.95,15.2,23.75,80.75,23.75,85.5,40.85,21.85,71.25
87.67,85.764,19.06,15.25,22.87,80.05,26.68,84.81,53.36,21.92,71.47
86.983,86.027,18.16,16.25,21.03,73.6,28.68,86.03,52.57,19.12,72.65
80.536,86.289,16.3,15.34,23.01,73.82,29.72,86.29,51.77,19.18,77.66
81.74,86.549,16.35,17.31,21.16,73.09,25.96,54.81,40.39,21.16,78.86
81.984,85.842,17.36,18.33,20.25,59.8,33.76,56.91,42.44,23.15,74.27
83.194,83.194,17.41,19.35,19.35,59.01,34.83,58.04,47.4,23.22,73.52
83.437,87.318,17.46,18.43,19.4,58.21,34.93,55.3,47.54,22.31,73.74
81.733,85.625,18.49,16.54,19.46,57.41,41.84,57.41,44.76,21.41,73.95
87.823,85.871,19.52,16.59,18.54,56.6,40.98,62.45,43.91,20.49,74.16
91.008,86.115,19.57,16.64,19.57,57.74,91.99,57.74,44.04,19.57,73.39
91.265,98.134,18.65,20.61,32.38,62.81,92.25,59.86,45.14,20.61,84.4
90.535,97.424,19.68,18.7,37.4,50.19,92.5,52.16,45.27,19.68,86.6
98.68,77.957,18.75,19.74,44.41,52.3,93.75,62.17,44.41,19.74,89.8
98.95,57.391,18.8,19.79,27.71,47.5,94,78.17,44.53,20.78,92.02
99.218,54.57,19.84,18.85,26.79,47.62,94.26,99.22,43.66,19.84,93.27
99.484,54.716,19.9,16.91,19.9,46.76,99.48,99.48,40.79,20.89,92.52
99.749,54.862,20.95,17.95,19.95,52.87,93.76,99.75,28.93,19.95,91.77
100.011,40.005,22,19,19,45.01,94.01,100.01,31,20,88.01
100.272,46.125,23.06,18.05,19.05,52.14,93.25,100.27,34.09,20.05,88.24
100.53,88.467,22.12,16.08,19.1,54.29,83.44,100.53,37.2,19.1,66.35
100.787,84.661,19.15,16.13,19.15,54.43,83.65,100.79,36.28,21.17,62.49
101.042,84.875,19.2,17.18,19.2,42.44,92.96,101.04,33.34,21.22,59.61
101.295,89.139,19.25,16.21,19.25,32.41,94.2,101.29,34.44,21.27,59.76
100.53,89.36,23.36,15.23,19.29,32.49,94.44,101.55,31.48,22.34,47.73
99.758,75.328,22.39,15.27,19.34,31.56,95.69,101.79,32.57,18.32,47.84
85.715,88.776,23.47,14.29,19.39,33.67,93.88,102.04,33.67,18.37,48.98
86.943,88.989,26.59,14.32,20.46,32.73,61.37,102.29,30.69,18.41,86.94
87.15,89.2,25.63,14.35,20.51,28.71,59.47,102.53,31.78,18.46,87.15
81.188,92.493,41.11,15.42,20.55,28.78,55.5,102.77,38.02,18.5,92.49
83.437,89.618,41.2,17.51,21.63,29.87,55.62,103.01,47.38,18.54,93.74
82.597,98.084,50.59,17.55,45.43,38.2,66.08,103.25,48.53,18.58,94.99
82.785,98.307,61.05,17.59,46.57,35.18,66.23,103.48,48.64,17.59,96.24
79.86,101.64,67.41,17.63,48.75,34.23,70.53,103.71,46.67,18.67,63.27
46.775,87.314,56.13,16.63,50.93,33.26,70.68,103.94,47.81,18.71,62.37
89.589,89.589,61.46,17.71,55.21,33.34,71.88,104.17,61.46,21.88,58.34
88.741,89.785,63.68,17.75,55.33,28.19,74.12,101.27,60.55,21.92,55.33
88.932,83.7,63.82,16.74,66.96,27.2,72.19,100.44,61.73,20.93,44.99
84.927,71.297,63.96,17.82,69.2,28.31,65.01,100.65,104.85,23.07,45.08
84.055,105.069,38.88,14.71,92.46,28.37,51.48,105.07,105.07,25.22,47.28
84.23,105.288,38.96,14.74,71.6,28.43,49.49,105.29,105.29,22.11,52.64
86.514,105.505,36.93,15.83,68.58,28.49,61.19,105.5,105.5,21.1,52.75
97.262,105.719,38.06,15.86,61.32,25.37,61.32,105.72,105.72,20.09,51.8
97.457,105.932,38.14,20.13,62.5,25.42,57.2,105.93,105.93,20.13,52.97
97.651,106.142,28.66,18.04,59.44,24.41,53.07,106.14,106.14,14.86,48.83
96.779,106.351,28.71,18.08,59.56,24.46,52.11,106.35,106.35,15.95,54.24
106.557,104.426,27.7,19.18,59.67,25.57,51.15,106.56,106.56,17.05,53.28
106.761,105.694,27.76,20.28,42.7,25.62,49.11,106.76,91.81,17.08,60.85
106.964,69.526,29.95,20.32,42.79,24.6,50.27,106.96,90.92,17.11,59.9
107.164,70.728,26.79,19.29,41.79,25.72,55.73,107.16,96.45,16.07,60.01
107.362,70.859,23.62,19.33,39.72,24.69,55.83,107.36,103.07,17.18,60.12
107.558,104.331,24.74,19.36,40.87,22.59,68.84,107.56,54.85,15.06,58.08
105.596,103.441,25.86,19.4,46.33,22.63,94.82,107.75,46.33,15.09,34.48
105.784,103.625,26.99,16.19,44.26,21.59,100.39,107.94,49.65,15.11,36.7
105.97,101.645,25.95,19.46,46.5,21.63,101.64,108.13,46.5,14.06,35.68
100.738,101.821,26,14.08,45.49,23.83,100.74,108.32,60.66,14.08,35.75
100.91,101.995,31.47,13.02,46.66,24.96,104.17,108.51,62.93,15.19,53.17
101.08,102.167,31.52,18.48,40.21,25,105.43,108.69,63.04,14.13,59.78
101.249,102.337,32.66,20.69,41.37,21.77,108.87,108.87,58.79,14.15,71.85
92.691,102.505,31.62,23.99,39.26,22.9,109.05,109.05,62.16,14.18,79.61
92.841,89.565,26.21,22.94,40.41,22.94,109.23,109.23,64.44,16.38,87.38
92.99,85.332,25.16,22.97,51.42,20.79,109.4,109.4,62.36,16.41,87.52
83.275,85.466,25.2,23.01,52.59,20.82,109.57,109.57,47.12,16.44,99.71
79.015,86.697,24.14,19.75,52.68,21.95,109.74,109.74,46.09,16.46,83.4
61.55,87.928,25.28,61.55,52.76,20.88,109.91,109.91,43.96,27.48,83.53
95.767,50.635,23.12,68.25,51.74,20.91,110.08,110.08,44.03,25.32,48.43
91.499,48.506,22.05,69.45,48.51,25.36,110.24,110.24,40.79,27.56,55.12
92.738,44.161,19.87,48.58,47.47,26.5,110.4,110.4,32.02,32.02,55.2
92.872,42.013,21.01,53.07,46.44,24.32,110.56,110.56,32.06,33.17,50.86
93.004,38.752,17.71,66.43,47.61,25.47,110.72,110.72,29.89,33.22,102.97
84.264,38.806,18.85,68.74,47.68,28.83,110.87,110.87,31.04,32.15,68.74
84.38,37.749,18.87,76.61,51.07,29.98,111.03,111.03,28.87,33.31,42.19
82.271,41.136,20.01,82.27,52.25,26.68,111.18,111.18,27.79,34.46,45.58
57.889,40.077,21.15,83.49,51.21,27.83,111.33,111.33,30.06,33.4,45.64
57.966,41.245,20.06,89.18,46.82,31.21,111.47,111.47,28.98,34.56,47.93
56.924,42.414,25.67,89.29,55.81,25.67,111.62,111.62,29.02,35.72,41.3
41.351,42.468,24.59,82.7,58.11,73.76,111.76,111.76,29.06,30.17,41.35
41.402,45.878,24.62,83.92,83.92,53.71,111.9,87.28,30.21,31.33,39.16
62.74,52.657,25.77,82.91,84.03,47.05,112.04,76.18,30.25,34.73,36.97
112.171,50.477,26.92,86.37,84.13,50.48,112.17,75.15,24.68,34.77,38.14
112.304,38.183,26.95,86.47,84.23,56.15,112.3,47.17,26.95,32.57,40.43
112.434,39.352,26.98,87.7,97.82,44.97,112.43,56.22,34.85,40.48,56.22
112.563,39.397,29.27,88.92,97.93,47.28,104.68,59.66,37.15,41.65,54.03
112.689,38.314,29.3,89.02,112.69,42.82,103.67,64.23,67.61,46.2,61.98
102.66,38.357,28.2,89.12,112.81,41.74,104.92,59.79,53.02,44,65.43
102.771,39.527,28.23,102.77,112.94,44.04,105.03,48.56,50.82,44.04,64.37
107.402,37.308,29.39,104.01,113.06,52.01,105.14,49.74,52.01,39.57,65.57
104.119,35.083,28.29,102.99,113.17,54.32,107.51,47.53,52.06,38.48,65.64
71.371,43.049,27.19,104.22,113.29,53.25,113.29,49.85,72.5,57.78,56.64
56.7,43.092,23.81,105.46,113.4,49.9,113.4,54.43,70.31,39.69,57.83
55.621,38.594,24.97,104.43,113.51,102.16,113.51,53.35,72.65,38.59,64.7
52.265,37.495,26.13,104.53,113.62,96.58,113.62,49.99,76.13,34.09,72.72
28.431,37.53,26.16,103.49,113.73,92.12,113.73,51.18,88.71,31.84,58
29.596,36.426,26.18,79.68,113.83,92.2,113.83,48.95,87.65,31.87,34.15
29.622,36.458,26.2,80.89,113.93,71.78,113.93,47.85,91.15,33.04,35.32
33.069,37.63,29.65,78.68,114.03,61.58,114.03,50.17,90.08,31.93,37.63
35.38,34.238,28.53,103.86,114.13,59.35,114.13,50.22,89.02,33.1,39.94
35.409,33.125,27.41,103.94,114.22,59.4,101.66,58.25,84.53,33.12,34.27
34.295,32.008,26.29,80.02,114.32,42.3,58.3,58.3,114.32,34.29,34.29
36.61,67.5,25.17,70.93,114.41,42.33,51.48,59.49,114.41,33.18,34.32
37.783,60.682,24.04,75.57,114.49,42.36,49.23,59.54,114.49,29.77,32.06
49.269,58.436,22.92,75.62,114.58,41.25,50.42,65.31,114.58,96.25,35.52
50.452,59.625,22.93,100.9,114.66,41.28,35.55,37.84,114.66,95.17,38.99
50.488,53.93,21.8,100.98,114.74,43.6,39.01,36.72,114.74,76.88,41.31
51.671,49.374,19.52,99.9,114.82,45.93,48.23,45.93,114.82,98.75,42.48
54.003,43.662,17.24,98.81,114.9,43.66,49.41,65.49,114.9,98.81,42.51
40.241,42.541,17.25,83.93,114.97,48.29,51.74,74.73,114.97,114.97,39.09
41.417,42.567,17.26,88.59,115.05,48.32,46.02,73.63,115.05,97.79,33.36
57.558,47.198,19.57,88.64,115.12,43.74,47.2,70.22,115.12,97.85,32.23
63.351,31.1,20.73,89.84,115.18,44.92,47.23,70.26,115.18,97.91,34.56
57.625,31.117,20.74,84.13,115.25,46.1,49.56,97.96,115.25,97.96,28.81
51.891,34.594,18.45,84.18,115.31,43.82,54.2,96.86,115.31,93.4,28.83
47.303,35.766,19.61,88.84,115.37,47.3,65.76,95.76,115.37,93.45,30
49.635,28.858,19.62,92.35,115.43,50.79,66.95,95.81,115.43,110.81,28.86
49.66,30.027,20.79,92.39,115.49,50.81,78.53,73.91,115.49,112.02,31.18
46.216,31.196,20.8,92.43,115.54,68.17,67.01,56.62,115.54,82.03,27.73
47.393,31.21,21.96,93.63,115.59,79.76,67.04,60.11,115.59,76.29,30.05
48.57,31.223,21.97,92.51,115.64,75.17,68.23,74.01,115.64,76.32,33.54
46.275,41.648,20.82,92.55,115.69,77.51,86.77,76.35,89.08,91.39,31.24
45.136,43.979,20.83,90.27,115.73,57.87,85.64,78.7,81.01,92.59,30.09
47.468,42.837,18.52,93.78,115.78,62.52,69.47,55.57,92.62,89.15,31.26
44.01,42.852,17.37,99.6,115.82,63.7,56.75,66.01,92.65,86.86,31.27
46.341,41.707,17.38,100.79,115.85,62.56,55.61,57.93,90.37,85.73,34.76
44.038,42.879,18.54,103.14,115.89,63.74,50.99,54.47,90.39,85.76,35.93
45.209,42.891,19.71,103.17,115.92,61.44,52.16,88.1,91.58,85.78,38.25
46.381,40.583,19.71,103.2,115.95,53.34,45.22,84.65,91.6,85.8,38.26
45.233,39.433,19.72,102.06,115.98,49.87,52.19,81.19,96.26,51.03,35.95
42.923,47.563,20.88,100.93,116.01,54.52,52.2,82.36,96.29,49.88,33.64
80.061,47.573,19.73,85.86,116.03,77.74,44.09,84.7,96.31,53.37,34.81
38.297,45.26,19.73,89.36,116.05,75.43,42.94,71.95,96.32,54.54,34.82
53.393,45.268,19.73,94.02,116.07,55.71,42.95,113.75,96.34,59.2,35.98
54.561,44.114,20.9,95.19,116.09,55.72,47.6,113.77,69.65,46.44,33.67
46.441,40.636,19.74,95.2,116.1,47.6,45.28,90.56,69.66,47.6,35.99
47.607,41.801,20.9,97.54,116.12,48.77,45.28,90.57,98.7,60.38,39.48
49.934,40.644,22.06,96.38,116.13,46.45,49.93,83.61,94.06,58.06,42.97
52.26,42.969,27.87,96.39,116.13,40.65,48.78,83.62,94.07,56.91,42.97
55.746,41.81,27.87,87.1,116.14,90.59,48.78,84.78,85.94,56.91,42.97
67.362,41.811,31.36,73.17,116.14,90.59,48.78,69.68,83.62,55.75,44.13
52.264,39.488,29.04,69.69,116.14,90.59,42.97,87.11,66.2,82.46,46.46
53.424,34.842,27.87,70.85,116.14,73.17,44.13,87.11,114.98,83.62,45.29
88.263,32.518,24.39,77.81,116.14,73.17,45.29,89.42,109.17,87.1,45.29
84.775,29.032,24.39,77.81,116.13,74.32,61.55,87.1,116.13,87.1,51.1
85.93,29.03,22.06,85.93,116.12,73.16,95.22,76.64,116.12,82.45,61.54
90.566,25.544,22.06,116.11,116.11,58.06,90.57,73.15,116.11,88.24,59.22
88.234,20.898,19.74,116.1,116.1,58.05,90.56,70.82,116.1,82.43,55.73
116.082,20.895,20.89,116.08,116.08,60.36,89.38,67.33,116.08,116.08,58.04
116.064,20.892,19.73,116.06,116.06,114.9,90.53,56.87,116.06,116.06,63.84
116.044,23.209,20.89,116.04,116.04,114.88,63.82,55.7,116.04,116.04,66.15
116.022,23.204,24.36,116.02,116.02,116.02,61.49,56.85,116.02,116.02,48.73
115.997,19.719,24.36,116,116,90.48,64.96,76.56,116,116,48.72
115.97,20.875,24.35,115.97,115.97,91.62,78.86,74.22,115.97,111.33,52.19
115.94,24.347,20.87,115.94,115.94,91.59,59.13,68.4,111.3,107.82,73.04
51,24.341,22.02,115.91,115.91,91.57,98.52,67.23,107.8,82.3,77.66
54.461,25.492,18.54,115.87,115.87,93.86,98.49,64.89,106.6,82.27,95.02
54.444,25.484,17.38,103.1,115.84,96.15,98.46,55.6,66.03,84.56,94.99
55.584,25.476,18.53,101.9,115.8,115.8,98.43,57.9,77.59,85.69,94.96
53.249,25.467,17.36,101.87,82.19,115.76,74.09,97.24,78.72,76.4,94.92
68.272,23.143,18.51,114.56,98.36,115.72,77.53,97.2,91.42,77.53,94.89
62.462,23.134,18.51,113.36,94.85,115.67,76.34,97.16,97.16,72.87,71.72
94.81,24.281,18.5,58.97,93.65,115.62,72.84,97.12,95.97,50.87,68.22
97.081,24.27,18.49,57.79,94.77,115.57,54.32,91.3,104.02,49.7,62.41
97.037,23.104,18.48,47.36,94.73,115.52,54.29,91.26,102.81,77.4,58.92
96.991,23.093,18.47,115.47,91.22,115.47,51.96,91.22,102.76,72.74,94.68
96.943,24.236,19.62,115.41,91.17,115.41,53.09,91.17,46.16,20.77,99.25
93.433,25.377,18.46,115.35,101.51,115.35,56.52,96.89,46.14,21.92,103.81
89.924,25.363,17.29,115.29,89.92,115.29,81.85,99.15,50.73,21.9,107.22
89.874,24.197,17.28,115.22,51.85,115.22,54.16,99.09,49.55,27.65,110.61
89.823,24.183,17.27,115.16,52.97,115.16,47.21,99.04,48.37,25.33,115.16
81.713,24.169,17.26,115.09,57.54,112.79,46.04,97.83,48.34,24.17,115.09
90.864,23.004,17.25,115.02,56.36,110.42,46.01,97.77,47.16,25.3,115.02
86.209,24.139,17.24,114.95,56.32,111.5,57.47,103.45,35.63,25.29,114.95
87.301,25.271,17.23,114.87,52.84,111.42,50.54,89.6,33.31,24.12,114.87
92.982,27.55,17.22,114.79,53.95,90.69,52.8,86.09,73.47,28.7,114.79
91.77,21.795,17.21,114.71,52.77,87.18,47.03,83.74,75.71,28.68,114.71
90.558,18.341,18.34,114.63,51.58,87.12,44.71,84.83,71.07,28.66,114.63
97.364,21.764,16.04,114.55,50.4,63,44.67,88.2,40.09,29.78,114.55
95.001,21.747,16.02,114.46,51.51,59.52,48.07,86.99,41.21,27.47,114.46
99.502,19.443,18.3,114.37,50.32,59.47,46.89,84.63,44.6,27.45,114.37
99.423,23.999,19.43,114.28,50.28,89.14,46.85,82.28,25.14,30.86,114.28
99.341,25.121,18.27,114.19,49.1,86.78,47.96,81.07,23.98,29.69,114.19
100.399,43.354,18.25,102.68,49.06,88.99,44.49,82.14,25.1,31.95,114.09
108.292,43.317,18.24,107.15,50.16,87.77,77.51,70.67,23.94,31.92,113.99
102.502,42.14,19.36,110.47,41,87.7,86.56,74.03,23.92,29.61,113.89
92.169,44.378,17.07,111.51,40.96,86.48,78.51,63.72,22.76,29.59,113.79
72.758,48.884,17.05,111.41,38.65,86.4,52.29,69.35,21.6,29.56,113.68
69.282,55.653,18.17,113.58,37.48,86.32,51.11,70.42,20.44,29.53,113.58
53.33,88.505,18.15,113.47,37.44,66.95,48.79,74.89,20.42,28.37,82.83
83.883,87.284,17,113.36,36.27,65.75,47.61,74.81,18.14,27.21,82.75
83.799,87.196,16.99,113.24,62.28,62.28,48.69,71.34,20.38,27.18,75.87
76.926,92.763,16.97,113.13,59.96,45.25,42.99,61.09,18.1,38.46,104.08
75.715,87.016,16.95,113.01,59.89,39.55,40.68,94.93,18.08,42.94,101.71
66.603,86.923,16.93,112.89,57.57,36.12,46.28,93.7,18.06,47.41,101.6
72.169,87.956,19.17,112.76,57.51,36.08,41.72,91.34,18.04,53,101.49
69.836,77.721,18.02,112.64,55.19,36.04,50.69,91.24,18.02,50.69,101.38
83.259,75.383,15.75,112.51,55.13,37.13,48.38,90.01,18,46.13,101.26
70.801,70.801,14.61,112.38,56.19,38.21,52.82,100.02,17.98,41.58,103.39
84.188,72.963,16.84,106.64,53.88,38.17,65.11,99.9,19.08,44.9,76.33
79.603,72.876,15.7,111,52.69,38.12,96.42,108.75,19.06,44.85,103.15
94.064,71.668,15.68,111.98,51.51,38.07,98.54,110.86,20.16,48.15,108.62
92.829,72.698,13.42,111.84,44.74,38.03,96.18,109.61,23.49,48.09,111.84
101.649,78.191,12.29,111.7,45.8,37.98,92.71,106.12,25.69,53.62,111.7
102.634,79.207,11.16,111.56,45.74,37.93,92.59,102.63,30.12,55.78,104.87
103.615,76.876,11.14,98.04,47.91,45.68,81.33,100.27,30.08,46.79,104.73
101.253,77.887,10.01,101.25,46.73,43.39,86.79,104.59,24.48,50.07,85.68
100.006,83.338,10,100.01,45.56,46.67,52.23,103.34,28.89,50,84.45
100.979,97.65,8.88,100.98,61.03,47.72,61.03,104.31,26.63,95.43,84.33
97.515,110.812,8.86,98.62,95.3,46.54,63.16,103.06,28.81,84.22,83.11
97.378,110.656,8.85,85.21,94.06,46.48,61.97,107.34,28.77,84.1,88.53
96.133,110.498,8.84,89.5,88.4,46.41,60.77,106.08,29.83,49.72,90.61
95.994,110.338,9.93,110.34,88.27,43.03,64,84.96,28.69,49.65,93.79
94.751,110.175,8.81,110.18,89.24,36.36,68.31,72.72,29.75,42.97,88.14
94.609,110.011,9.9,110.01,91.31,38.5,71.51,96.81,30.8,52.81,81.41
102.155,109.844,9.89,109.84,85.68,42.84,43.94,90.07,31.85,42.84,77.99
99.804,109.675,9.87,109.67,85.55,42.77,42.77,89.93,30.71,44.97,106.38
108.409,109.504,8.76,109.5,109.5,50.37,33.95,89.79,38.33,45.99,77.75
108.237,109.33,8.75,109.33,109.33,49.2,34.99,89.65,40.45,47.01,60.13
103.697,109.155,9.82,109.15,109.15,51.3,38.2,89.51,40.39,45.85,56.76
104.618,108.977,9.81,108.98,108.98,51.22,37.05,88.27,38.14,46.86,57.76
108.798,108.798,11.97,108.8,108.8,52.22,34.82,88.13,35.9,39.17,66.37
108.616,108.616,11.95,108.62,108.62,64.08,34.76,87.98,36.93,38.02,101.01
108.432,108.432,13.01,108.43,108.43,75.9,34.7,87.83,33.61,40.12,96.5
108.246,108.246,12.99,108.25,108.25,95.26,29.23,82.27,49.79,42.22,92.01
108.057,108.057,15.13,108.06,108.06,84.28,28.09,82.12,49.71,42.14,92.93
107.867,107.867,14.02,107.87,107.87,85.21,28.05,84.14,39.91,38.83,85.21
107.674,107.674,17.23,107.67,107.67,90.45,28,92.6,41.99,37.69,64.6
107.48,107.48,16.12,107.48,107.48,89.21,26.87,92.43,38.69,36.54,85.98
107.283,107.283,16.09,107.28,107.28,89.04,25.75,94.41,38.62,35.4,107.28
107.084,107.084,13.92,107.08,107.08,107.08,24.63,88.88,38.55,34.27,107.08
106.883,106.883,13.89,106.88,106.88,105.81,24.58,89.78,39.55,96.19,106.88
106.68,106.68,13.87,106.68,106.68,104.55,24.54,90.68,39.47,96.01,106.68
106.475,106.475,15.97,106.48,106.48,87.31,24.49,86.24,42.59,94.76,106.48
106.268,106.268,14.88,106.27,106.27,88.2,20.19,86.08,42.51,89.27,106.27
106.059,106.059,19.09,106.06,106.06,88.03,20.15,85.91,72.12,85.91,106.06
105.847,105.847,21.17,105.85,105.85,98.44,20.11,84.68,70.92,87.85,105.85
105.634,105.634,20.07,105.63,105.63,100.35,20.07,84.51,70.77,86.62,105.63
105.419,105.419,18.98,105.42,105.42,102.26,20.03,84.33,56.93,85.39,99.09
105.201,105.201,18.94,105.2,105.2,102.05,19.99,84.16,56.81,85.21,97.84
102.882,104.981,19.95,104.98,104.98,98.68,18.9,83.99,50.39,96.58,102.88
102.665,104.76,19.9,104.76,104.76,99.52,19.9,54.48,34.57,95.33,103.71
97.219,104.536,20.91,104.54,104.54,94.08,20.91,43.91,34.5,94.08,67.95
100.138,104.311,27.12,101.18,104.31,94.92,21.91,46.94,35.47,94.92,63.63
96.797,104.083,30.18,104.08,104.08,87.43,19.78,45.8,34.35,93.67,64.53
93.468,103.853,30.12,103.85,103.85,89.31,19.73,51.93,25.96,93.47,63.35
94.295,99.476,29.01,103.62,98.44,88.08,20.72,56.99,26.94,93.26,64.25
96.15,103.388,29.98,103.39,94.08,87.88,18.61,47.56,27.91,93.05,65.13
95.931,103.152,27.85,103.15,99.03,88.71,18.57,46.42,26.82,92.84,79.43
99.827,102.914,27.79,102.91,98.8,86.45,19.55,55.57,21.61,69.98,79.24
101.648,102.674,30.8,102.67,100.62,99.59,22.59,52.36,21.56,57.5,72.9
102.432,102.432,31.75,102.43,58.39,96.29,27.66,53.26,23.56,50.19,90.14
102.189,102.189,31.68,102.19,58.25,96.06,28.61,58.25,24.53,54.16,98.1
101.943,101.943,29.56,101.94,56.07,94.81,33.64,59.13,25.49,49.95,96.85
101.695,101.695,31.53,101.7,70.17,94.58,31.53,56.95,25.42,51.86,95.59
101.446,89.272,32.46,99.42,66.95,94.34,31.45,55.8,25.36,49.71,94.34
101.194,88.039,28.33,100.18,65.78,85,31.37,55.66,24.29,47.56,94.11
100.941,87.818,28.26,100.94,64.6,84.79,29.27,51.48,23.22,47.44,93.87
100.685,63.432,29.2,100.69,59.4,85.58,25.17,50.34,21.14,45.31,93.64
100.428,63.269,34.15,100.43,59.25,85.36,23.1,50.21,18.08,45.19,93.4
100.168,40.067,35.06,100.17,59.1,61.1,23.04,49.08,18.03,45.08,60.1
99.907,38.964,33.97,99.91,53.95,99.91,21.98,49.95,17.98,27.97,60.94
99.644,37.865,35.87,99.64,75.73,99.64,21.92,45.84,16.94,26.9,78.72
98.385,35.776,35.78,99.38,75.53,99.38,32.79,40.75,16.89,26.83,74.53
98.12,36.671,36.67,99.11,71.36,85.24,31.72,40.64,17.84,26.76,74.33
98.843,36.572,30.64,98.84,67.21,85.99,31.63,40.53,17.79,24.71,74.13
98.572,41.4,27.6,98.57,68.01,85.76,31.54,40.41,17.74,24.64,77.87
93.384,42.269,25.56,98.3,58.98,85.52,23.59,39.32,18.68,49.15,77.66
93.123,44.111,27.45,98.02,50.97,84.3,23.53,35.29,16.66,53.91,73.52
96.771,43.009,27.37,97.75,50.83,80.15,23.46,36.17,16.62,51.81,74.29
97.47,42.887,25.34,97.47,50.68,79.93,25.34,35.09,19.49,52.63,74.08
97.19,41.791,24.3,97.19,52.48,78.72,25.27,54.43,43.74,52.48,66.09
94.969,43.608,23.26,96.91,51.36,78.5,21.32,60.08,43.61,53.3,91.09
91.792,45.413,24.16,92.76,49.28,57.97,22.22,64.74,43.48,57.01,91.79
82.851,43.352,25.05,91.52,48.17,57.8,22.16,64.55,47.21,65.51,91.52
77.801,43.223,24.97,66.27,60.51,54.75,21.13,66.27,47.06,86.45,95.09
63.202,43.092,22.98,79.48,66.08,54.58,22.98,67.03,44.05,90.02,95.76
46.78,31.505,23.87,79.24,54.42,47.73,22.91,33.41,36.28,89.74,95.47
47.588,30.457,24.75,95.18,58.06,50.44,22.84,34.26,40.93,88.51,95.18
45.543,32.26,24.67,94.88,48.39,48.39,21.82,73.06,43.65,88.24,94.88
46.347,33.105,23.65,94.59,48.24,48.24,21.75,72.83,52.97,90.8,94.59
41.486,32.058,25.46,94.29,49.03,48.09,20.74,72.6,51.86,94.29,94.29
41.354,31.956,25.38,93.99,48.87,50.75,28.2,80.83,59.21,93.99,93.99
50.59,29.042,25.29,93.69,49.65,51.53,30.92,79.63,59.02,93.69,93.69
47.625,28.948,26.15,93.38,50.43,51.36,36.42,81.24,86.84,93.38,42.96
53.053,29.784,26.06,93.08,52.12,53.05,36.3,80.98,85.63,93.08,38.16
65.866,32.469,28.76,92.77,67.72,48.24,37.11,81.64,85.35,92.77,39.89
78.591,30.512,26.81,76.74,64.72,67.5,38.83,81.36,85.99,92.46,35.13
78.327,29.488,26.72,76.48,65.43,82.01,37.78,80.17,87.54,92.15,36.86
91.837,31.225,44.08,56.94,51.43,79.9,32.14,80.82,88.16,91.84,35.82
91.523,30.203,51.25,57.66,59.49,79.63,34.78,79.63,87.86,91.52,37.52
91.207,30.098,38.31,57.46,58.37,81.17,32.83,70.23,50.16,91.21,38.31
90.89,29.085,32.72,52.72,57.26,80.89,32.72,69.99,51.81,90.89,37.26
90.571,25.36,28.08,77.89,58.87,81.51,32.61,41.66,44.38,90.57,40.76
90.25,25.27,31.59,76.71,46.93,87.54,32.49,41.51,40.61,90.25,41.51
89.927,29.676,32.37,80.93,42.27,88.13,22.48,39.57,41.37,89.93,40.47
89.603,32.257,31.36,86.92,39.43,88.71,22.4,44.8,39.43,89.6,36.74
89.277,26.783,32.14,87.49,79.46,88.38,23.21,44.64,37.5,89.28,52.67
88.95,27.575,32.02,81.83,79.17,88.95,25.8,41.81,40.03,88.95,51.59
88.621,27.472,33.68,85.96,77.99,88.62,21.27,44.31,38.11,84.19,52.29
88.29,27.37,32.67,85.64,80.34,88.29,24.72,38.85,34.43,80.34,61.8
87.958,27.267,32.54,85.32,82.68,87.96,23.75,38.7,34.3,74.76,77.4
87.624,23.658,31.54,85,70.1,87.62,23.66,37.68,30.67,74.48,68.35
87.289,23.568,25.31,84.67,71.58,87.29,23.57,43.64,33.17,74.2,68.09
86.951,24.346,27.82,67.82,71.3,86.95,22.61,43.48,38.26,66.08,67.82
86.613,24.252,25.98,69.29,51.1,86.61,24.25,42.44,40.71,86.61,66.69
86.272,20.705,25.88,71.61,50.04,86.27,24.16,42.27,42.27,86.27,67.29
85.931,17.186,25.78,72.18,52.42,85.93,24.92,34.37,61.01,85.93,21.48
85.587,17.117,26.53,41.94,53.06,85.59,24.82,33.38,52.21,85.59,23.11
85.242,16.196,70.75,43.47,48.59,85.24,23.87,50.29,85.24,85.24,26.43
84.896,15.281,71.31,43.3,56.03,84.9,24.62,50.94,84.9,84.9,28.02
84.548,16.064,50.73,39.74,31.28,84.55,25.36,50.73,84.55,84.55,22.83
84.198,15.998,53.05,41.26,29.47,84.2,21.89,53.89,84.2,84.2,21.89
83.847,15.931,51.99,31.86,28.51,81.33,24.32,53.66,83.85,83.85,21.8
83.495,13.359,45.09,32.56,27.55,76.82,58.45,45.92,83.49,83.49,21.71
61.524,13.303,46.56,29.1,28.27,73.16,46.56,53.21,83.14,83.14,19.12
61.261,16.557,47.19,29.8,28.15,82.79,45.53,68.71,82.79,82.79,18.21
72.537,17.31,47.81,28.85,32.15,82.43,46.16,70.06,82.43,82.43,18.13
72.222,16.414,68.94,27.9,42.68,68.94,60.73,69.76,82.07,82.07,18.88
58.832,16.342,68.64,27.78,42.49,67,59.65,69.45,81.71,75.99,17.98
56.944,14.643,69.96,25.22,40.67,66.71,59.38,69.15,81.35,75.65,17.08
58.31,14.578,70.46,25.92,39.68,66.41,55.07,66.41,80.99,32.39,15.39
54.823,14.512,70.95,24.99,35.47,50.79,41.92,63.69,80.62,33.06,15.32
34.511,14.446,70.63,26.48,36.12,73.84,40.93,65.81,80.26,34.51,14.45
41.543,13.581,69.5,26.36,36.75,71.9,40.74,64.71,79.89,33.55,14.38
32.604,13.519,68.39,26.24,35.78,70.77,39.76,64.41,77.14,35.78,13.52
67.279,13.456,68.86,29.29,32.45,71.24,39.58,62.53,79.15,40.37,13.46
75.63,14.181,72.48,28.36,32.3,70.9,40.97,63.81,78.78,32.3,13.39
78.409,14.114,71.35,25.09,32.15,72.92,41.56,61.16,78.41,31.36,14.9
78.035,14.046,78.04,24.19,31.21,72.57,42.92,58.53,78.04,31.21,17.17
77.66,11.649,77.66,22.52,43.49,76.88,41.16,77.66,77.66,30.29,17.09
77.284,15.457,77.28,25.5,68.78,77.28,36.32,76.51,77.28,28.6,17
74.599,13.843,76.91,27.69,69.22,76.14,36.15,76.91,76.91,29.99,15.38
74.997,13.775,76.53,27.55,51.27,75.76,35.2,76.53,76.53,42.86,18.37
70.817,14.468,76.15,27.41,53.3,75.39,33.5,76.15,69.29,38.07,19.04
70.462,13.638,75.77,26.52,51.52,47.73,38.64,71.22,68.95,35.61,18.18
70.106,14.323,75.38,24.88,58.04,30.91,39.2,70.86,66.34,36.18,18.85
70.499,17.25,75,24,57.75,36,38.25,72,66.75,36,18
68.644,14.923,74.61,23.13,56.71,31.34,33.58,69.39,61.93,30.59,18.65
73.485,14.845,72.74,49.73,54.93,40.08,34.14,66.8,43.79,28.95,19.3
73.101,14.768,72.36,50.95,54.64,36.18,28.06,53.16,43.57,28.06,19.2
72.716,13.956,62.43,52.88,60.23,35.99,31.58,42.6,73.45,26.44,17.63
72.33,13.881,62.83,73.06,59.18,38.72,34.34,30.69,73.06,28.49,16.8
72.669,13.807,67.58,72.67,58.14,37.79,31.97,29.79,72.67,27.61,16.71
72.277,13.733,65.77,72.28,56.38,35.42,31.08,29.63,72.28,46.26,17.35
71.883,14.377,70.45,71.88,54.63,50.32,39.54,29.47,71.88,45.29,19.41
62.91,15.013,70.06,71.49,50.04,57.19,35.03,27.17,71.49,32.88,19.3
61.851,14.929,68.25,71.09,71.09,56.87,33.41,26.3,71.09,24.17,19.91
61.505,19.795,44.54,70.7,70.7,60.8,33.23,26.16,55.14,26.86,19.79
61.159,18.98,25.31,70.3,70.3,58.35,27.42,27.42,55.54,27.42,19.68
55.22,19.572,25.16,69.9,69.9,49.63,27.26,28.66,55.22,57.32,16.78
59.073,18.07,23.63,69.5,69.5,44.48,26.41,27.8,54.9,59.07,16.68
58.732,15.892,23.49,69.1,69.1,44.22,48.37,27.64,55.28,58.73,17.27
58.39,16.487,26.79,68.69,68.69,51.52,63.2,26.79,63.89,58.39,17.86
53.95,15.024,21.85,68.29,68.29,50.54,64.19,29.37,62.14,59.41,17.76
52.273,14.935,25.8,67.89,67.89,50.24,61.78,44.81,66.53,59.06,17.65
49.261,14.846,26.32,67.48,67.48,48.59,62.08,42.51,63.43,58.03,18.22
37.562,12.744,26.83,67.07,65.73,48.29,60.37,38.23,63.05,62.38,18.78
36.667,13.333,28,66.67,66.67,32,59.33,51.33,66.67,59.33,18.67
34.455,11.264,38.43,66.26,66.26,46.38,53.67,51.02,66.26,58.97,18.55
34.242,11.194,33.58,65.85,65.85,46.75,57.95,50.05,65.85,57.95,21.07
49.079,11.779,39.26,65.44,65.44,34.03,58.24,49.73,65.44,65.44,20.94
48.771,11.055,38.37,65.03,65.03,41.62,63.73,48.12,65.03,65.03,19.51
49.108,10.985,34.25,64.62,64.62,44.58,64.62,47.17,64.62,64.62,19.38
50.078,10.272,59.07,64.2,64.2,21.83,64.2,52,64.2,62.92,19.26
47.204,10.206,63.79,63.79,59.32,26.79,63.79,51.67,63.79,62.51,17.86
46.897,10.14,63.37,63.37,56.4,29.15,63.37,50.7,63.37,60.21,17.11
54.774,10.073,62.96,62.96,56.03,40.29,62.96,47.85,62.96,59.18,17.63
54.411,10.632,62.54,62.54,55.66,36.27,62.54,46.91,62.54,56.29,18.14
54.669,10.561,62.12,62.12,55.29,38.52,62.12,62.12,62.12,56.53,18.64
49.982,10.49,61.71,61.71,54.92,38.26,61.71,61.71,61.71,56.15,24.07
34.934,10.419,61.29,61.29,53.32,45.35,61.29,61.29,61.29,56.38,21.45
36.52,8.521,60.87,48.69,51.74,60.87,60.87,60.87,60.87,56,20.09
34.454,8.463,60.45,48.36,50.78,60.45,53.19,60.45,60.45,56.22,19.95
34.815,8.404,60.03,51.02,52.22,60.03,52.82,60.03,60.03,55.82,19.81
34.57,8.344,48.28,50.66,35.17,59.6,59.6,59.6,59.6,55.43,19.67
32.549,8.285,47.94,49.71,36.1,59.18,59.18,59.18,59.18,30.18,19.53
32.316,8.226,47.59,49.36,24.68,58.76,58.76,58.76,58.76,20.56,20.56
33.833,8.75,55.42,49.58,27.42,58.33,58.33,58.33,58.33,19.83,20.42
31.27,9.265,55.59,48.64,26.64,57.91,57.91,57.91,57.91,16.79,19.11
27.591,8.622,54.03,38.51,25.87,54.61,57.48,57.48,57.48,16.67,19.54
14.264,8.558,51.92,38.23,26.25,54.2,57.06,57.06,57.06,15.98,17.69
16.989,9.627,52.1,38.51,26.62,52.66,56.63,56.63,56.63,16.99,17.55
16.298,9.554,51.14,42.71,26.98,52.83,56.2,56.2,56.2,15.17,17.42
16.174,8.924,55.77,49.08,12.83,52.98,55.77,55.77,55.77,29.56,17.29
15.496,8.302,55.34,41.51,12.73,55.34,55.34,55.34,54.79,32.1,16.6
16.475,8.237,54.92,41.19,12.08,54.92,54.92,54.92,54.37,31.85,15.93
14.166,7.628,54.49,26.7,10.9,54.49,54.49,54.49,53.94,27.79,15.26
14.054,8.649,54.05,11.89,11.89,54.05,54.05,54.05,43.78,24.87,16.76
15.015,8.044,53.62,13.94,10.72,53.62,53.09,53.62,28.42,25.2,16.09
15.958,7.979,53.19,12.77,10.64,53.19,53.19,53.19,36.7,22.34,15.43
16.356,7.914,52.76,12.13,9.5,52.76,52.76,52.23,39.57,22.69,16.36
16.222,7.326,52.33,12.56,8.9,52.33,52.33,51.28,39.25,34.01,15.7
30.618,8.303,51.9,12.97,8.82,51.9,51.9,50.34,39.96,42.04,15.57
26.76,7.719,51.46,18.01,8.75,51.46,51.46,47.35,42.2,41.68,16.47
22.453,7.144,51.03,35.21,8.67,51.03,51.03,47.46,41.33,41.33,17.35
21.25,5.565,50.59,21.76,9.11,43.01,50.59,47.56,40.98,41.49,16.7
21.067,5.016,50.16,23.07,9.53,42.13,50.16,47.15,40.63,40.63,19.06
27.846,4.475,49.23,22.38,9.45,41.27,49.73,47.24,40.28,40.77,18.4
29.081,4.436,44.36,36.47,9.37,40.91,49.29,47.32,40.91,40.42,18.73
28.824,3.908,43.97,38.6,9.28,44.95,48.85,46.9,41.04,36.15,17.59
23.725,4.358,44.06,38.25,8.72,38.25,48.42,46.97,41.64,35.83,16.95
28.79,4.798,42.71,37.91,8.16,37.91,45.58,46.54,42.23,35.51,17.27
40.89,5.23,47.55,39.46,8.08,38.04,44.69,45.64,42.32,22.35,17.12
40.515,5.653,47.11,39.1,8.01,37.22,44.28,45.7,41.93,25.91,16.96
45.273,6.068,46.67,38.74,7.93,36.87,43.87,45.27,42.01,33.14,16.34
45.774,5.548,46.24,38.84,7.86,35.14,43.92,32.83,25.89,38.84,15.72
45.8,5.954,44.88,39.85,8.24,34.81,32.52,32.52,24.27,38.47,16.49
45.362,5.443,39.92,39.92,8.62,39.47,32.21,28.58,24.5,37.65,16.78
44.925,5.391,39.53,22.46,8.09,38.64,28.75,30.1,26.51,36.39,10.78
44.487,5.338,21.8,39.59,8.45,41.82,28.03,30.25,39.59,36.48,10.68
44.05,4.845,21.14,39.2,8.37,40.09,24.67,29.51,39.64,29.07,10.13
43.612,5.67,21.37,33.58,8.29,35.76,23.11,28.35,39.25,28.78,10.9
41.447,6.476,22.45,33.24,7.77,35.4,40.15,27.2,38.86,28.06,10.79
40.599,6.838,21.8,31.2,7.27,35.47,26.5,30.77,33.33,27.78,9.4
40.606,8.883,19.88,30.88,6.77,35.95,26.22,21.15,31.3,32.57,9.73
24.698,8.791,18.42,34.33,6.7,36,23.02,21.77,33.91,32.65,9.21
23.197,8.285,26.51,31.9,6.63,31.9,21.95,21.95,33.55,26.1,9.11
22.132,8.197,29.1,27.46,7.38,25.82,22.13,21.31,32.79,10.25,8.61
25.139,8.109,31.22,28.79,7.7,19.46,24.33,22.3,32.84,9.73,8.11
24.467,8.022,29.28,36.9,7.22,18.85,18.45,21.66,25.27,9.63,8.02
31.738,7.538,28.96,28.56,6.74,17.46,18.65,21.42,24.2,12.7,7.14
31.388,7.847,31.78,31.39,6.67,17.26,18.05,21.58,22.76,12.56,7.06
31.038,6.984,31.43,31.81,5.82,29.87,17.46,14.36,23.28,12.42,7.37
30.688,6.905,13.04,31.84,4.6,31.46,17.26,14.19,25.32,12.28,7.67
31.856,6.826,13.27,30.34,4.55,33.37,12.51,14.41,25.03,12.51,7.58
31.114,7.123,13.12,31.11,4.5,34.49,12.37,13.5,28.12,12.75,8.25
33.716,6.669,12.6,31.86,4.82,31.49,12.23,13.34,24.82,12.6,8.15
33.32,6.591,12.08,31.49,4.39,32.59,12.08,16.11,18.31,12.82,7.32
35.094,6.512,12.3,30.75,4.34,31.84,11.58,16.28,15.92,13.75,7.24
35.029,5.719,12.51,30.38,4.29,25.38,11.8,17.51,14.66,13.94,7.15
34.603,5.649,18.71,30.72,4.94,24.36,11.65,18.01,14.12,12.36,8.47
34.177,5.58,17.79,18.83,4.53,24.41,11.86,17.44,13.95,12.21,8.37
17.565,4.822,16.53,17.91,4.48,19.29,11.71,14.12,13.78,9.99,7.58
17.004,5.441,16.66,18.7,4.08,15.64,11.9,13.94,12.58,10.54,6.12
33.574,5.036,26.19,18.13,4.36,33.57,11.75,14.44,11.08,10.74,6.38
33.141,4.971,25.52,16.9,3.65,33.14,10.94,14.91,11.6,10.27,6.63
32.709,4.252,25.19,20.28,3.27,32.71,9.16,16.03,12.76,10.47,12.1
32.278,4.519,24.85,19.04,3.23,30.34,10.01,14.85,11.94,10.65,11.94
31.847,4.777,26.11,31.85,3.18,29.62,9.87,14.01,11.78,10.83,11.15
31.416,4.398,26.08,31.42,3.14,29.85,9.11,13.19,11,12.25,9.74
30.987,4.338,25.72,30.99,3.1,27.58,28.51,13.63,10.85,12.08,9.61
30.558,3.972,25.67,30.25,2.75,27.2,29.03,13.75,10.7,11,9.78
30.129,4.218,25.01,29.83,2.71,26.82,21.39,13.56,10.85,11.75,9.64
29.702,5.94,27.03,29.4,2.67,10.4,21.98,13.66,19.6,11.58,9.5
29.275,7.319,24.01,29.28,2.93,9.66,14.34,14.34,15.81,21.66,10.54
23.656,6.635,23.66,28.85,2.88,9.81,14.14,13.85,18.75,13.56,10.1
22.739,6.538,23.02,28.42,2.27,9.38,14.21,13.64,19.9,13.64,9.1
23.24,6.72,22.96,28,2.52,9.8,14.56,12.6,18.48,7,8.68
23.44,6.343,25.37,27.58,2.48,9.65,14.06,12.41,18.48,5.79,8.55
23.081,6.245,21.18,27.15,2.72,9.5,18.46,12.49,19.55,6.25,8.69
24.059,6.148,25.13,26.73,2.14,8.02,18.98,12.83,16.31,6.42,8.29
23.681,6.052,24.73,26.31,2.1,8.16,22.37,12.63,15.79,6.05,8.42
23.563,5.955,22.53,18.64,2.07,10.88,22.01,20.71,16.83,6.73,8.29
22.672,5.35,22.42,17.83,2.29,11.46,21.91,19.36,16.81,6.37,6.62
22.552,5.011,22.05,17.04,2.51,11.28,19.04,15.03,10.52,6.26,7.52
22.177,4.435,21.44,16.51,2.71,9.61,18.73,14.78,9.61,6.41,7.64
22.046,4.845,21.32,14.78,2.66,9.69,19.14,14.29,9.69,7.75,7.03
23.575,5.001,20,13.34,2.62,23.81,18.81,13.57,10.95,6.67,6.91
23.167,4.914,19.42,15.44,2.57,23.4,18.02,14.04,10.3,6.79,7.02
22.07,5.058,18.16,16.32,2.3,22.99,18.85,8.51,10.12,6.44,7.13
20.774,4.968,18.06,15.58,2.03,22.58,19.42,8.35,9.71,6.32,7.23
19.511,4.878,17.74,14.41,2.44,22.17,19.29,7.98,9.98,6.43,6.87
18.936,5.006,10.66,14.37,2.61,21.77,18.94,7.84,9.36,5.88,5.88
16.447,4.699,10.68,15.81,2.56,21.36,18.37,8.12,8.76,5.77,5.55
16.136,5.029,6.29,15.51,2.51,20.96,18.02,8.38,7.96,18.65,3.98
15.826,4.933,5.55,19.12,2.47,20.55,17.88,8.22,6.99,17.47,3.91
15.518,5.24,5.64,20.15,2.62,10.28,12.9,8.06,7.05,17.13,3.83
11.852,4.939,5.93,19.75,2.57,8.3,12.84,8.49,6.91,12.05,3.95
11.808,5.226,6.39,19.36,2.71,7.74,12.58,9.1,6.97,7.55,3.68
11.377,6.068,6.26,18.96,2.46,7.02,12.7,7.58,6.83,7.58,6.45
11.141,5.385,5.76,18.57,2.6,9.28,10.95,7.98,6.5,8.36,5.94
10.905,4.907,5.09,18.18,2.54,11.27,18.18,8.18,6,7.09,6.18
8.359,4.802,4.45,17.79,2.67,4.62,17.79,8,5.87,6.94,5.69
8.177,4.523,4.87,17.22,2.61,4.35,17.22,8,5.74,7.13,6.09
7.995,4.253,5.1,14.12,2.55,4.25,17.01,6.63,5.61,6.63,6.12
7.316,4.323,4.99,13.8,2.49,4.16,16.63,6.65,5.99,7.32,6.65
8.285,3.736,6.66,13.81,2.27,4.06,16.25,6.5,5.85,6.34,8.77
6.981,3.649,6.98,15.87,2.54,4.13,15.87,6.03,5.71,5.87,5.55
6.815,4.027,6.81,15.49,2.48,3.87,15.49,12.7,5.58,5.73,4.8
6.801,3.929,6.35,15.11,2.57,3.48,14.81,12.24,5.44,9.97,4.68
9.728,3.832,6.04,11.5,2.36,3.24,13.85,12.09,5.16,8.55,4.86
8.477,3.592,5.89,10.78,2.3,2.73,13.51,10.78,6.18,8.19,4.89
8.26,3.5,10.92,10.92,2.24,3.08,13.02,10.64,6.3,7.84,4.9
8.044,3.409,11.04,10.63,2.18,3,12.82,4.91,6.14,7.91,4.77
13.271,3.451,11.41,11.68,2.12,3.32,12.87,4.78,5.97,7.7,5.18
12.911,3.357,11.1,10.46,2.19,3.36,12.52,5.04,5.68,7.23,5.16
12.553,3.264,10.8,9.29,2.26,2.89,12.3,5.27,5.27,7.41,4.64
12.197,3.171,10.37,8.9,2.2,9.39,11.47,5.12,4.88,6.83,4.15
11.845,3.08,10.07,8.65,2.01,9.12,11.25,4.74,6.99,5.69,4.15
10.576,3.104,10.12,9.77,1.84,8.51,11.04,4.14,11.04,5.86,4.6
7.358,3.01,9.81,9.81,1.9,8.36,10.81,4.01,10.48,5.91,4.46
6.267,2.917,9.4,9.4,1.94,8,9.51,3.89,10.59,5.51,4.21
9.209,3.035,9.52,10.36,1.88,6.38,9.84,3.56,10.15,4.5,4.08
9.317,3.038,9.01,9.92,2.13,6.18,9.22,3.24,9.92,3.14,4.05
9.206,2.644,6.17,9.6,1.96,5.39,9.6,3.23,9.79,3.62,4.02
9.273,2.271,5.11,6.53,1.7,5.2,9.37,3.31,9.46,3.31,4.83
8.952,2.101,4.66,7.03,1.46,5.21,8.95,3.38,9.13,3.65,5.48
3.877,2.026,4.58,6.43,1.5,3.08,8.63,3.35,8.81,2.56,4.49
3.736,1.783,4.25,6.54,1.44,2.8,8.32,3.31,8.49,2.55,4.08
3.024,1.798,4.25,7.11,1.31,2.62,7.68,3.27,8.17,2.21,4.33
2.908,1.729,4.48,6.92,1.18,2.67,7.39,2.75,7.86,1.96,7.55
2.869,1.661,4.08,6.72,1.21,2.57,7.17,2.64,7.55,2.42,7.17
2.753,1.594,4.27,6.74,1.23,2.32,6.59,3.19,7.24,2.39,6.81
2.708,1.458,4.3,6.25,1.18,2.15,3.47,3.19,6.94,2.57,6.94
2.791,1.329,4.32,5.58,1.13,2.59,3.26,3.99,6.65,2.53,6.65
2.541,1.334,4.13,2.86,1.02,3.68,2.99,4,6.35,4.38,6.35
2.275,1.168,3.93,2.46,1.05,3.69,2.83,3.75,6.15,4.98,6.15
2.245,1.213,4,2.24,1.21,2.97,3.22,4.25,6.07,4.91,6.07
2.275,1.197,4.13,2.21,1.2,2.81,3.05,4.97,5.99,4.91,5.99
2.007,1.063,4.07,2.13,1,2.48,3.07,4.55,5.9,1.48,5.84
1.921,1.048,4.02,2.39,1.16,2.33,3.03,4.48,5.82,1.57,5.7
2.065,0.975,3.73,2.18,1.09,1.84,2.81,2.35,5.74,1.61,5.1
2.091,0.961,3.22,2.09,1.13,1.81,2.09,2.26,5.65,3.33,5.03
2.059,0.946,5.01,2.23,1.06,1.73,2,2.62,5.56,2.17,4.95
3.834,0.931,4.33,3.72,1.1,1.64,1.92,2.68,5.48,2.36,4.82
3.288,0.97,4.47,3.93,1.13,1.62,5.07,2.64,5.39,2.37,4.04
2.544,1.06,4.4,5.3,1.11,1.64,4.82,2.54,5.3,2.49,4.19
2.553,1.094,4.27,5.21,0.89,1.62,4.74,2.5,5.21,2.5,3.96
2.304,1.075,4.15,5.12,0.97,1.64,4.51,1.95,5.12,2.56,4.25
2.263,1.056,4.02,5.03,0.96,2.06,4.42,1.91,5.03,4.02,4.27
2.122,1.086,4.29,4.94,1.09,1.97,3.31,1.83,4.94,4,4.15
2.082,1.114,4.21,4.55,1.21,1.55,3.34,1.84,4.84,3.92,4.07
2.326,0.997,4.13,4.51,1.28,1.47,3.37,1.61,4.75,3.85,3.94
2.279,0.977,3.63,4.37,1.26,1.44,3.58,3.63,4.65,3.72,3.91
2.277,0.956,3.64,4.28,4.1,1.32,2.73,3.51,4.55,3.69,3.83
2.139,0.802,3.43,4.19,3.97,1.25,2.67,4.37,4.46,3.57,3.79
2.223,0.654,3.57,4.1,4.05,1.39,4.01,4.05,4.36,3.62,3.66
2.214,0.596,3.49,4,3.96,1.36,4,3.96,4.26,3.62,3.58
1.996,0.707,3.49,4.03,3.87,1.33,3.91,3.49,4.16,3.49,3.49
1.42,0.69,3.33,3.93,3.73,1.3,3.77,3.41,3.98,3.41,3.41
1.423,0.83,3.2,3.84,3.64,1.5,3.72,3.32,3.8,3.32,3.32
1.386,0.809,3.85,3.7,2.19,1.62,3.62,3.23,3.77,3.77,3.23
1.386,0.824,3.75,3.63,2.1,1.35,1.8,3.41,3.75,3.75,1.99
1.384,0.801,3.64,3.64,1.46,1.57,1.82,3.24,3.64,3.64,2.04
1.308,0.778,3.54,3.54,1.52,1.7,1.84,3.11,3.54,3.54,2.02
1.303,0.754,3.43,3.43,1.51,1.61,1.58,2.98,3.43,3.43,1.95
1.129,0.598,3.32,3.32,1.43,1.46,1.56,3.16,3.32,3.32,1.96
1.125,0.386,3.21,3.21,1.45,1.19,1.48,2.99,3.21,3.21,1.83
1.117,0.404,3.1,3.1,2.08,1.06,1.61,2.89,3.1,3.1,1.65
1.018,0.389,2.99,2.99,1.29,1.14,1.53,2.81,2.99,2.99,1.59
0.923,0.404,2.88,2.6,1.3,1.36,0.72,2.71,2.74,1.76,1.5
0.86,0.388,2.77,2.33,1.25,1.69,0.72,2.77,2.64,1.61,1.39
0.826,0.346,2.66,2.24,1.23,1.6,0.64,2.66,2.66,2.34,1.36
0.791,0.332,2.55,2.14,1.15,1.63,0.54,2.55,2.55,2.25,0.71
2.246,0.366,2.44,2.05,1.1,1.59,0.46,2.44,2.44,1.68,0.71
2.329,0.303,2.33,1.96,1.05,1.51,0.44,2.33,2.33,1.47,0.72
2.218,0.311,2.22,1.73,1.29,1.38,0.53,1.73,2.22,1.02,0.71
2.107,0.295,2.11,1.62,1.9,1.26,0.44,1.64,2.11,1.1,0.65
1.996,0.299,1.84,1.52,1.94,0.96,0.42,0.92,2,1.1,0.62
1.885,0.283,1.75,1.55,1.81,0.94,0.38,0.98,1.88,1.49,0.57
1.775,0.249,1.65,1.44,1.72,0.89,0.37,0.89,1.78,1.4,0.6
1.666,0.267,1.4,1.33,1.62,0.78,0.35,0.85,1.67,1.22,0.45
1.558,0.312,1.29,1.25,1.56,0.75,0.3,0.76,1.56,1.12,0.48
1.451,0.29,1.23,1.16,1.45,0.45,0.29,0.7,1.45,0.96,0.45
1.346,0.269,1.06,1.08,1.35,0.42,0.27,0.66,1.35,0.94,1.17
1.242,0.286,0.98,0.96,1.24,0.4,0.24,0.83,1.24,0.65,1.07
1.14,0.262,0.98,0.92,1.14,0.36,0.19,0.74,0.99,0.6,0.97
1.041,0.271,0.9,0.86,1.04,0.33,0.18,0.69,0.91,0.56,0.88
0.944,0.236,0.79,0.77,0.94,0.31,0.16,0.62,0.81,0.48,0.82
0.851,0.213,0.72,0.71,0.85,0.27,0.14,0.8,0.72,0.44,0.74
0.76,0.182,0.69,0.62,0.76,0.25,0.14,0.71,0.58,0.41,0.64
0.674,0.168,0.62,0.57,0.67,0.22,0.11,0.67,0.49,0.36,0.57
0.591,0.154,0.55,0.49,0.59,0.2,0.12,0.59,0.33,0.34,0.5
0.513,0.128,0.49,0.42,0.51,0.19,0.11,0.51,0.32,0.29,0.44
0.439,0.114,0.28,0.36,0.44,0.17,0.1,0.44,0.29,0.24,0.38
0.238,0.093,0.23,0.3,0.27,0.14,0.08,0.37,0.2,0.26,0.32
0.2,0.093,0.16,0.25,0.17,0.25,0.07,0.31,0.17,0.24,0.27
0.151,0.096,0.13,0.15,0.13,0.2,0.05,0.25,0.16,0.2,0.22
0.134,0.076,0.12,0.05,0.1,0.17,0.04,0.2,0.07,0.17,0.17
0.155,0.059,0.1,0.04,0.08,0.11,0.03,0.16,0.05,0.06,0.13
0.115,0.045,0.07,0.03,0.08,0.11,0.03,0.12,0.04,0.04,0.1
0.084,0.037,0.06,0.02,0.05,0.08,0.02,0.09,0.03,0.03,0.07
0.059,0.026,0.03,0.01,0.02,0.05,0.01,0.06,0.02,0.02,0.05
0.038,0.015,0.03,0.01,0.01,0.03,0.01,0.04,0.01,0.02,0.03
0.024,0.01,0.02,0.01,0.01,0.02,0.01,0.02,0.01,0.01,0.02
0.014,0.006,0.01,0,0,0.01,0,0.01,0.01,0.01,0.01
0.007,0.003,0,0,0,0.01,0,0.01,0,0,0.01
0.003,0.001,0,0,0,0,0,0,0,0,0
0.001,0.001,0,0,0,0,0,0,0,0,0
0,0,0,0,0,0,0,0,0,0,0
0,0,0,0,0,0,0,0,0,0,0
0,0,0,0,0,0,0,0,0,0,0
0,0,0,0,0,0,0,0,0,0,0
0,0,0,0,0,0,0,0,0,0,0
0,0,0,0,0,0,0,0,0,0,0
0,0,0,0,0,0,0,0,0,0,0
0,0,0,0,0,0,0,0,0,0,0
0,0,0,0,0,0,0,0,0,0,0
0,0,0,0,0,0,0,0,0,0,0
0,0,0,0,0,0,0,0,0,0,0
0,0,0,0,0,0,0,0,0,0,0
0,0,0,0,0,0,0,0,0,0,0
0,0,0,0,0,0,0,0,0,0,0
0,0,0,0,0,0,0,0,0,0,0
0,0,0,0,0,0,0,0,0,0,0
0,0,0,0,0,0,0,0,0,0,0
0,0,0,0,0,0,0,0,0,0,0
0,0,0,0,0,0,0,0,0,0,0
0,0,0,0,0,0,0,0,0,0,0
0,0,0,0,0,0,0,0,0,0,0
0,0,0,0,0,0,0,0,0,0,0
0,0,0,0,0,0,0,0,0,0,0
0,0,0,0,0,0,0,0,0,0,0
0,0,0,0,0,0,0,0,0,0,0
0,0,0,0,0,0,0,0,0,0,0
0,0,0,0,0,0,0,0,0,0,0
0,0,0,0,0,0,0,0,0,0,0
0,0,0,0,0,0,0,0,0,0,0
0,0,0,0,0,0,0,0,0,0,0
0,0,0,0,0,0,0,0,0,0,0
0,0,0,0,0,0,0,0,0,0,0
0,0,0,0,0,0,0,0,0,0,0
0,0,0,0,0,0,0,0,0,0,0
0,0,0,0,0,0,0,0,0,0,0
0,0,0,0,0,0,0,0,0,0,0
0,0,0,0,0,0,0,0,0,0,0
0,0,0,0,0,0,0,0,0,0,0
0,0,0,0,0,0,0,0,0,0,0
0,0,0,0,0,0,0,0,0,0,0
0,0,0,0,0,0,0,0,0,0,0
0,0,0,0,0,0,0,0,0,0,0
0,0,0,0,0,0,0,0,0,0,0
0,0,0,0,0,0,0,0,0,0,0
0,0,0,0,0,0,0,0,0,0,0
0,0,0,0,0,0,0,0,0,0,0
0,0,0,0,0,0,0,0,0,0,0
0,0,0,0,0,0,0,0,0,0,0
0,0,0,0,0,0,0,0,0,0,0
0,0,0,0,0,0,0,0,0,0,0
0,0,0,0,0,0,0,0,0,0,0
0,0,0,0,0,0,0,0,0,0,0
0,0,0,0,0,0,0,0,0,0,0
0,0,0,0,0,0,0,0,0,0,0
0,0,0,0,0,0,0,0,0,0,0
0,0,0,0,0,0,0,0,0,0,0
0,0,0,0,0,0,0,0,0,0,0
0,0,0,0,0,0,0,0,0,0,0
0,0,0,0,0,0,0,0,0,0,0
0,0,0,0,0,0,0,0,0,0,0
0,0,0,0,0,0,0,0,0,0,0
0,0,0,0,0,0,0,0,0,0,0
0,0,0,0,0,0,0,0,0,0,0
0,0,0,0,0,0,0,0,0,0,0
0,0,0,0,0,0,0,0,0,0,0
0,0,0,0,0,0,0,0,0,0,0
0,0,0,0,0,0,0,0,0,0,0
0,0,0,0,0,0,0,0,0,0,0
0,0,0,0,0,0,0,0,0,0,0
0,0,0,0,0,0,0,0,0,0,0
0,0,0,0,0,0,0,0,0,0,0
0,0,0,0,0,0,0,0,0,0,0
0,0,0,0,0,0,0,0,0,0,0
0,0,0,0,0,0,0,0,0,0,0
0,0,0,0,0,0,0,0,0,0,0
0,0,0,0,0,0,0,0,0,0,0
0,0,0,0,0,0,0,0,0,0,0
0,0,0,0,0,0,0,0,0,0,0
0,0,0,0,0,0,0,0,0,0,0
0,0,0,0,0,0,0,0,0,0,0
0,0,0,0,0,0,0,0,0,0,0
0,0,0,0,0,0,0,0,0,0,0
0,0,0,0,0,0,0,0,0,0,0
0,0,0,0,0,0,0,0,0,0,0
0,0,0,0,0,0,0,0,0,0,0
0,0,0,0,0,0,0,0,0,0,0
0,0,0,0,0,0,0,0,0,0,0
0,0,0,0,0,0,0,0,0,0,0
0,0,0,0,0,0,0,0,0,0,0
0,0,0,0,0,0,0,0,0,0,0
0,0,0,0,0,0,0,0,0,0,0
0,0,0,0,0,0,0,0,0,0,0
0,0,0,0,0,0,0,0,0,0,0
0,0,0,0,0,0,0,0,0,0,0
0,0,0,0,0,0,0,0,0,0,0
0,0,0,0,0,0,0,0,0,0,0
0,0,0,0,0,0,0,0,0,0,0
0,0,0,0,0,0,0,0,0,0,0
0,0,0,0,0,0,0,0,0,0,0
0,0,0,0,0,0,0,0,0,0,0
0,0,0,0,0,0,0,0,0,0,0
0,0,0,0,0,0,0,0,0,0,0
0,0,0,0,0,0,0,0,0,0,0
0,0,0,0,0,0,0,0,0,0,0
0,0,0,0,0,0,0,0,0,0,0
0,0,0,0,0,0,0,0,0,0,0
0,0,0,0,0,0,0,0,0,0,0
0,0,0,0,0,0,0,0,0,0,0
0,0,0,0,0,0,0,0,0,0,0
0,0,0,0,0,0,0,0,0,0,0
0,0,0,0,0,0,0,0,0,0,0
0,0,0,0,0,0,0,0,0,0,0
0,0,0,0,0,0,0,0,0,0,0
0,0,0,0,0,0,0,0,0,0,0
0,0,0,0,0,0,0,0,0,0,0
0,0,0,0,0,0,0,0,0,0,0
0,0,0,0,0,0,0,0,0,0,0
0,0,0,0,0,0,0,0,0,0,0
0,0,0,0,0,0,0,0,0,0,0
0,0,0,0,0,0,0,0,0,0,0
0,0,0,0,0,0,0,0,0,0,0
0,0,0,0,0,0,0,0,0,0,0
0,0,0,0,0,0,0,0,0,0,0
0,0,0,0,0,0,0,0,0,0,0
0,0,0,0,0,0,0,0,0,0,0
0,0,0,0,0,0,0,0,0,0,0
0,0,0,0,0,0,0,0,0,0,0
0,0,0,0,0,0,0,0,0,0,0
0,0,0,0,0,0,0,0,0,0,0
0,0,0,0,0,0,0,0,0,0,0
0,0,0,0,0,0,0,0,0,0,0
0,0,0,0,0,0,0,0,0,0,0
0,0,0,0,0,0,0,0,0,0,0
0,0,0,0,0,0,0,0,0,0,0
0,0,0,0,0,0,0,0,0,0,0
0,0,0,0,0,0,0,0,0,0,0
0,0,0,0,0,0,0,0,0,0,0
0,0,0,0,0,0,0,0,0,0,0
0,0,0,0,0,0,0,0,0,0,0
0,0,0,0,0,0,0,0,0,0,0
0,0,0,0,0,0,0,0,0,0,0
0,0,0,0,0,0,0,0,0,0,0
0,0,0,0,0,0,0,0,0,0,0
0,0,0,0,0,0,0,0,0,0,0
0,0,0,0,0,0,0,0,0,0,0
0,0,0,0,0,0,0,0,0,0,0
0,0,0,0,0,0,0,0,0,0,0
0,0,0,0,0,0,0,0,0,0,0
0,0,0,0,0,0,0,0,0,0,0
0,0,0,0,0,0,0,0,0,0,0
0,0,0,0,0,0,0,0,0,0,0
0,0,0,0,0,0,0,0,0,0,0
0,0,0,0,0,0,0,0,0,0,0
0,0,0,0,0,0,0,0,0,0,0
0,0,0,0,0,0,0,0,0,0,0
0,0,0,0,0,0,0,0,0,0,0
0,0,0,0,0,0,0,0,0,0,0
0,0,0,0,0,0,0,0,0,0,0
0,0,0,0,0,0,0,0,0,0,0
0,0,0,0,0,0,0,0,0,0,0
0,0,0,0,0,0,0,0,0,0,0
0,0,0,0,0,0,0,0,0,0,0
0,0,0,0,0,0,0,0,0,0,0
0,0,0,0,0,0,0,0,0,0,0
0,0,0,0,0,0,0,0,0,0,0
0,0,0,0,0,0,0,0,0,0,0
0,0,0,0,0,0,0,0,0,0,0
0,0,0,0,0,0,0,0,0,0,0
0,0,0,0,0,0,0,0,0,0,0
0,0,0,0,0,0,0,0,0,0,0
0,0,0,0,0,0,0,0,0,0,0
0,0,0,0,0,0,0,0,0,0,0
0,0,0,0,0,0,0,0,0,0,0
0,0,0,0,0,0,0,0,0,0,0
0,0,0,0,0,0,0,0,0,0,0
0,0,0,0,0,0,0,0,0,0,0
0,0,0,0,0,0,0,0,0,0,0
0,0,0,0,0,0,0,0,0,0,0
0,0,0,0,0,0,0,0,0,0,0
0,0,0,0,0,0,0,0,0,0,0
0,0,0,0,0,0,0,0,0,0,0
0,0,0,0,0,0,0,0,0,0,0
0,0,0,0,0,0,0,0,0,0,0
0,0,0,0,0,0,0,0,0,0,0
0,0,0,0,0,0,0,0,0,0,0
0,0,0,0,0,0,0,0,0,0,0
0,0,0,0,0,0,0,0,0,0,0
0,0,0,0,0,0,0,0,0,0,0
0,0,0,0,0,0,0,0,0,0,0
0,0,0,0,0,0,0,0,0,0,0
0,0,0,0,0,0,0,0,0,0,0
0,0,0,0,0,0,0,0,0,0,0
0,0,0,0,0,0,0,0,0,0,0
0,0,0,0,0,0,0,0,0,0,0
0,0,0,0,0,0,0,0,0,0,0
0,0,0,0,0,0,0,0,0,0,0
0,0,0,0,0,0,0,0,0,0,0
0,0,0,0,0,0,0,0,0,0,0
0,0,0,0,0,0,0,0,0,0,0
0,0,0,0,0,0,0,0,0,0,0
0,0,0,0,0,0,0,0,0,0,0
0,0,0,0,0,0,0,0,0,0,0
0,0,0,0,0,0,0,0,0,0,0
0,0,0,0,0,0,0,0,0,0,0
0,0,0,0,0,0,0,0,0,0,0
0,0,0,0,0,0,0,0,0,0,0
0,0,0,0,0,0,0,0,0,0,0
0,0,0,0,0,0,0,0,0,0,0
0,0,0,0,0,0,0,0,0,0,0
0,0,0,0,0,0,0,0,0,0,0
0,0,0,0,0,0,0,0,0,0,0
0,0,0,0,0,0,0,0,0,0,0
0,0,0,0,0,0,0,0,0,0,0
0,0,0,0,0,0,0,0,0,0,0
0,0,0,0,0,0,0,0,0,0,0
0,0,0,0,0,0,0,0,0,0,0
0,0,0,0,0,0,0,0,0,0,0
0,0,0,0,0,0,0,0,0,0,0
0,0,0,0,0,0,0,0,0,0,0
0,0,0,0,0,0,0,0,0,0,0
0,0,0,0,0,0,0,0,0,0,0
0,0,0,0,0,0,0,0,0,0,0
0,0,0,0,0,0,0,0,0,0,0
0,0,0,0,0,0,0,0,0,0,0
0,0,0,0,0,0,0,0,0,0,0
0,0,0,0,0,0,0,0,0,0,0
0,0,0,0,0,0,0,0,0,0,0
0,0,0,0,0,0,0,0,0,0,0
0,0,0,0,0,0,0,0,0,0,0
0,0,0,0,0,0,0,0,0,0,0
0,0,0,0,0,0,0,0,0,0,0
0,0,0,0,0,0,0,0,0,0,0
0,0,0,0,0,0,0,0,0,0,0
0,0,0,0,0,0,0,0,0,0,0
0,0,0,0,0,0,0,0,0,0,0
0,0,0,0,0,0,0,0,0,0,0
0,0,0,0,0,0,0,0,0,0,0
0,0,0,0,0,0,0,0,0,0,0
0,0,0,0,0,0,0,0,0,0,0
0,0,0,0,0,0,0,0,0,0,0
0,0,0,0,0,0,0,0,0,0,0
0,0,0,0,0,0,0,0,0,0,0
0,0,0,0,0,0,0,0,0,0,0
0,0,0,0,0,0,0,0,0,0,0
0,0,0,0,0,0,0,0,0,0,0
0,0,0,0,0,0,0,0,0,0,0
0,0,0,0,0,0,0,0,0,0,0
0,0,0,0,0,0,0,0,0,0,0
0,0,0,0,0,0,0,0,0,0,0
0,0,0,0,0,0,0,0,0,0,0
0,0,0,0,0,0,0,0,0,0,0
0,0,0,0,0,0,0,0,0,0,0
0,0,0,0,0,0,0,0,0,0,0
0,0,0,0,0,0,0,0,0,0,0
0,0,0,0,0,0,0,0,0,0,0
0,0,0,0,0,0,0,0,0,0,0
0,0,0,0,0,0,0,0,0,0,0
0,0,0,0,0,0,0,0,0,0,0
0,0,0,0,0,0,0,0,0,0,0
0,0,0,0,0,0,0,0,0,0,0
0,0,0,0,0,0,0,0,0,0,0
0,0,0,0,0,0,0,0,0,0,0
0,0,0,0,0,0,0,0,0,0,0
0,0,0,0,0,0,0,0,0,0,0
0,0,0,0,0,0,0,0,0,0,0
0,0,0,0,0,0,0,0,0,0,0
0,0,0,0,0,0,0,0,0,0,0
0,0,0,0,0,0,0,0,0,0,0
0,0,0,0,0,0,0,0,0,0,0
0,0,0,0,0,0,0,0,0,0,0
0,0,0,0,0,0,0,0,0,0,0
0,0,0,0,0,0,0,0,0,0,0
0,0,0,0,0,0,0,0,0,0,0
0,0,0,0,0,0,0,0,0,0,0
0,0,0,0,0,0,0,0,0,0,0
0,0,0,0,0,0,0,0,0,0,0
0,0,0,0,0,0,0,0,0,0,0
0,0,0,0,0,0,0,0,0,0,0
0,0,0,0,0,0,0,0,0,0,0
0,0,0,0,0,0,0,0,0,0,0
0,0,0,0,0,0,0,0,0,0,0
0,0,0,0,0,0,0,0,0,0,0
0,0,0,0,0,0,0,0,0,0,0
0,0,0,0,0,0,0,0,0,0,0
0,0,0,0,0,0,0,0,0,0,0
0,0,0,0,0,0,0,0,0,0,0
0,0,0,0,0,0,0,0,0,0,0
0,0,0,0,0,0,0,0,0,0,0
0,0,0,0,0,0,0,0,0,0,0
0,0,0,0,0,0,0,0,0,0,0
0,0,0,0,0,0,0,0,0,0,0
0,0,0,0,0,0,0,0,0,0,0
0,0,0,0,0,0,0,0,0,0,0
0,0,0,0,0,0,0,0,0,0,0
0,0,0,0,0,0,0,0,0,0,0
0,0,0,0,0,0,0,0,0,0,0
0,0,0,0,0,0,0,0,0,0,0
0,0,0,0,0,0,0,0,0,0,0
0,0,0,0,0,0,0,0,0,0,0
0,0,0,0,0,0,0,0,0,0,0
0,0,0,0,0,0,0,0,0,0,0
0,0,0,0,0,0,0,0,0,0,0
0,0,0,0,0,0,0,0,0,0,0
0,0,0,0,0,0,0,0,0,0,0
0,0,0,0,0,0,0,0,0,0,0
0,0,0,0,0,0,0,0,0,0,0
0,0,0,0,0,0,0,0,0,0,0
0,0,0,0,0,0,0,0,0,0,0
0,0,0,0,0,0,0,0,0,0,0
0,0,0,0,0,0,0,0,0,0,0
0,0,0,0,0,0,0,0,0,0,0
0,0,0,0,0,0,0,0,0,0,0
0,0,0,0,0,0,0,0,0,0,0
0,0,0,0,0,0,0,0,0,0,0
0,0,0,0,0,0,0,0,0,0,0
0,0,0,0,0,0,0,0,0,0,0
0,0,0,0,0,0,0,0,0,0,0
0,0,0,0,0,0,0,0,0,0,0
0,0,0,0,0,0,0,0,0,0,0
0,0,0,0,0,0,0,0,0,0,0
0,0,0,0,0,0,0,0,0,0,0
0,0,0,0,0,0,0,0,0,0,0
0,0,0,0,0,0,0,0,0,0,0
